Giá đã qua sử dụng,Tên,Giá mới,Công nghệ CPU,Loại CPU,Tốc độ CPU,Tốc độ tối đa,RAM,Loại RAM,Tốc độ Bus RAM,Hỗ trợ RAM tối đa,Ổ cứng,Kích thước màn hình,Độ phân giải,Công nghệ màn hình,Màn hình cảm ứng,Thiết kế card,Card đồ họa,Công nghệ âm thanh,Cổng giao tiếp,Kết nối không dây,Khe đọc thẻ nhớ,Ổ đĩa quang,Webcam,Tính năng khác,Đèn bàn phím,Loại PIN,Model Adapter,Thông tin Pin,Hệ điều hành,Kích thước,Trọng lượng,Chất liệu,Thời điểm ra mắt
14.920.000₫,HP Probook 430 G6 i5 8265U/4GB/256GB/Win10 (6UX78PA),Máy mới đã ngừng kinh doanh,,,,,,,,,,,,,,,,,,,,,,,,,,,,,,,
14.920.000₫,HP Probook 430 G6 i5 8265U/4GB/256GB/Win10 (6UX78PA),Máy mới đã ngừng kinh doanh,,,,,,,,,,,,,,,,,,,,,,,,,,,,,,,
14.920.000₫,HP Probook 430 G6 i5 8265U/4GB/256GB/Win10 (6UX78PA),Máy mới đã ngừng kinh doanh,,,,,,,,,,,,,,,,,,,,,,,,,,,,,,,
14.920.000₫,HP Probook 430 G6 i5 8265U/4GB/256GB/Win10 (6UX78PA),Máy mới đã ngừng kinh doanh,,,,,,,,,,,,,,,,,,,,,,,,,,,,,,,
14.800.000₫,Lenovo IdeaPad Slim 3 14IIL05 i7 1065G7/8GB/512GB/Win10 (81WD0040VN),Máy mới đã ngừng kinh doanh,,,,,,,,,,,,,,,,,,,,,,,,,,,,,,,
15.640.000₫,Lenovo IdeaPad Slim 3 14IIL05 i7 1065G7/8GB/512GB/Win10 (81WD0040VN),Máy mới đã ngừng kinh doanh,,,,,,,,,,,,,,,,,,,,,,,,,,,,,,,
16.150.000₫,Lenovo IdeaPad Slim 3 14IIL05 i7 1065G7/8GB/512GB/Win10 (81WD0040VN),Máy mới đã ngừng kinh doanh,,,,,,,,,,,,,,,,,,,,,,,,,,,,,,,
14.680.000₫,Acer Aspire 3 A315 58 50YY i5 1135G7/8GB/512GB/Win10 (NX.AM0SV.004),Giá máy mới: 16.990.000₫,,,,,,,,,,,,,,,,,,,,,,,,,,,,,,,
14.680.000₫,Acer Aspire 3 A315 58 50YY i5 1135G7/8GB/512GB/Win10 (NX.AM0SV.004),Giá máy mới: 16.990.000₫,,,,,,,,,,,,,,,,,,,,,,,,,,,,,,,
14.570.000₫,Asus VivoBook S530FN i5 8265U/4GB/1TB/2GB MX150/Win10 (BQ128T),Máy mới đã ngừng kinh doanh,,,,,,,,,,,,,,,,,,,,,,,,,,,,,,,
14.570.000₫,Asus VivoBook A415EA i5 1135G7/8GB/512GB/Win10 (EB354T),Máy mới đã ngừng kinh doanh,,,,,,,,,,,,,,,,,,,,,,,,,,,,,,,
14.730.000₫,Asus VivoBook A415EA i5 1135G7/8GB/512GB/Win10 (EB354T),Máy mới đã ngừng kinh doanh,,,,,,,,,,,,,,,,,,,,,,,,,,,,,,,
14.400.000₫,Asus VivoBook A515EA i3 1115G4/8GB/512GB/Win10 (BN975T),Giá máy mới: 16.490.000₫,,,,,,,,,,,,,,,,,,,,,,,,,,,,,,,
14.470.000₫,Asus VivoBook A515EA i3 1115G4/8GB/512GB/Win10 (BN975T),Giá máy mới: 16.490.000₫,,,,,,,,,,,,,,,,,,,,,,,,,,,,,,,
14.470.000₫,Asus VivoBook A515EA i3 1115G4/8GB/512GB/Win10 (BN975T),Giá máy mới: 16.490.000₫,,,,,,,,,,,,,,,,,,,,,,,,,,,,,,,
14.470.000₫,Asus VivoBook A515EA i3 1115G4/8GB/512GB/Win10 (BN975T),Giá máy mới: 16.490.000₫,,,,,,,,,,,,,,,,,,,,,,,,,,,,,,,
14.470.000₫,Asus VivoBook A515EA i3 1115G4/8GB/512GB/Win10 (BN975T),Giá máy mới: 16.490.000₫,,,,,,,,,,,,,,,,,,,,,,,,,,,,,,,
14.470.000₫,Asus VivoBook A515EA i3 1115G4/8GB/512GB/Win10 (BN975T),Giá máy mới: 16.490.000₫,,,,,,,,,,,,,,,,,,,,,,,,,,,,,,,
14.470.000₫,Asus VivoBook A515EA i3 1115G4/8GB/512GB/Win10 (BN975T),Giá máy mới: 16.490.000₫,,,,,,,,,,,,,,,,,,,,,,,,,,,,,,,
14.540.000₫,Asus VivoBook A515EA i3 1115G4/8GB/512GB/Win10 (BN975T),Giá máy mới: 16.490.000₫,,,,,,,,,,,,,,,,,,,,,,,,,,,,,,,
14.540.000₫,Asus VivoBook A515EA i3 1115G4/8GB/512GB/Win10 (BN975T),Giá máy mới: 16.490.000₫,,,,,,,,,,,,,,,,,,,,,,,,,,,,,,,
14.540.000₫,Asus VivoBook A515EA i3 1115G4/8GB/512GB/Win10 (BN975T),Giá máy mới: 16.490.000₫,,,,,,,,,,,,,,,,,,,,,,,,,,,,,,,
14.540.000₫,Asus VivoBook A515EA i3 1115G4/8GB/512GB/Win10 (BN975T),Giá máy mới: 16.490.000₫,,,,,,,,,,,,,,,,,,,,,,,,,,,,,,,
14.540.000₫,Asus VivoBook A515EA i3 1115G4/8GB/512GB/Win10 (BN975T),Giá máy mới: 16.490.000₫,,,,,,,,,,,,,,,,,,,,,,,,,,,,,,,
14.620.000₫,Asus VivoBook A515EA i3 1115G4/8GB/512GB/Win10 (BN975T),Giá máy mới: 16.490.000₫,,,,,,,,,,,,,,,,,,,,,,,,,,,,,,,
14.620.000₫,Asus VivoBook A515EA i3 1115G4/8GB/512GB/Win10 (BN975T),Giá máy mới: 16.490.000₫,,,,,,,,,,,,,,,,,,,,,,,,,,,,,,,
14.620.000₫,Asus VivoBook A515EA i3 1115G4/8GB/512GB/Win10 (BN975T),Giá máy mới: 16.490.000₫,,,,,,,,,,,,,,,,,,,,,,,,,,,,,,,
14.620.000₫,Asus VivoBook A515EA i3 1115G4/8GB/512GB/Win10 (BN975T),Giá máy mới: 16.490.000₫,,,,,,,,,,,,,,,,,,,,,,,,,,,,,,,
14.690.000₫,Asus VivoBook A515EA i3 1115G4/8GB/512GB/Win10 (BN975T),Giá máy mới: 16.490.000₫,,,,,,,,,,,,,,,,,,,,,,,,,,,,,,,
14.370.000₫,HP 348 G7 i5 10210U/8GB/512GB/Win10 (9PH06PA),Máy mới đã ngừng kinh doanh,,,,,,,,,,,,,,,,,,,,,,,,,,,,,,,
14.370.000₫,Asus VivoBook A415EA i3 1115G4/8GB/32GB+512GB/Win10 (EB568T),Giá máy mới: 16.290.000₫,,,,,,,,,,,,,,,,,,,,,,,,,,,,,,,
14.370.000₫,Asus VivoBook A415EA i3 1115G4/8GB/32GB+512GB/Win10 (EB568T),Giá máy mới: 16.290.000₫,,,,,,,,,,,,,,,,,,,,,,,,,,,,,,,
14.370.000₫,Asus VivoBook A415EA i3 1115G4/8GB/32GB+512GB/Win10 (EB568T),Giá máy mới: 16.290.000₫,,,,,,,,,,,,,,,,,,,,,,,,,,,,,,,
14.370.000₫,Asus VivoBook A415EA i3 1115G4/8GB/32GB+512GB/Win10 (EB568T),Giá máy mới: 16.290.000₫,,,,,,,,,,,,,,,,,,,,,,,,,,,,,,,
14.180.000₫,Asus VivoBook Flip TP470EA i3 1115G4/4GB/512GB/Touch/Pen/Win10 (EC027T),Giá máy mới: 15.990.000₫,,,,,,,,,,,,,,,,,,,,,,,,,,,,,,,
14.140.000₫,Asus VivoBook X507UB i7 8550U/4GB/1TB/2GB MX110/Win10 (BR354T),Máy mới đã ngừng kinh doanh,,,,,,,,,,,,,,,,,,,,,,,,,,,,,,,
14.140.000₫,Asus VivoBook X507UB i7 8550U/4GB/1TB/2GB MX110/Win10 (BR354T),Máy mới đã ngừng kinh doanh,,,,,,,,,,,,,,,,,,,,,,,,,,,,,,,
14.070.000₫,HP 15 da1033TX i7 8565U/4GB/1TB/2GB MX130/Win10 (5NK26PA),Máy mới đã ngừng kinh doanh,,,,,,,,,,,,,,,,,,,,,,,,,,,,,,,
14.070.000₫,HP 15 da1033TX i7 8565U/4GB/1TB/2GB MX130/Win10 (5NK26PA),Máy mới đã ngừng kinh doanh,,,,,,,,,,,,,,,,,,,,,,,,,,,,,,,
14.070.000₫,HP 15 da1033TX i7 8565U/4GB/1TB/2GB MX130/Win10 (5NK26PA),Máy mới đã ngừng kinh doanh,,,,,,,,,,,,,,,,,,,,,,,,,,,,,,,
14.070.000₫,HP 15 da1033TX i7 8565U/4GB/1TB/2GB MX130/Win10 (5NK26PA),Máy mới đã ngừng kinh doanh,,,,,,,,,,,,,,,,,,,,,,,,,,,,,,,
14.070.000₫,HP 15 da1033TX i7 8565U/4GB/1TB/2GB MX130/Win10 (5NK26PA),Máy mới đã ngừng kinh doanh,,,,,,,,,,,,,,,,,,,,,,,,,,,,,,,
14.010.000₫,Acer Swift 3 SF314 57 52GB i5 1035G1/8GB/512GB/Win10 (NX.HJFSV.001),Máy mới đã ngừng kinh doanh,,,,,,,,,,,,,,,,,,,,,,,,,,,,,,,
14.010.000₫,Acer Swift 3 SF314 57 52GB i5 1035G1/8GB/512GB/Win10 (NX.HJFSV.001),Máy mới đã ngừng kinh doanh,,,,,,,,,,,,,,,,,,,,,,,,,,,,,,,
13.990.000₫,Lenovo IdeaPad Slim 5 14IIL05 i5 1035G1/8GB/512GB/Win10 (81YH0050VN),Máy mới đã ngừng kinh doanh,,,,,,,,,,,,,,,,,,,,,,,,,,,,,,,
13.910.000₫,HP Palivion X360 14 dh0104TU i5 8265U/4GB/1TB/Win10 (6ZF32PA),Máy mới đã ngừng kinh doanh,,,,,,,,,,,,,,,,,,,,,,,,,,,,,,,
13.910.000₫,HP Palivion X360 14 dh0104TU i5 8265U/4GB/1TB/Win10 (6ZF32PA),Máy mới đã ngừng kinh doanh,,,,,,,,,,,,,,,,,,,,,,,,,,,,,,,
13.910.000₫,HP Pavilion 15 cs2120TX i5 8265U/8GB/1TB/2GB MX130/Win10 (8AG58PA),Máy mới đã ngừng kinh doanh,,,,,,,,,,,,,,,,,,,,,,,,,,,,,,,
14.920.000₫,HP Probook 430 G6 i5 8265U/4GB/256GB/Win10 (6UX78PA),Máy mới đã ngừng kinh doanh,,,,,,,,,,,,,,,,,,,,,,,,,,,,,,,
14.920.000₫,HP Probook 430 G6 i5 8265U/4GB/256GB/Win10 (6UX78PA),Máy mới đã ngừng kinh doanh,,,,,,,,,,,,,,,,,,,,,,,,,,,,,,,
14.920.000₫,HP Probook 430 G6 i5 8265U/4GB/256GB/Win10 (6UX78PA),Máy mới đã ngừng kinh doanh,,,,,,,,,,,,,,,,,,,,,,,,,,,,,,,
14.920.000₫,HP Probook 430 G6 i5 8265U/4GB/256GB/Win10 (6UX78PA),Máy mới đã ngừng kinh doanh,,,,,,,,,,,,,,,,,,,,,,,,,,,,,,,
14.800.000₫,Lenovo IdeaPad Slim 3 14IIL05 i7 1065G7/8GB/512GB/Win10 (81WD0040VN),Máy mới đã ngừng kinh doanh,,,,,,,,,,,,,,,,,,,,,,,,,,,,,,,
15.640.000₫,Lenovo IdeaPad Slim 3 14IIL05 i7 1065G7/8GB/512GB/Win10 (81WD0040VN),Máy mới đã ngừng kinh doanh,,,,,,,,,,,,,,,,,,,,,,,,,,,,,,,
16.150.000₫,Lenovo IdeaPad Slim 3 14IIL05 i7 1065G7/8GB/512GB/Win10 (81WD0040VN),Máy mới đã ngừng kinh doanh,,,,,,,,,,,,,,,,,,,,,,,,,,,,,,,
14.680.000₫,Acer Aspire 3 A315 58 50YY i5 1135G7/8GB/512GB/Win10 (NX.AM0SV.004),Giá máy mới: 16.990.000₫,,,,,,,,,,,,,,,,,,,,,,,,,,,,,,,
14.680.000₫,Acer Aspire 3 A315 58 50YY i5 1135G7/8GB/512GB/Win10 (NX.AM0SV.004),Giá máy mới: 16.990.000₫,,,,,,,,,,,,,,,,,,,,,,,,,,,,,,,
14.570.000₫,Asus VivoBook S530FN i5 8265U/4GB/1TB/2GB MX150/Win10 (BQ128T),Máy mới đã ngừng kinh doanh,,,,,,,,,,,,,,,,,,,,,,,,,,,,,,,
14.570.000₫,Asus VivoBook A415EA i5 1135G7/8GB/512GB/Win10 (EB354T),Máy mới đã ngừng kinh doanh,,,,,,,,,,,,,,,,,,,,,,,,,,,,,,,
14.730.000₫,Asus VivoBook A415EA i5 1135G7/8GB/512GB/Win10 (EB354T),Máy mới đã ngừng kinh doanh,,,,,,,,,,,,,,,,,,,,,,,,,,,,,,,
14.400.000₫,Asus VivoBook A515EA i3 1115G4/8GB/512GB/Win10 (BN975T),Giá máy mới: 16.490.000₫,,,,,,,,,,,,,,,,,,,,,,,,,,,,,,,
14.470.000₫,Asus VivoBook A515EA i3 1115G4/8GB/512GB/Win10 (BN975T),Giá máy mới: 16.490.000₫,,,,,,,,,,,,,,,,,,,,,,,,,,,,,,,
14.470.000₫,Asus VivoBook A515EA i3 1115G4/8GB/512GB/Win10 (BN975T),Giá máy mới: 16.490.000₫,,,,,,,,,,,,,,,,,,,,,,,,,,,,,,,
14.470.000₫,Asus VivoBook A515EA i3 1115G4/8GB/512GB/Win10 (BN975T),Giá máy mới: 16.490.000₫,,,,,,,,,,,,,,,,,,,,,,,,,,,,,,,
14.470.000₫,Asus VivoBook A515EA i3 1115G4/8GB/512GB/Win10 (BN975T),Giá máy mới: 16.490.000₫,,,,,,,,,,,,,,,,,,,,,,,,,,,,,,,
14.470.000₫,Asus VivoBook A515EA i3 1115G4/8GB/512GB/Win10 (BN975T),Giá máy mới: 16.490.000₫,,,,,,,,,,,,,,,,,,,,,,,,,,,,,,,
14.540.000₫,Asus VivoBook A515EA i3 1115G4/8GB/512GB/Win10 (BN975T),Giá máy mới: 16.490.000₫,,,,,,,,,,,,,,,,,,,,,,,,,,,,,,,
14.540.000₫,Asus VivoBook A515EA i3 1115G4/8GB/512GB/Win10 (BN975T),Giá máy mới: 16.490.000₫,,,,,,,,,,,,,,,,,,,,,,,,,,,,,,,
14.540.000₫,Asus VivoBook A515EA i3 1115G4/8GB/512GB/Win10 (BN975T),Giá máy mới: 16.490.000₫,,,,,,,,,,,,,,,,,,,,,,,,,,,,,,,
14.540.000₫,Asus VivoBook A515EA i3 1115G4/8GB/512GB/Win10 (BN975T),Giá máy mới: 16.490.000₫,,,,,,,,,,,,,,,,,,,,,,,,,,,,,,,
14.620.000₫,Asus VivoBook A515EA i3 1115G4/8GB/512GB/Win10 (BN975T),Giá máy mới: 16.490.000₫,,,,,,,,,,,,,,,,,,,,,,,,,,,,,,,
14.620.000₫,Asus VivoBook A515EA i3 1115G4/8GB/512GB/Win10 (BN975T),Giá máy mới: 16.490.000₫,,,,,,,,,,,,,,,,,,,,,,,,,,,,,,,
14.620.000₫,Asus VivoBook A515EA i3 1115G4/8GB/512GB/Win10 (BN975T),Giá máy mới: 16.490.000₫,,,,,,,,,,,,,,,,,,,,,,,,,,,,,,,
14.690.000₫,Asus VivoBook A515EA i3 1115G4/8GB/512GB/Win10 (BN975T),Giá máy mới: 16.490.000₫,,,,,,,,,,,,,,,,,,,,,,,,,,,,,,,
14.370.000₫,HP 348 G7 i5 10210U/8GB/512GB/Win10 (9PH06PA),Máy mới đã ngừng kinh doanh,,,,,,,,,,,,,,,,,,,,,,,,,,,,,,,
14.370.000₫,Asus VivoBook A415EA i3 1115G4/8GB/32GB+512GB/Win10 (EB568T),Giá máy mới: 16.290.000₫,,,,,,,,,,,,,,,,,,,,,,,,,,,,,,,
14.370.000₫,Asus VivoBook A415EA i3 1115G4/8GB/32GB+512GB/Win10 (EB568T),Giá máy mới: 16.290.000₫,,,,,,,,,,,,,,,,,,,,,,,,,,,,,,,
14.370.000₫,Asus VivoBook A415EA i3 1115G4/8GB/32GB+512GB/Win10 (EB568T),Giá máy mới: 16.290.000₫,,,,,,,,,,,,,,,,,,,,,,,,,,,,,,,
14.370.000₫,Asus VivoBook A415EA i3 1115G4/8GB/32GB+512GB/Win10 (EB568T),Giá máy mới: 16.290.000₫,,,,,,,,,,,,,,,,,,,,,,,,,,,,,,,
14.140.000₫,Asus VivoBook X507UB i7 8550U/4GB/1TB/2GB MX110/Win10 (BR354T),Máy mới đã ngừng kinh doanh,,,,,,,,,,,,,,,,,,,,,,,,,,,,,,,
14.140.000₫,Asus VivoBook X507UB i7 8550U/4GB/1TB/2GB MX110/Win10 (BR354T),Máy mới đã ngừng kinh doanh,,,,,,,,,,,,,,,,,,,,,,,,,,,,,,,
14.070.000₫,HP 15 da1033TX i7 8565U/4GB/1TB/2GB MX130/Win10 (5NK26PA),Máy mới đã ngừng kinh doanh,,,,,,,,,,,,,,,,,,,,,,,,,,,,,,,
14.070.000₫,HP 15 da1033TX i7 8565U/4GB/1TB/2GB MX130/Win10 (5NK26PA),Máy mới đã ngừng kinh doanh,,,,,,,,,,,,,,,,,,,,,,,,,,,,,,,
14.070.000₫,HP 15 da1033TX i7 8565U/4GB/1TB/2GB MX130/Win10 (5NK26PA),Máy mới đã ngừng kinh doanh,,,,,,,,,,,,,,,,,,,,,,,,,,,,,,,
14.070.000₫,HP 15 da1033TX i7 8565U/4GB/1TB/2GB MX130/Win10 (5NK26PA),Máy mới đã ngừng kinh doanh,,,,,,,,,,,,,,,,,,,,,,,,,,,,,,,
14.070.000₫,HP 15 da1033TX i7 8565U/4GB/1TB/2GB MX130/Win10 (5NK26PA),Máy mới đã ngừng kinh doanh,,,,,,,,,,,,,,,,,,,,,,,,,,,,,,,
14.010.000₫,Acer Swift 3 SF314 57 52GB i5 1035G1/8GB/512GB/Win10 (NX.HJFSV.001),Máy mới đã ngừng kinh doanh,,,,,,,,,,,,,,,,,,,,,,,,,,,,,,,
14.010.000₫,Acer Swift 3 SF314 57 52GB i5 1035G1/8GB/512GB/Win10 (NX.HJFSV.001),Máy mới đã ngừng kinh doanh,,,,,,,,,,,,,,,,,,,,,,,,,,,,,,,
13.990.000₫,Lenovo IdeaPad Slim 5 14IIL05 i5 1035G1/8GB/512GB/Win10 (81YH0050VN),Máy mới đã ngừng kinh doanh,,,,,,,,,,,,,,,,,,,,,,,,,,,,,,,
13.910.000₫,HP Palivion X360 14 dh0104TU i5 8265U/4GB/1TB/Win10 (6ZF32PA),Máy mới đã ngừng kinh doanh,Intel Core i5 Coffee Lake,Loại CPU,1.60 GHz,Turbo Boost 3.9 GHz,4 GB,DDR4 (2 khe),2666 MHz,Hỗ trợ RAM tối đa,Ổ cứng,14 inch,Độ phân giải,"Wled-backlit, 60Hz, Tấm nền IPS",Màn hình cảm ứng,Card tích hợp,Card đồ họa,Công nghệ âm thanh,"HDMI, 2 x USB 3.1, USB Type-C","Wi-Fi 802.11 a/b/g/n/ac, Bluetooth 4.2",Khe đọc thẻ nhớ,Ổ đĩa quang,Webcam,Tính năng khác,Đèn bàn phím,,Model Adapter,Thông tin Pin,Windows 10 Home SL,Dài 324 mm - Rộng 222.9 mm - Dày 19.7 mm,Trọng lượng,Vỏ nhựa,2019
13.910.000₫,HP Palivion X360 14 dh0104TU i5 8265U/4GB/1TB/Win10 (6ZF32PA),Máy mới đã ngừng kinh doanh,Intel Core i5 Coffee Lake,Loại CPU,1.60 GHz,Turbo Boost 3.9 GHz,4 GB,DDR4 (2 khe),2666 MHz,Hỗ trợ RAM tối đa,Ổ cứng,14 inch,Độ phân giải,"Wled-backlit, 60Hz, Tấm nền IPS",Màn hình cảm ứng,Card tích hợp,Card đồ họa,Công nghệ âm thanh,"HDMI, 2 x USB 3.1, USB Type-C","Wi-Fi 802.11 a/b/g/n/ac, Bluetooth 4.2",Khe đọc thẻ nhớ,Ổ đĩa quang,Webcam,Tính năng khác,Đèn bàn phím,,Model Adapter,Thông tin Pin,Windows 10 Home SL,Dài 324 mm - Rộng 222.9 mm - Dày 19.7 mm,Trọng lượng,Vỏ nhựa,2019
13.910.000₫,HP Pavilion 15 cs2120TX i5 8265U/8GB/1TB/2GB MX130/Win10 (8AG58PA),Máy mới đã ngừng kinh doanh,,,,,,,,,,,,,,,,,,,,,,,,,,,,,,,
13.890.000₫,HP Probook 13 i5 8265U/4GB/1TB/Win10 (5YM98PA),Máy mới đã ngừng kinh doanh,,,,,,,,,,,,,,,,,,,,,,,,,,,,,,,
13.890.000₫,HP Probook 13 i5 8265U/4GB/1TB/Win10 (5YM98PA),Máy mới đã ngừng kinh doanh,,,,,,,,,,,,,,,,,,,,,,,,,,,,,,,
14.350.000₫,HP Probook 13 i5 8265U/4GB/1TB/Win10 (5YM98PA),Máy mới đã ngừng kinh doanh,,,,,,,,,,,,,,,,,,,,,,,,,,,,,,,
13.880.000₫,Lenovo IdeaPad Flex 5 14IIL05 i3 1005G1/8GB/512GB/Win10 (81X1001TVN),Máy mới đã ngừng kinh doanh,,,,,,,,,,,,,,,,,,,,,,,,,,,,,,,
13.870.000₫,Asus VivoBook S530F i5 8265U/8GB+16GB/1TB/Win10 (BQ400T),Máy mới đã ngừng kinh doanh,Intel Core i5 Coffee Lake,Loại CPU,1.60 GHz,Turbo Boost 3.9 GHz,8 GB,DDR4 (2 khe),2400 MHz,Hỗ trợ RAM tối đa,Ổ cứng,15.6 inch,Độ phân giải,"60Hz, Tấm nền IPS, LED Backlight",Màn hình cảm ứng,Card tích hợp,Card đồ họa,Công nghệ âm thanh,"HDMI, USB 3.0, 2 x USB 2.0, USB Type-C","Wi-Fi 802.11 a/b/g/n/ac, Bluetooth 4.1",Khe đọc thẻ nhớ,Ổ đĩa quang,Webcam,Tính năng khác,Đèn bàn phím,,Model Adapter,Thông tin Pin,Windows 10 Home SL,Dài 361 mm - Rộng 243 mm - Dày 18 mm,Trọng lượng,Vỏ kim loại,2018
14.110.000₫,Asus VivoBook S530F i5 8265U/8GB+16GB/1TB/Win10 (BQ400T),Máy mới đã ngừng kinh doanh,Intel Core i5 Coffee Lake,Loại CPU,1.60 GHz,Turbo Boost 3.9 GHz,8 GB,DDR4 (2 khe),2400 MHz,Hỗ trợ RAM tối đa,Ổ cứng,15.6 inch,Độ phân giải,"60Hz, Tấm nền IPS, LED Backlight",Màn hình cảm ứng,Card tích hợp,Card đồ họa,Công nghệ âm thanh,"HDMI, USB 3.0, 2 x USB 2.0, USB Type-C","Wi-Fi 802.11 a/b/g/n/ac, Bluetooth 4.1",Khe đọc thẻ nhớ,Ổ đĩa quang,Webcam,Tính năng khác,Đèn bàn phím,,Model Adapter,Thông tin Pin,Windows 10 Home SL,Dài 361 mm - Rộng 243 mm - Dày 18 mm,Trọng lượng,Vỏ kim loại,2018
14.190.000₫,Asus VivoBook S530F i5 8265U/8GB+16GB/1TB/Win10 (BQ400T),Máy mới đã ngừng kinh doanh,Intel Core i5 Coffee Lake,Loại CPU,1.60 GHz,Turbo Boost 3.9 GHz,8 GB,DDR4 (2 khe),2400 MHz,Hỗ trợ RAM tối đa,Ổ cứng,15.6 inch,Độ phân giải,"60Hz, Tấm nền IPS, LED Backlight",Màn hình cảm ứng,Card tích hợp,Card đồ họa,Công nghệ âm thanh,"HDMI, USB 3.0, 2 x USB 2.0, USB Type-C","Wi-Fi 802.11 a/b/g/n/ac, Bluetooth 4.1",Khe đọc thẻ nhớ,Ổ đĩa quang,Webcam,Tính năng khác,Đèn bàn phím,,Model Adapter,Thông tin Pin,Windows 10 Home SL,Dài 361 mm - Rộng 243 mm - Dày 18 mm,Trọng lượng,Vỏ kim loại,2018
14.270.000₫,Asus VivoBook S530F i5 8265U/8GB+16GB/1TB/Win10 (BQ400T),Máy mới đã ngừng kinh doanh,Intel Core i5 Coffee Lake,Loại CPU,1.60 GHz,Turbo Boost 3.9 GHz,8 GB,DDR4 (2 khe),2400 MHz,Hỗ trợ RAM tối đa,Ổ cứng,15.6 inch,Độ phân giải,"60Hz, Tấm nền IPS, LED Backlight",Màn hình cảm ứng,Card tích hợp,Card đồ họa,Công nghệ âm thanh,"HDMI, USB 3.0, 2 x USB 2.0, USB Type-C","Wi-Fi 802.11 a/b/g/n/ac, Bluetooth 4.1",Khe đọc thẻ nhớ,Ổ đĩa quang,Webcam,Tính năng khác,Đèn bàn phím,,Model Adapter,Thông tin Pin,Windows 10 Home SL,Dài 361 mm - Rộng 243 mm - Dày 18 mm,Trọng lượng,Vỏ kim loại,2018
14.270.000₫,Asus VivoBook S530F i5 8265U/8GB+16GB/1TB/Win10 (BQ400T),Máy mới đã ngừng kinh doanh,Intel Core i5 Coffee Lake,Loại CPU,1.60 GHz,Turbo Boost 3.9 GHz,8 GB,DDR4 (2 khe),2400 MHz,Hỗ trợ RAM tối đa,Ổ cứng,15.6 inch,Độ phân giải,"60Hz, Tấm nền IPS, LED Backlight",Màn hình cảm ứng,Card tích hợp,Card đồ họa,Công nghệ âm thanh,"HDMI, USB 3.0, 2 x USB 2.0, USB Type-C","Wi-Fi 802.11 a/b/g/n/ac, Bluetooth 4.1",Khe đọc thẻ nhớ,Ổ đĩa quang,Webcam,Tính năng khác,Đèn bàn phím,,Model Adapter,Thông tin Pin,Windows 10 Home SL,Dài 361 mm - Rộng 243 mm - Dày 18 mm,Trọng lượng,Vỏ kim loại,2018
14.270.000₫,Asus VivoBook S530F i5 8265U/8GB+16GB/1TB/Win10 (BQ400T),Máy mới đã ngừng kinh doanh,Intel Core i5 Coffee Lake,Loại CPU,1.60 GHz,Turbo Boost 3.9 GHz,8 GB,DDR4 (2 khe),2400 MHz,Hỗ trợ RAM tối đa,Ổ cứng,15.6 inch,Độ phân giải,"60Hz, Tấm nền IPS, LED Backlight",Màn hình cảm ứng,Card tích hợp,Card đồ họa,Công nghệ âm thanh,"HDMI, USB 3.0, 2 x USB 2.0, USB Type-C","Wi-Fi 802.11 a/b/g/n/ac, Bluetooth 4.1",Khe đọc thẻ nhớ,Ổ đĩa quang,Webcam,Tính năng khác,Đèn bàn phím,,Model Adapter,Thông tin Pin,Windows 10 Home SL,Dài 361 mm - Rộng 243 mm - Dày 18 mm,Trọng lượng,Vỏ kim loại,2018
14.270.000₫,Asus VivoBook S530F i5 8265U/8GB+16GB/1TB/Win10 (BQ400T),Máy mới đã ngừng kinh doanh,Intel Core i5 Coffee Lake,Loại CPU,1.60 GHz,Turbo Boost 3.9 GHz,8 GB,DDR4 (2 khe),2400 MHz,Hỗ trợ RAM tối đa,Ổ cứng,15.6 inch,Độ phân giải,"60Hz, Tấm nền IPS, LED Backlight",Màn hình cảm ứng,Card tích hợp,Card đồ họa,Công nghệ âm thanh,"HDMI, USB 3.0, 2 x USB 2.0, USB Type-C","Wi-Fi 802.11 a/b/g/n/ac, Bluetooth 4.1",Khe đọc thẻ nhớ,Ổ đĩa quang,Webcam,Tính năng khác,Đèn bàn phím,,Model Adapter,Thông tin Pin,Windows 10 Home SL,Dài 361 mm - Rộng 243 mm - Dày 18 mm,Trọng lượng,Vỏ kim loại,2018
14.270.000₫,Asus VivoBook S530F i5 8265U/8GB+16GB/1TB/Win10 (BQ400T),Máy mới đã ngừng kinh doanh,Intel Core i5 Coffee Lake,Loại CPU,1.60 GHz,Turbo Boost 3.9 GHz,8 GB,DDR4 (2 khe),2400 MHz,Hỗ trợ RAM tối đa,Ổ cứng,15.6 inch,Độ phân giải,"60Hz, Tấm nền IPS, LED Backlight",Màn hình cảm ứng,Card tích hợp,Card đồ họa,Công nghệ âm thanh,"HDMI, USB 3.0, 2 x USB 2.0, USB Type-C","Wi-Fi 802.11 a/b/g/n/ac, Bluetooth 4.1",Khe đọc thẻ nhớ,Ổ đĩa quang,Webcam,Tính năng khác,Đèn bàn phím,,Model Adapter,Thông tin Pin,Windows 10 Home SL,Dài 361 mm - Rộng 243 mm - Dày 18 mm,Trọng lượng,Vỏ kim loại,2018
14.270.000₫,Asus VivoBook S530F i5 8265U/8GB+16GB/1TB/Win10 (BQ400T),Máy mới đã ngừng kinh doanh,Intel Core i5 Coffee Lake,Loại CPU,1.60 GHz,Turbo Boost 3.9 GHz,8 GB,DDR4 (2 khe),2400 MHz,Hỗ trợ RAM tối đa,Ổ cứng,15.6 inch,Độ phân giải,"60Hz, Tấm nền IPS, LED Backlight",Màn hình cảm ứng,Card tích hợp,Card đồ họa,Công nghệ âm thanh,"HDMI, USB 3.0, 2 x USB 2.0, USB Type-C","Wi-Fi 802.11 a/b/g/n/ac, Bluetooth 4.1",Khe đọc thẻ nhớ,Ổ đĩa quang,Webcam,Tính năng khác,Đèn bàn phím,,Model Adapter,Thông tin Pin,Windows 10 Home SL,Dài 361 mm - Rộng 243 mm - Dày 18 mm,Trọng lượng,Vỏ kim loại,2018
14.270.000₫,Asus VivoBook S530F i5 8265U/8GB+16GB/1TB/Win10 (BQ400T),Máy mới đã ngừng kinh doanh,Intel Core i5 Coffee Lake,Loại CPU,1.60 GHz,Turbo Boost 3.9 GHz,8 GB,DDR4 (2 khe),2400 MHz,Hỗ trợ RAM tối đa,Ổ cứng,15.6 inch,Độ phân giải,"60Hz, Tấm nền IPS, LED Backlight",Màn hình cảm ứng,Card tích hợp,Card đồ họa,Công nghệ âm thanh,"HDMI, USB 3.0, 2 x USB 2.0, USB Type-C","Wi-Fi 802.11 a/b/g/n/ac, Bluetooth 4.1",Khe đọc thẻ nhớ,Ổ đĩa quang,Webcam,Tính năng khác,Đèn bàn phím,,Model Adapter,Thông tin Pin,Windows 10 Home SL,Dài 361 mm - Rộng 243 mm - Dày 18 mm,Trọng lượng,Vỏ kim loại,2018
13.860.000₫,HP Pavilion 15 eg0509TU i3 1125G4/4GB/512GB/Win10 (46M08PA),Giá máy mới: 15.790.000₫,,,,,,,,,,,,,,,,,,,,,,,,,,,,,,,
13.800.000₫,Lenovo ThinkBook 14IIL i5 1035G1/8GB/512GB/Win10 (20SL00MFVN),Máy mới đã ngừng kinh doanh,Intel Core i5 Ice Lake,Loại CPU,1.00 GHz,Turbo Boost 3.6 GHz,8 GB,DDR4 (1 khe),3200 MHz,Hỗ trợ RAM tối đa,Ổ cứng,14 inch,Độ phân giải,"60Hz, Chống chói Anti Glare",Màn hình cảm ứng,Card tích hợp,Card đồ họa,Công nghệ âm thanh,"USB Type-C (Power Delivery and DisplayPort), HDMI, LAN (RJ45), USB 2.0, 2 x USB 3.1, USB Type-C","Bluetooth 5.0, Wi-Fi 6 (802.11ax)",Khe đọc thẻ nhớ,Ổ đĩa quang,Webcam,Tính năng khác,Đèn bàn phím,,Model Adapter,Thông tin Pin,Windows 10 Home SL,Dài 326 mm - Dài 230 mm - Dày 17.9 mm,Trọng lượng,Vỏ kim loại,2020
13.770.000₫,Asus VivoBook X507UF i7 8550U/4GB/1TB/2GB MX130/Win10 (EJ074T),Máy mới đã ngừng kinh doanh,,,,,,,,,,,,,,,,,,,,,,,,,,,,,,,
14.390.000₫,Asus VivoBook X507UF i7 8550U/4GB/1TB/2GB MX130/Win10 (EJ074T),Máy mới đã ngừng kinh doanh,,,,,,,,,,,,,,,,,,,,,,,,,,,,,,,
13.750.000₫,Asus VivoBook A415EA i3 1115G4/8GB/512GB/Win10 (EB559T),Giá máy mới: 15.990.000₫,,,,,,,,,,,,,,,,,,,,,,,,,,,,,,,
13.750.000₫,Asus VivoBook A415EA i3 1115G4/8GB/512GB/Win10 (EB559T),Giá máy mới: 15.990.000₫,,,,,,,,,,,,,,,,,,,,,,,,,,,,,,,
13.820.000₫,Asus VivoBook A415EA i3 1115G4/8GB/512GB/Win10 (EB559T),Giá máy mới: 15.990.000₫,,,,,,,,,,,,,,,,,,,,,,,,,,,,,,,
13.820.000₫,Asus VivoBook A415EA i3 1115G4/8GB/512GB/Win10 (EB559T),Giá máy mới: 15.990.000₫,,,,,,,,,,,,,,,,,,,,,,,,,,,,,,,
13.820.000₫,Asus VivoBook A415EA i3 1115G4/8GB/512GB/Win10 (EB559T),Giá máy mới: 15.990.000₫,,,,,,,,,,,,,,,,,,,,,,,,,,,,,,,
13.890.000₫,Asus VivoBook A415EA i3 1115G4/8GB/512GB/Win10 (EB559T),Giá máy mới: 15.990.000₫,,,,,,,,,,,,,,,,,,,,,,,,,,,,,,,
13.890.000₫,Asus VivoBook A415EA i3 1115G4/8GB/512GB/Win10 (EB559T),Giá máy mới: 15.990.000₫,,,,,,,,,,,,,,,,,,,,,,,,,,,,,,,
13.650.000₫,Dell Vostro 14 5481 i5 8265U/4GB/1TB/Office365/Win10 (V4I5229W),Máy mới đã ngừng kinh doanh,,,,,,,,,,,,,,,,,,,,,,,,,,,,,,,
13.570.000₫,Asus VivoBook X407UF i7 8550U/4GB/1TB/2GB MX130/Win10 (BV022T),Máy mới đã ngừng kinh doanh,,,,,,,,,,,,,,,,,,,,,,,,,,,,,,,
13.570.000₫,Asus VivoBook X407UF i7 8550U/4GB/1TB/2GB MX130/Win10 (BV022T),Máy mới đã ngừng kinh doanh,,,,,,,,,,,,,,,,,,,,,,,,,,,,,,,
13.570.000₫,Asus VivoBook X407UF i7 8550U/4GB/1TB/2GB MX130/Win10 (BV022T),Máy mới đã ngừng kinh doanh,,,,,,,,,,,,,,,,,,,,,,,,,,,,,,,
13.710.000₫,Asus VivoBook X407UF i7 8550U/4GB/1TB/2GB MX130/Win10 (BV022T),Máy mới đã ngừng kinh doanh,,,,,,,,,,,,,,,,,,,,,,,,,,,,,,,
13.710.000₫,Asus VivoBook X407UF i7 8550U/4GB/1TB/2GB MX130/Win10 (BV022T),Máy mới đã ngừng kinh doanh,,,,,,,,,,,,,,,,,,,,,,,,,,,,,,,
13.540.000₫,Dell Vostro 5581 i5 8265U/4GB/1TB/2GB MX130/Win10 (VRF6J1),Máy mới đã ngừng kinh doanh,,,,,,,,,,,,,,,,,,,,,,,,,,,,,,,
13.540.000₫,Dell Vostro 5581 i5 8265U/4GB/1TB/2GB MX130/Win10 (VRF6J1),Máy mới đã ngừng kinh doanh,,,,,,,,,,,,,,,,,,,,,,,,,,,,,,,
13.480.000₫,HP 15s du0070TX i5 8265U/8GB/1TB/2GB MX130/Win10 (8AG62PA),Máy mới đã ngừng kinh doanh,,,,,,,,,,,,,,,,,,,,,,,,,,,,,,,
13.460.000₫,Acer Swift 3 SF315 52 50T9 i5 8250U/8GB/256GB/Win10 (NX.GZBSV.002),Máy mới đã ngừng kinh doanh,,,,,,,,,,,,,,,,,,,,,,,,,,,,,,,
13.460.000₫,Acer Swift 3 SF315 52 50T9 i5 8250U/8GB/256GB/Win10 (NX.GZBSV.002),Máy mới đã ngừng kinh doanh,,,,,,,,,,,,,,,,,,,,,,,,,,,,,,,
13.460.000₫,Acer Swift 3 SF315 52 50T9 i5 8250U/8GB/256GB/Win10 (NX.GZBSV.002),Máy mới đã ngừng kinh doanh,,,,,,,,,,,,,,,,,,,,,,,,,,,,,,,
13.460.000₫,Acer Swift 3 SF315 52 50T9 i5 8250U/8GB/256GB/Win10 (NX.GZBSV.002),Máy mới đã ngừng kinh doanh,,,,,,,,,,,,,,,,,,,,,,,,,,,,,,,
13.460.000₫,Acer Swift 3 SF315 52 50T9 i5 8250U/8GB/256GB/Win10 (NX.GZBSV.002),Máy mới đã ngừng kinh doanh,,,,,,,,,,,,,,,,,,,,,,,,,,,,,,,
13.460.000₫,Acer Swift 3 SF315 52 50T9 i5 8250U/8GB/256GB/Win10 (NX.GZBSV.002),Máy mới đã ngừng kinh doanh,,,,,,,,,,,,,,,,,,,,,,,,,,,,,,,
13.460.000₫,Acer Swift 3 SF315 52 50T9 i5 8250U/8GB/256GB/Win10 (NX.GZBSV.002),Máy mới đã ngừng kinh doanh,,,,,,,,,,,,,,,,,,,,,,,,,,,,,,,
13.460.000₫,Acer Swift 3 SF315 52 50T9 i5 8250U/8GB/256GB/Win10 (NX.GZBSV.002),Máy mới đã ngừng kinh doanh,,,,,,,,,,,,,,,,,,,,,,,,,,,,,,,
13.460.000₫,Acer Swift 3 SF315 52 50T9 i5 8250U/8GB/256GB/Win10 (NX.GZBSV.002),Máy mới đã ngừng kinh doanh,,,,,,,,,,,,,,,,,,,,,,,,,,,,,,,
13.460.000₫,Acer Swift 3 SF315 52 50T9 i5 8250U/8GB/256GB/Win10 (NX.GZBSV.002),Máy mới đã ngừng kinh doanh,,,,,,,,,,,,,,,,,,,,,,,,,,,,,,,
13.460.000₫,Acer Swift 3 SF315 52 50T9 i5 8250U/8GB/256GB/Win10 (NX.GZBSV.002),Máy mới đã ngừng kinh doanh,,,,,,,,,,,,,,,,,,,,,,,,,,,,,,,
13.460.000₫,Acer Swift 3 SF315 52 50T9 i5 8250U/8GB/256GB/Win10 (NX.GZBSV.002),Máy mới đã ngừng kinh doanh,,,,,,,,,,,,,,,,,,,,,,,,,,,,,,,
13.460.000₫,Acer Swift 3 SF315 52 50T9 i5 8250U/8GB/256GB/Win10 (NX.GZBSV.002),Máy mới đã ngừng kinh doanh,,,,,,,,,,,,,,,,,,,,,,,,,,,,,,,
13.460.000₫,Acer Swift 3 SF315 52 50T9 i5 8250U/8GB/256GB/Win10 (NX.GZBSV.002),Máy mới đã ngừng kinh doanh,,,,,,,,,,,,,,,,,,,,,,,,,,,,,,,
13.370.000₫,Acer Aspire A514 53G 513J i5 1035G1/8GB/512GB/2GB MX350/Win10 (NX.HYWSV.001),Máy mới đã ngừng kinh doanh,,,,,,,,,,,,,,,,,,,,,,,,,,,,,,,
13.370.000₫,Acer Aspire A514 53G 513J i5 1035G1/8GB/512GB/2GB MX350/Win10 (NX.HYWSV.001),Máy mới đã ngừng kinh doanh,,,,,,,,,,,,,,,,,,,,,,,,,,,,,,,
13.340.000₫,HP Pavilion 15 cs2057TX i5 8265U/4GB/1TB/2GB MX130/Win10 (6YZ20PA),Máy mới đã ngừng kinh doanh,Intel Core i5 Coffee Lake,Loại CPU,1.60 GHz,Turbo Boost 3.9 GHz,4 GB,DDR4 (2 khe),2666 MHz,Hỗ trợ RAM tối đa,Ổ cứng,15.6 inch,Độ phân giải,"60Hz, LED Backlit, Chống chói Anti-Glare",Màn hình cảm ứng,Card rời,Card đồ họa,Công nghệ âm thanh,"HDMI, LAN (RJ45), 2 x USB 3.1, USB Type-C","Bluetooth 5.0, Wi-Fi 802.11 a/b/g/n/ac",Khe đọc thẻ nhớ,Ổ đĩa quang,Webcam,Tính năng khác,Đèn bàn phím,,Model Adapter,Thông tin Pin,Windows 10 Home SL,Dài 361.6 - Rộng 245.6 mm- Dày 17.9 mm,Trọng lượng,Vỏ kim loại,2019
13.780.000₫,HP Pavilion 15 cs2057TX i5 8265U/4GB/1TB/2GB MX130/Win10 (6YZ20PA),Máy mới đã ngừng kinh doanh,Intel Core i5 Coffee Lake,Loại CPU,1.60 GHz,Turbo Boost 3.9 GHz,4 GB,DDR4 (2 khe),2666 MHz,Hỗ trợ RAM tối đa,Ổ cứng,15.6 inch,Độ phân giải,"60Hz, LED Backlit, Chống chói Anti-Glare",Màn hình cảm ứng,Card rời,Card đồ họa,Công nghệ âm thanh,"HDMI, LAN (RJ45), 2 x USB 3.1, USB Type-C","Bluetooth 5.0, Wi-Fi 802.11 a/b/g/n/ac",Khe đọc thẻ nhớ,Ổ đĩa quang,Webcam,Tính năng khác,Đèn bàn phím,,Model Adapter,Thông tin Pin,Windows 10 Home SL,Dài 361.6 - Rộng 245.6 mm- Dày 17.9 mm,Trọng lượng,Vỏ kim loại,2019
13.330.000₫,Asus VivoBook A515EA i3 1115G4/8GB/512GB/Win10 (BQ497T),Máy mới đã ngừng kinh doanh,,,,,,,,,,,,,,,,,,,,,,,,,,,,,,,
13.330.000₫,Asus VivoBook A515EA i3 1115G4/8GB/512GB/Win10 (BQ497T),Máy mới đã ngừng kinh doanh,,,,,,,,,,,,,,,,,,,,,,,,,,,,,,,
13.280.000₫,Acer Swift 3 SF314 56 596E i5 8265U/4GB/256GB/Win10 (NX.H4CSV.006),Máy mới đã ngừng kinh doanh,,,,,,,,,,,,,,,,,,,,,,,,,,,,,,,
14.250.000₫,Acer Swift 3 SF314 56 596E i5 8265U/4GB/256GB/Win10 (NX.H4CSV.006),Máy mới đã ngừng kinh doanh,,,,,,,,,,,,,,,,,,,,,,,,,,,,,,,
13.270.000₫,Asus VivoBook A512FL i5 10210U/8GB/512GB/2GB MX250/Win10 (EJ569T),Giá máy mới: 18.990.000₫,,,,,,,,,,,,,,,,,,,,,,,,,,,,,,,
13.220.000₫,Lenovo Ideapad 3 15ITL6 i3 1115G4/8GB/512GB/Win10 (82H8004HVN),Giá máy mới: 14.990.000₫,,,,,,,,,,,,,,,,,,,,,,,,,,,,,,,
13.100.000₫,Lenovo Ideapad S340 14IWL i5 8265U/8GB/1TB/2GB MX230/Win10 (81N7006HVN),Máy mới đã ngừng kinh doanh,Intel Core i5 Coffee Lake,Loại CPU,1.60 GHz,Turbo Boost 3.9 GHz,8 GB,DDR4 (On board +1 khe),2400 MHz,Hỗ trợ RAM tối đa,Ổ cứng,14 inch,Độ phân giải,"Tấm nền TN, 60Hz, Chống chói Anti-Glare",Màn hình cảm ứng,Card rời,Card đồ họa,Công nghệ âm thanh,"HDMI, 2 x USB 3.1, USB Type-C","Wi-Fi 802.11 a/b/g/n/ac, Bluetooth 4.2",Khe đọc thẻ nhớ,Ổ đĩa quang,Webcam,Tính năng khác,Đèn bàn phím,,Model Adapter,Thông tin Pin,Windows 10 Home SL,Dài 322.7 mm - Rộng 230.5 mm - Dày 17.9mm,Trọng lượng,Vỏ nhựa - nắp lưng bằng kim loại,2019
13.070.000₫,Lenovo IdeaPad C340 14IML i3 10110U/8GB/512GB/Touch/Win10 (81TK007PVN),Máy mới đã ngừng kinh doanh,,,,,,,,,,,,,,,,,,,,,,,,,,,,,,,
13.070.000₫,Lenovo IdeaPad C340 14IML i3 10110U/8GB/512GB/Touch/Win10 (81TK007PVN),Máy mới đã ngừng kinh doanh,,,,,,,,,,,,,,,,,,,,,,,,,,,,,,,
13.070.000₫,Lenovo IdeaPad C340 14IML i3 10110U/8GB/512GB/Touch/Win10 (81TK007PVN),Máy mới đã ngừng kinh doanh,,,,,,,,,,,,,,,,,,,,,,,,,,,,,,,
13.070.000₫,HP Pavilion 15 eg0513TU i3 1125G4/4GB/256GB/Win10 (46M12PA),Giá máy mới: 14.890.000₫,,,,,,,,,,,,,,,,,,,,,,,,,,,,,,,
13.070.000₫,HP Pavilion 15 eg0513TU i3 1125G4/4GB/256GB/Win10 (46M12PA),Giá máy mới: 14.890.000₫,,,,,,,,,,,,,,,,,,,,,,,,,,,,,,,
13.060.000₫,Acer Spin SP314 51 51LE i5 8250U/4GB/256GB/Win10 (NX.GZRSV.002),Máy mới đã ngừng kinh doanh,Intel Core i5 Coffee Lake,Loại CPU,1.60 GHz,Turbo Boost 3.4 GHz,4 GB,DDR4 (On board),2400 MHz,Hỗ trợ RAM tối đa,Ổ cứng,14 inch,Độ phân giải,"60Hz, Tấm nền IPS",Màn hình cảm ứng,Card tích hợp,Card đồ họa,Công nghệ âm thanh,"HDMI, USB 2.0, 2 x USB 3.0",,Khe đọc thẻ nhớ,Ổ đĩa quang,Webcam,Tính năng khác,Đèn bàn phím,,Model Adapter,Thông tin Pin,Windows 10 Home SL,Dài 335 mm - Rộng 230 mm - Dày 20.8 mm,Trọng lượng,Vỏ nhựa,2018
12.940.000₫,HP Pavilion 15 cs2034TU i5 8265U/4GB/1TB/Win10 (6YZ06PA),Máy mới đã ngừng kinh doanh,,,,,,,,,,,,,,,,,,,,,,,,,,,,,,,
12.820.000₫,MSI Modern 14 B11MOL i3 1115G4/8GB/256GB/Win10 (813VN),Giá máy mới: 14.690.000₫,,,,,,,,,,,,,,,,,,,,,,,,,,,,,,,
12.690.000₫,Lenovo Ideapad C340 14IWL i3 8145U/8GB/256GB/Touch/Win10 (81N4003SVN),Máy mới đã ngừng kinh doanh,,,,,,,,,,,,,,,,,,,,,,,,,,,,,,,
12.690.000₫,Lenovo Ideapad C340 14IWL i3 8145U/8GB/256GB/Touch/Win10 (81N4003SVN),Máy mới đã ngừng kinh doanh,,,,,,,,,,,,,,,,,,,,,,,,,,,,,,,
12.690.000₫,Lenovo Ideapad C340 14IWL i3 8145U/8GB/256GB/Touch/Win10 (81N4003SVN),Máy mới đã ngừng kinh doanh,,,,,,,,,,,,,,,,,,,,,,,,,,,,,,,
13.100.000₫,Lenovo Ideapad C340 14IWL i3 8145U/8GB/256GB/Touch/Win10 (81N4003SVN),Máy mới đã ngừng kinh doanh,,,,,,,,,,,,,,,,,,,,,,,,,,,,,,,
13.100.000₫,Lenovo Ideapad C340 14IWL i3 8145U/8GB/256GB/Touch/Win10 (81N4003SVN),Máy mới đã ngừng kinh doanh,,,,,,,,,,,,,,,,,,,,,,,,,,,,,,,
13.100.000₫,Lenovo Ideapad C340 14IWL i3 8145U/8GB/256GB/Touch/Win10 (81N4003SVN),Máy mới đã ngừng kinh doanh,,,,,,,,,,,,,,,,,,,,,,,,,,,,,,,
13.100.000₫,Lenovo Ideapad C340 14IWL i3 8145U/8GB/256GB/Touch/Win10 (81N4003SVN),Máy mới đã ngừng kinh doanh,,,,,,,,,,,,,,,,,,,,,,,,,,,,,,,
13.100.000₫,Lenovo Ideapad C340 14IWL i3 8145U/8GB/256GB/Touch/Win10 (81N4003SVN),Máy mới đã ngừng kinh doanh,,,,,,,,,,,,,,,,,,,,,,,,,,,,,,,
13.100.000₫,Lenovo Ideapad C340 14IWL i3 8145U/8GB/256GB/Touch/Win10 (81N4003SVN),Máy mới đã ngừng kinh doanh,,,,,,,,,,,,,,,,,,,,,,,,,,,,,,,
13.100.000₫,Lenovo Ideapad C340 14IWL i3 8145U/8GB/256GB/Touch/Win10 (81N4003SVN),Máy mới đã ngừng kinh doanh,,,,,,,,,,,,,,,,,,,,,,,,,,,,,,,
13.100.000₫,Lenovo Ideapad C340 14IWL i3 8145U/8GB/256GB/Touch/Win10 (81N4003SVN),Máy mới đã ngừng kinh doanh,,,,,,,,,,,,,,,,,,,,,,,,,,,,,,,
13.100.000₫,Lenovo Ideapad C340 14IWL i3 8145U/8GB/256GB/Touch/Win10 (81N4003SVN),Máy mới đã ngừng kinh doanh,,,,,,,,,,,,,,,,,,,,,,,,,,,,,,,
13.100.000₫,Lenovo Ideapad C340 14IWL i3 8145U/8GB/256GB/Touch/Win10 (81N4003SVN),Máy mới đã ngừng kinh doanh,,,,,,,,,,,,,,,,,,,,,,,,,,,,,,,
13.100.000₫,Lenovo Ideapad C340 14IWL i3 8145U/8GB/256GB/Touch/Win10 (81N4003SVN),Máy mới đã ngừng kinh doanh,,,,,,,,,,,,,,,,,,,,,,,,,,,,,,,
13.100.000₫,Lenovo Ideapad C340 14IWL i3 8145U/8GB/256GB/Touch/Win10 (81N4003SVN),Máy mới đã ngừng kinh doanh,,,,,,,,,,,,,,,,,,,,,,,,,,,,,,,
13.100.000₫,Lenovo Ideapad C340 14IWL i3 8145U/8GB/256GB/Touch/Win10 (81N4003SVN),Máy mới đã ngừng kinh doanh,,,,,,,,,,,,,,,,,,,,,,,,,,,,,,,
12.690.000₫,HP Pavilion 15 cs2033TU i5 8265U/4GB/1TB/Win10 (6YZ14PA),Máy mới đã ngừng kinh doanh,Intel Core i5 Coffee Lake,Loại CPU,1.60 GHz,Turbo Boost 3.9 GHz,4 GB,DDR4 (2 khe),2666 MHz,Hỗ trợ RAM tối đa,Ổ cứng,15.6 inch,Độ phân giải,"Wled-backlit, 60Hz, Chống chói Anti-Glare",Màn hình cảm ứng,Card tích hợp,Card đồ họa,Công nghệ âm thanh,"HDMI, LAN (RJ45), 2 x USB 3.1, USB Type-C","Bluetooth 5.0, Wi-Fi 802.11 a/b/g/n/ac",Khe đọc thẻ nhớ,Ổ đĩa quang,Webcam,Tính năng khác,Đèn bàn phím,,Model Adapter,Thông tin Pin,Windows 10 Home SL,Dài 361.6 mm - Rộng 245.6 mm - Dày 17.9 mm,Trọng lượng,Vỏ nhựa - nắp lưng bằng kim loại,2019
12.640.000₫,Asus VivoBook S530UA i5 8250U/4GB/1TB/Win10 (BQ278T),Máy mới đã ngừng kinh doanh,,,,,,,,,,,,,,,,,,,,,,,,,,,,,,,
12.540.000₫,Acer Aspire A514 53 5921 i5 1035G1/8GB/512GB/Win10 (NX.HUPSV.001),Máy mới đã ngừng kinh doanh,,,,,,,,,,,,,,,,,,,,,,,,,,,,,,,
12.510.000₫,Asus VivoBook S530UN i5 8250U/4GB/1TB/2GB MX150/Win10 (BQ263T),Máy mới đã ngừng kinh doanh,,,,,,,,,,,,,,,,,,,,,,,,,,,,,,,
12.900.000₫,Asus VivoBook S530UN i5 8250U/4GB/1TB/2GB MX150/Win10 (BQ263T),Máy mới đã ngừng kinh doanh,,,,,,,,,,,,,,,,,,,,,,,,,,,,,,,
12.900.000₫,Asus VivoBook S530UN i5 8250U/4GB/1TB/2GB MX150/Win10 (BQ263T),Máy mới đã ngừng kinh doanh,,,,,,,,,,,,,,,,,,,,,,,,,,,,,,,
12.900.000₫,Asus VivoBook S530UN i5 8250U/4GB/1TB/2GB MX150/Win10 (BQ263T),Máy mới đã ngừng kinh doanh,,,,,,,,,,,,,,,,,,,,,,,,,,,,,,,
12.430.000₫,HP ProBook 440 G8 i3 1115G4/4GB/512GB/Win10 (2H0R6PA),Giá máy mới: 14.090.000₫,,,,,,,,,,,,,,,,,,,,,,,,,,,,,,,
12.490.000₫,HP ProBook 440 G8 i3 1115G4/4GB/512GB/Win10 (2H0R6PA),Giá máy mới: 14.090.000₫,,,,,,,,,,,,,,,,,,,,,,,,,,,,,,,
12.300.000₫,Asus VivoBook A415EA i3 1115G4/4GB/512GB/Win10 (EB317T),Máy mới đã ngừng kinh doanh,,,,,,,,,,,,,,,,,,,,,,,,,,,,,,,
12.290.000₫,Acer Swift 3 SF315 51 54H0 i5 8250U/4GB/1TB/Win10 (NX.GSKSV.004),Máy mới đã ngừng kinh doanh,,,,,,,,,,,,,,,,,,,,,,,,,,,,,,,
12.890.000₫,Acer Swift 3 SF315 51 54H0 i5 8250U/4GB/1TB/Win10 (NX.GSKSV.004),Máy mới đã ngừng kinh doanh,,,,,,,,,,,,,,,,,,,,,,,,,,,,,,,
12.890.000₫,Acer Swift 3 SF315 51 54H0 i5 8250U/4GB/1TB/Win10 (NX.GSKSV.004),Máy mới đã ngừng kinh doanh,,,,,,,,,,,,,,,,,,,,,,,,,,,,,,,
12.890.000₫,Acer Swift 3 SF315 51 54H0 i5 8250U/4GB/1TB/Win10 (NX.GSKSV.004),Máy mới đã ngừng kinh doanh,,,,,,,,,,,,,,,,,,,,,,,,,,,,,,,
12.890.000₫,Acer Swift 3 SF315 51 54H0 i5 8250U/4GB/1TB/Win10 (NX.GSKSV.004),Máy mới đã ngừng kinh doanh,,,,,,,,,,,,,,,,,,,,,,,,,,,,,,,
12.890.000₫,Acer Swift 3 SF315 51 54H0 i5 8250U/4GB/1TB/Win10 (NX.GSKSV.004),Máy mới đã ngừng kinh doanh,,,,,,,,,,,,,,,,,,,,,,,,,,,,,,,
12.890.000₫,Acer Swift 3 SF315 51 54H0 i5 8250U/4GB/1TB/Win10 (NX.GSKSV.004),Máy mới đã ngừng kinh doanh,,,,,,,,,,,,,,,,,,,,,,,,,,,,,,,
12.890.000₫,Acer Swift 3 SF315 51 54H0 i5 8250U/4GB/1TB/Win10 (NX.GSKSV.004),Máy mới đã ngừng kinh doanh,,,,,,,,,,,,,,,,,,,,,,,,,,,,,,,
12.160.000₫,Asus VivoBook A415EA i3 1115G4/4GB/32GB+512GB/Win10 (EB353T),Máy mới đã ngừng kinh doanh,,,,,,,,,,,,,,,,,,,,,,,,,,,,,,,
12.160.000₫,Asus VivoBook A415EA i3 1115G4/4GB/32GB+512GB/Win10 (EB353T),Máy mới đã ngừng kinh doanh,,,,,,,,,,,,,,,,,,,,,,,,,,,,,,,
12.160.000₫,Asus VivoBook X415EA i3 1115G4/4GB/512GB/Win10 (EB638T),Giá máy mới: 13.790.000₫,,,,,,,,,,,,,,,,,,,,,,,,,,,,,,,
12.220.000₫,Asus VivoBook X415EA i3 1115G4/4GB/512GB/Win10 (EB638T),Giá máy mới: 13.790.000₫,,,,,,,,,,,,,,,,,,,,,,,,,,,,,,,
12.110.000₫,Asus VivoBook A512FA i5 8265U/8GB/1TB/Win10 (EJ552T),Máy mới đã ngừng kinh doanh,,,,,,,,,,,,,,,,,,,,,,,,,,,,,,,
12.020.000₫,Acer Swift 3 SF314 54 51QL i5 8250U/4GB/1TB/Win10 (NX.GXZSV.001),Máy mới đã ngừng kinh doanh,,,,,,,,,,,,,,,,,,,,,,,,,,,,,,,
12.020.000₫,Acer Swift 3 SF314 54 51QL i5 8250U/4GB/1TB/Win10 (NX.GXZSV.001),Máy mới đã ngừng kinh doanh,,,,,,,,,,,,,,,,,,,,,,,,,,,,,,,
12.020.000₫,Acer Swift 3 SF314 54 51QL i5 8250U/4GB/1TB/Win10 (NX.GXZSV.001),Máy mới đã ngừng kinh doanh,,,,,,,,,,,,,,,,,,,,,,,,,,,,,,,
12.020.000₫,Acer Swift 3 SF314 54 51QL i5 8250U/4GB/1TB/Win10 (NX.GXZSV.001),Máy mới đã ngừng kinh doanh,,,,,,,,,,,,,,,,,,,,,,,,,,,,,,,
12.320.000₫,Acer Swift 3 SF314 54 51QL i5 8250U/4GB/1TB/Win10 (NX.GXZSV.001),Máy mới đã ngừng kinh doanh,,,,,,,,,,,,,,,,,,,,,,,,,,,,,,,
12.610.000₫,Acer Swift 3 SF314 54 51QL i5 8250U/4GB/1TB/Win10 (NX.GXZSV.001),Máy mới đã ngừng kinh doanh,,,,,,,,,,,,,,,,,,,,,,,,,,,,,,,
12.610.000₫,Acer Swift 3 SF314 54 51QL i5 8250U/4GB/1TB/Win10 (NX.GXZSV.001),Máy mới đã ngừng kinh doanh,,,,,,,,,,,,,,,,,,,,,,,,,,,,,,,
12.610.000₫,Acer Swift 3 SF314 54 51QL i5 8250U/4GB/1TB/Win10 (NX.GXZSV.001),Máy mới đã ngừng kinh doanh,,,,,,,,,,,,,,,,,,,,,,,,,,,,,,,
12.610.000₫,Acer Swift 3 SF314 54 51QL i5 8250U/4GB/1TB/Win10 (NX.GXZSV.001),Máy mới đã ngừng kinh doanh,,,,,,,,,,,,,,,,,,,,,,,,,,,,,,,
12.610.000₫,Acer Swift 3 SF314 54 51QL i5 8250U/4GB/1TB/Win10 (NX.GXZSV.001),Máy mới đã ngừng kinh doanh,,,,,,,,,,,,,,,,,,,,,,,,,,,,,,,
12.610.000₫,Acer Swift 3 SF314 54 51QL i5 8250U/4GB/1TB/Win10 (NX.GXZSV.001),Máy mới đã ngừng kinh doanh,,,,,,,,,,,,,,,,,,,,,,,,,,,,,,,
12.610.000₫,Acer Swift 3 SF314 54 51QL i5 8250U/4GB/1TB/Win10 (NX.GXZSV.001),Máy mới đã ngừng kinh doanh,,,,,,,,,,,,,,,,,,,,,,,,,,,,,,,
12.610.000₫,Acer Swift 3 SF314 54 51QL i5 8250U/4GB/1TB/Win10 (NX.GXZSV.001),Máy mới đã ngừng kinh doanh,,,,,,,,,,,,,,,,,,,,,,,,,,,,,,,
12.610.000₫,Acer Swift 3 SF314 54 51QL i5 8250U/4GB/1TB/Win10 (NX.GXZSV.001),Máy mới đã ngừng kinh doanh,,,,,,,,,,,,,,,,,,,,,,,,,,,,,,,
12.610.000₫,Acer Swift 3 SF314 54 51QL i5 8250U/4GB/1TB/Win10 (NX.GXZSV.001),Máy mới đã ngừng kinh doanh,,,,,,,,,,,,,,,,,,,,,,,,,,,,,,,
12.610.000₫,Acer Swift 3 SF314 54 51QL i5 8250U/4GB/1TB/Win10 (NX.GXZSV.001),Máy mới đã ngừng kinh doanh,,,,,,,,,,,,,,,,,,,,,,,,,,,,,,,
12.020.000₫,Asus VivoBook X407UB i7 8550U/4GB/1TB/2GB MX110/Win10 (BV147T),Máy mới đã ngừng kinh doanh,,,,,,,,,,,,,,,,,,,,,,,,,,,,,,,
12.020.000₫,Asus VivoBook X407UB i7 8550U/4GB/1TB/2GB MX110/Win10 (BV147T),Máy mới đã ngừng kinh doanh,,,,,,,,,,,,,,,,,,,,,,,,,,,,,,,
11.980.000₫,Asus VivoBook X415EA i3 1115G4/4GB/512GB/Win10 (EB263T),Giá máy mới: 13.790.000₫,,,,,,,,,,,,,,,,,,,,,,,,,,,,,,,
12.100.000₫,Asus VivoBook X415EA i3 1115G4/4GB/512GB/Win10 (EB263T),Giá máy mới: 13.790.000₫,,,,,,,,,,,,,,,,,,,,,,,,,,,,,,,
12.100.000₫,Asus VivoBook X415EA i3 1115G4/4GB/512GB/Win10 (EB263T),Giá máy mới: 13.790.000₫,,,,,,,,,,,,,,,,,,,,,,,,,,,,,,,
12.100.000₫,Asus VivoBook X415EA i3 1115G4/4GB/512GB/Win10 (EB263T),Giá máy mới: 13.790.000₫,,,,,,,,,,,,,,,,,,,,,,,,,,,,,,,
11.920.000₫,HP 245 G8 R5 3500U/4GB/256GB/Win10 (345R8PA),Máy mới đã ngừng kinh doanh,,,,,,,,,,,,,,,,,,,,,,,,,,,,,,,
11.880.000₫,HP 340s G7 i3 1005G1/4GB/512GB/Win10 (224L1PA),Giá máy mới: 13.890.000₫,,,,,,,,,,,,,,,,,,,,,,,,,,,,,,,
11.850.000₫,Lenovo Ideapad 3 14IML05 i3 10110U/8GB/256GB/Win10 (81WA00HPVN),Giá máy mới: 13.790.000₫,,,,,,,,,,,,,,,,,,,,,,,,,,,,,,,
12.220.000₫,Lenovo Ideapad 3 14IML05 i3 10110U/8GB/256GB/Win10 (81WA00HPVN),Giá máy mới: 13.790.000₫,,,,,,,,,,,,,,,,,,,,,,,,,,,,,,,
12.290.000₫,Lenovo Ideapad 3 14IML05 i3 10110U/8GB/256GB/Win10 (81WA00HPVN),Giá máy mới: 13.790.000₫,,,,,,,,,,,,,,,,,,,,,,,,,,,,,,,
11.840.000₫,HP 240 G8 i3 1005G1/4GB/512GB/Win10 (342G6PA),Giá máy mới: 13.490.000₫,,,,,,,,,,,,,,,,,,,,,,,,,,,,,,,
11.670.000₫,HP 15s du0063TU i5 8265U/4GB/1TB/Win10 (6ZF63PA),Máy mới đã ngừng kinh doanh,,,,,,,,,,,,,,,,,,,,,,,,,,,,,,,
11.670.000₫,HP 15s du0063TU i5 8265U/4GB/1TB/Win10 (6ZF63PA),Máy mới đã ngừng kinh doanh,,,,,,,,,,,,,,,,,,,,,,,,,,,,,,,
11.460.000₫,Lenovo IdeaPad S340 14IIL i3 1005G1/8GB/512GB/Win10 (81VV003VVN),Máy mới đã ngừng kinh doanh,,,,,,,,,,,,,,,,,,,,,,,,,,,,,,,
11.460.000₫,Lenovo IdeaPad S340 14IIL i3 1005G1/8GB/512GB/Win10 (81VV003VVN),Máy mới đã ngừng kinh doanh,,,,,,,,,,,,,,,,,,,,,,,,,,,,,,,
11.580.000₫,Lenovo IdeaPad S340 14IIL i3 1005G1/8GB/512GB/Win10 (81VV003VVN),Máy mới đã ngừng kinh doanh,,,,,,,,,,,,,,,,,,,,,,,,,,,,,,,
11.580.000₫,Lenovo IdeaPad S340 14IIL i3 1005G1/8GB/512GB/Win10 (81VV003VVN),Máy mới đã ngừng kinh doanh,,,,,,,,,,,,,,,,,,,,,,,,,,,,,,,
11.650.000₫,Lenovo IdeaPad S340 14IIL i3 1005G1/8GB/512GB/Win10 (81VV003VVN),Máy mới đã ngừng kinh doanh,,,,,,,,,,,,,,,,,,,,,,,,,,,,,,,
11.710.000₫,Lenovo IdeaPad S340 14IIL i3 1005G1/8GB/512GB/Win10 (81VV003VVN),Máy mới đã ngừng kinh doanh,,,,,,,,,,,,,,,,,,,,,,,,,,,,,,,
11.840.000₫,Lenovo IdeaPad S340 14IIL i3 1005G1/8GB/512GB/Win10 (81VV003VVN),Máy mới đã ngừng kinh doanh,,,,,,,,,,,,,,,,,,,,,,,,,,,,,,,
11.840.000₫,Lenovo IdeaPad S340 14IIL i3 1005G1/8GB/512GB/Win10 (81VV003VVN),Máy mới đã ngừng kinh doanh,,,,,,,,,,,,,,,,,,,,,,,,,,,,,,,
11.330.000₫,Acer Aspire A514 51 58ZJ i5 8265U/4GB+16GB/1TB/Win10 (NX.H6XSV.001),Máy mới đã ngừng kinh doanh,,,,,,,,,,,,,,,,,,,,,,,,,,,,,,,
11.600.000₫,Acer Aspire A514 51 58ZJ i5 8265U/4GB+16GB/1TB/Win10 (NX.H6XSV.001),Máy mới đã ngừng kinh doanh,,,,,,,,,,,,,,,,,,,,,,,,,,,,,,,
11.600.000₫,Acer Aspire A514 51 58ZJ i5 8265U/4GB+16GB/1TB/Win10 (NX.H6XSV.001),Máy mới đã ngừng kinh doanh,,,,,,,,,,,,,,,,,,,,,,,,,,,,,,,
11.600.000₫,Acer Aspire A514 51 58ZJ i5 8265U/4GB+16GB/1TB/Win10 (NX.H6XSV.001),Máy mới đã ngừng kinh doanh,,,,,,,,,,,,,,,,,,,,,,,,,,,,,,,
11.080.000₫,Acer Aspire A515 54 59KT i5 8265U/4GB/1TB/Win10 (NX.HFNSV.009),Máy mới đã ngừng kinh doanh,,,,,,,,,,,,,,,,,,,,,,,,,,,,,,,
11.060.000₫,Acer Aspire A515 53 5112 i5 8265U/4GB+16GB/1TB/Win10 (NX.H6DSV.002),Máy mới đã ngừng kinh doanh,,,,,,,,,,,,,,,,,,,,,,,,,,,,,,,
11.060.000₫,Acer Aspire A515 53 5112 i5 8265U/4GB+16GB/1TB/Win10 (NX.H6DSV.002),Máy mới đã ngừng kinh doanh,,,,,,,,,,,,,,,,,,,,,,,,,,,,,,,
11.060.000₫,Acer Aspire A515 53 5112 i5 8265U/4GB+16GB/1TB/Win10 (NX.H6DSV.002),Máy mới đã ngừng kinh doanh,,,,,,,,,,,,,,,,,,,,,,,,,,,,,,,
11.600.000₫,Acer Aspire A515 53 5112 i5 8265U/4GB+16GB/1TB/Win10 (NX.H6DSV.002),Máy mới đã ngừng kinh doanh,,,,,,,,,,,,,,,,,,,,,,,,,,,,,,,
11.600.000₫,Acer Aspire A515 53 5112 i5 8265U/4GB+16GB/1TB/Win10 (NX.H6DSV.002),Máy mới đã ngừng kinh doanh,,,,,,,,,,,,,,,,,,,,,,,,,,,,,,,
11.600.000₫,Acer Aspire A515 53 5112 i5 8265U/4GB+16GB/1TB/Win10 (NX.H6DSV.002),Máy mới đã ngừng kinh doanh,,,,,,,,,,,,,,,,,,,,,,,,,,,,,,,
11.600.000₫,Acer Aspire A515 53 5112 i5 8265U/4GB+16GB/1TB/Win10 (NX.H6DSV.002),Máy mới đã ngừng kinh doanh,,,,,,,,,,,,,,,,,,,,,,,,,,,,,,,
11.600.000₫,Acer Aspire A515 53 5112 i5 8265U/4GB+16GB/1TB/Win10 (NX.H6DSV.002),Máy mới đã ngừng kinh doanh,,,,,,,,,,,,,,,,,,,,,,,,,,,,,,,
11.060.000₫,Acer Aspire 5 A514 54 3204 i3 1115G4/4GB/512GB/Win10 (NX.A23SV.009),Máy mới đã ngừng kinh doanh,,,,,,,,,,,,,,,,,,,,,,,,,,,,,,,
11.190.000₫,Acer Aspire 5 A514 54 3204 i3 1115G4/4GB/512GB/Win10 (NX.A23SV.009),Máy mới đã ngừng kinh doanh,,,,,,,,,,,,,,,,,,,,,,,,,,,,,,,
11.050.000₫,Lenovo ThinkBook 15IIL i3 1005G1/4GB/512GB/Win10 (20SM00D9VN),Máy mới đã ngừng kinh doanh,,,,,,,,,,,,,,,,,,,,,,,,,,,,,,,
11.050.000₫,Lenovo IdeaPad Slim 3 15IIL05 i3 1005G1/4GB/512GB/Win10 (81WE0132VN),Giá máy mới: 12.990.000₫,,,,,,,,,,,,,,,,,,,,,,,,,,,,,,,
11.160.000₫,Lenovo IdeaPad Slim 3 15IIL05 i3 1005G1/4GB/512GB/Win10 (81WE0132VN),Giá máy mới: 12.990.000₫,,,,,,,,,,,,,,,,,,,,,,,,,,,,,,,
11.160.000₫,Lenovo IdeaPad Slim 3 15IIL05 i3 1005G1/4GB/512GB/Win10 (81WE0132VN),Giá máy mới: 12.990.000₫,,,,,,,,,,,,,,,,,,,,,,,,,,,,,,,
10.990.000₫,HP 340s G7 i3 1005G1/4GB/256GB/Win10 (240Q4PA),Giá máy mới: 12.990.000₫,,,,,,,,,,,,,,,,,,,,,,,,,,,,,,,
11.050.000₫,HP 340s G7 i3 1005G1/4GB/256GB/Win10 (240Q4PA),Giá máy mới: 12.990.000₫,,,,,,,,,,,,,,,,,,,,,,,,,,,,,,,
11.280.000₫,HP 340s G7 i3 1005G1/4GB/256GB/Win10 (240Q4PA),Giá máy mới: 12.990.000₫,,,,,,,,,,,,,,,,,,,,,,,,,,,,,,,
10.930.000₫,HP 240 G8 i3 1005G1/4GB/256GB/Win10 (342G5PA),Giá máy mới: 12.590.000₫,,,,,,,,,,,,,,,,,,,,,,,,,,,,,,,
10.990.000₫,HP 240 G8 i3 1005G1/4GB/256GB/Win10 (342G5PA),Giá máy mới: 12.590.000₫,,,,,,,,,,,,,,,,,,,,,,,,,,,,,,,
11.050.000₫,HP 240 G8 i3 1005G1/4GB/256GB/Win10 (342G5PA),Giá máy mới: 12.590.000₫,,,,,,,,,,,,,,,,,,,,,,,,,,,,,,,
11.160.000₫,HP 240 G8 i3 1005G1/4GB/256GB/Win10 (342G5PA),Giá máy mới: 12.590.000₫,,,,,,,,,,,,,,,,,,,,,,,,,,,,,,,
10.880.000₫,HP Pavilion 15 cs2031TU i3 8145U/4GB/1TBWin10 (6YZ03PA),Máy mới đã ngừng kinh doanh,,,,,,,,,,,,,,,,,,,,,,,,,,,,,,,
10.870.000₫,Lenovo IdeaPad 330 15IKB i5 8250U/4GB/1TB/Win10 (81DE024CVN),Máy mới đã ngừng kinh doanh,,,,,,,,,,,,,,,,,,,,,,,,,,,,,,,
10.840.000₫,Asus VivoBook S530FA i3 8145U/4GB/1TB/Win10 (BQ185T),Máy mới đã ngừng kinh doanh,,,,,,,,,,,,,,,,,,,,,,,,,,,,,,,
10.960.000₫,Asus VivoBook S530FA i3 8145U/4GB/1TB/Win10 (BQ185T),Máy mới đã ngừng kinh doanh,,,,,,,,,,,,,,,,,,,,,,,,,,,,,,,
10.960.000₫,Asus VivoBook S530FA i3 8145U/4GB/1TB/Win10 (BQ185T),Máy mới đã ngừng kinh doanh,,,,,,,,,,,,,,,,,,,,,,,,,,,,,,,
11.030.000₫,Asus VivoBook S530FA i3 8145U/4GB/1TB/Win10 (BQ185T),Máy mới đã ngừng kinh doanh,,,,,,,,,,,,,,,,,,,,,,,,,,,,,,,
11.090.000₫,Asus VivoBook S530FA i3 8145U/4GB/1TB/Win10 (BQ185T),Máy mới đã ngừng kinh doanh,,,,,,,,,,,,,,,,,,,,,,,,,,,,,,,
11.150.000₫,Asus VivoBook S530FA i3 8145U/4GB/1TB/Win10 (BQ185T),Máy mới đã ngừng kinh doanh,,,,,,,,,,,,,,,,,,,,,,,,,,,,,,,
11.520.000₫,Asus VivoBook S530FA i3 8145U/4GB/1TB/Win10 (BQ185T),Máy mới đã ngừng kinh doanh,,,,,,,,,,,,,,,,,,,,,,,,,,,,,,,
10.730.000₫,Asus VivoBook X515EA i3 1115G4/4GB/256GB/Win10 (EJ065T),Máy mới đã ngừng kinh doanh,,,,,,,,,,,,,,,,,,,,,,,,,,,,,,,
10.620.000₫,Lenovo IdeaPad Slim 3 15IIL05 i3 1005G1/4GB/512GB/Win10 (81WE003RVN),Máy mới đã ngừng kinh doanh,,,,,,,,,,,,,,,,,,,,,,,,,,,,,,,
10.450.000₫,Acer Aspire 3 A315 56 36YS i3 1005G1/8GB/512GB/Win10 (NX.HS5SV.008),Máy mới đã ngừng kinh doanh,,,,,,,,,,,,,,,,,,,,,,,,,,,,,,,
10.390.000₫,Asus VivoBook X407UA i5 8250U/4GB+16GB/1TB/Win10/(BV485T),Máy mới đã ngừng kinh doanh,,,,,,,,,,,,,,,,,,,,,,,,,,,,,,,
10.290.000₫,Acer Aspire E5 476 50SZ i5 8250U/4GB+16GB/1TB/Win10 (NX.H33SV.001),Máy mới đã ngừng kinh doanh,,,,,,,,,,,,,,,,,,,,,,,,,,,,,,,
10.290.000₫,Acer Aspire E5 476 50SZ i5 8250U/4GB+16GB/1TB/Win10 (NX.H33SV.001),Máy mới đã ngừng kinh doanh,,,,,,,,,,,,,,,,,,,,,,,,,,,,,,,
10.290.000₫,Acer Aspire E5 476 50SZ i5 8250U/4GB+16GB/1TB/Win10 (NX.H33SV.001),Máy mới đã ngừng kinh doanh,,,,,,,,,,,,,,,,,,,,,,,,,,,,,,,
10.230.000₫,HP Pavilion x360 dh0103TU i3 8145U/4GB/1TB/Touch/Win10 (6ZF24PA),Máy mới đã ngừng kinh doanh,,,,,,,,,,,,,,,,,,,,,,,,,,,,,,,
10.230.000₫,HP Pavilion x360 dh0103TU i3 8145U/4GB/1TB/Touch/Win10 (6ZF24PA),Máy mới đã ngừng kinh doanh,,,,,,,,,,,,,,,,,,,,,,,,,,,,,,,
10.200.000₫,Acer Swift 3 SF315 52 38YQ i3 8130U/4GB/1TB/Win10 (NX.GZBSV.003),Máy mới đã ngừng kinh doanh,,,,,,,,,,,,,,,,,,,,,,,,,,,,,,,
10.440.000₫,Acer Swift 3 SF315 52 38YQ i3 8130U/4GB/1TB/Win10 (NX.GZBSV.003),Máy mới đã ngừng kinh doanh,,,,,,,,,,,,,,,,,,,,,,,,,,,,,,,
10.680.000₫,Acer Swift 3 SF315 52 38YQ i3 8130U/4GB/1TB/Win10 (NX.GZBSV.003),Máy mới đã ngừng kinh doanh,,,,,,,,,,,,,,,,,,,,,,,,,,,,,,,
10.150.000₫,Acer Aspire 5 A514 54 33WY i3 1115G4/4GB/256GB/Win10 (NX.A23SV.00J),Giá máy mới: 13.590.000₫,,,,,,,,,,,,,,,,,,,,,,,,,,,,,,,
10.760.000₫,Acer Aspire 5 A514 54 33WY i3 1115G4/4GB/256GB/Win10 (NX.A23SV.00J),Giá máy mới: 13.590.000₫,,,,,,,,,,,,,,,,,,,,,,,,,,,,,,,
10.140.000₫,Lenovo Ideapad S340 14IWL i3 8145U/8GB/1TB/Win10 (81N70064VN),Máy mới đã ngừng kinh doanh,,,,,,,,,,,,,,,,,,,,,,,,,,,,,,,
9.960.000₫,Acer Swift SF314 54 38J3 i3 8130U/4GB/1TB/Win10 (NX.GXZSV.005),Máy mới đã ngừng kinh doanh,,,,,,,,,,,,,,,,,,,,,,,,,,,,,,,
10.680.000₫,Acer Swift SF314 54 38J3 i3 8130U/4GB/1TB/Win10 (NX.GXZSV.005),Máy mới đã ngừng kinh doanh,,,,,,,,,,,,,,,,,,,,,,,,,,,,,,,
10.680.000₫,Acer Swift SF314 54 38J3 i3 8130U/4GB/1TB/Win10 (NX.GXZSV.005),Máy mới đã ngừng kinh doanh,,,,,,,,,,,,,,,,,,,,,,,,,,,,,,,
10.680.000₫,Acer Swift SF314 54 38J3 i3 8130U/4GB/1TB/Win10 (NX.GXZSV.005),Máy mới đã ngừng kinh doanh,,,,,,,,,,,,,,,,,,,,,,,,,,,,,,,
10.680.000₫,Acer Swift SF314 54 38J3 i3 8130U/4GB/1TB/Win10 (NX.GXZSV.005),Máy mới đã ngừng kinh doanh,,,,,,,,,,,,,,,,,,,,,,,,,,,,,,,
9.890.000₫,Asus VivoBook A412FA i3 8145U/4GB/512GB/Win10 (EK342T),Máy mới đã ngừng kinh doanh,,,,,,,,,,,,,,,,,,,,,,,,,,,,,,,
9.820.000₫,Acer Aspire A315 56 34AY i3 1005G1/4GB/512GB/Win10 (NX.HS5SV.007),Máy mới đã ngừng kinh doanh,,,,,,,,,,,,,,,,,,,,,,,,,,,,,,,
9.700.000₫,HP 14s fq1080AU R3 5300U/4GB/256GB/Win10 (4K0Z7PA),Giá máy mới: 10.890.000₫,,,,,,,,,,,,,,,,,,,,,,,,,,,,,,,
9.510.000₫,Lenovo IdeaPad S145 15IIL i3 1005G1/4GB/256GB/Win10 (81W8001XVN),Máy mới đã ngừng kinh doanh,,,,,,,,,,,,,,,,,,,,,,,,,,,,,,,
8.850.000₫,Acer Aspire A315 56 308N i3 1005G1/4GB/256GB/Win10 (NX.HS5SV.00C),Giá máy mới: 11.990.000₫,,,,,,,,,,,,,,,,,,,,,,,,,,,,,,,
8.960.000₫,Acer Aspire A315 56 308N i3 1005G1/4GB/256GB/Win10 (NX.HS5SV.00C),Giá máy mới: 11.990.000₫,,,,,,,,,,,,,,,,,,,,,,,,,,,,,,,
8.960.000₫,Acer Aspire A315 56 308N i3 1005G1/4GB/256GB/Win10 (NX.HS5SV.00C),Giá máy mới: 11.990.000₫,,,,,,,,,,,,,,,,,,,,,,,,,,,,,,,
9.390.000₫,Acer Aspire A315 56 308N i3 1005G1/4GB/256GB/Win10 (NX.HS5SV.00C),Giá máy mới: 11.990.000₫,,,,,,,,,,,,,,,,,,,,,,,,,,,,,,,
9.930.000₫,Acer Aspire A315 56 308N i3 1005G1/4GB/256GB/Win10 (NX.HS5SV.00C),Giá máy mới: 11.990.000₫,,,,,,,,,,,,,,,,,,,,,,,,,,,,,,,
10.040.000₫,Acer Aspire A315 56 308N i3 1005G1/4GB/256GB/Win10 (NX.HS5SV.00C),Giá máy mới: 11.990.000₫,,,,,,,,,,,,,,,,,,,,,,,,,,,,,,,
8.770.000₫,Asus VivoBook X515MA N5030/4GB/512GB/Win10 (EJ501T),Giá máy mới: 9.990.000₫,,,,,,,,,,,,,,,,,,,,,,,,,,,,,,,
8.700.000₫,Acer Swift 1 SF114 32 P2SG N5000/4GB/64GB/Win10 (NX.GZJSV.001),Máy mới đã ngừng kinh doanh,,,,,,,,,,,,,,,,,,,,,,,,,,,,,,,
8.700.000₫,Acer Swift 1 SF114 32 P2SG N5000/4GB/64GB/Win10 (NX.GZJSV.001),Máy mới đã ngừng kinh doanh,,,,,,,,,,,,,,,,,,,,,,,,,,,,,,,
8.700.000₫,Acer Swift 1 SF114 32 P2SG N5000/4GB/64GB/Win10 (NX.GZJSV.001),Máy mới đã ngừng kinh doanh,,,,,,,,,,,,,,,,,,,,,,,,,,,,,,,
8.700.000₫,Acer Swift 1 SF114 32 P2SG N5000/4GB/64GB/Win10 (NX.GZJSV.001),Máy mới đã ngừng kinh doanh,,,,,,,,,,,,,,,,,,,,,,,,,,,,,,,
8.630.000₫,Asus VivoBook X515MA N5030/4GB/512GB/Win10 (EJ120T),Máy mới đã ngừng kinh doanh,,,,,,,,,,,,,,,,,,,,,,,,,,,,,,,
8.200.000₫,Acer Aspire 3 A314 35 P6JF N6000/4GB/512GB/Win10 (NX.A7SSV.003),Giá máy mới: 9.590.000₫,,,,,,,,,,,,,,,,,,,,,,,,,,,,,,,
8.290.000₫,Acer Aspire 3 A314 35 P6JF N6000/4GB/512GB/Win10 (NX.A7SSV.003),Giá máy mới: 9.590.000₫,,,,,,,,,,,,,,,,,,,,,,,,,,,,,,,
8.460.000₫,Acer Aspire 3 A314 35 P6JF N6000/4GB/512GB/Win10 (NX.A7SSV.003),Giá máy mới: 9.590.000₫,,,,,,,,,,,,,,,,,,,,,,,,,,,,,,,
8.110.000₫,Acer Aspire 3 A315 54K 37B0 i3 8130U/4GB/256GB/Win10 (NX.HEESV.00D),Máy mới đã ngừng kinh doanh,,,,,,,,,,,,,,,,,,,,,,,,,,,,,,,
7.930.000₫,Asus VivoBook X515MA N4020/4GB/256GB/Win10 (EJ504T),Máy mới đã ngừng kinh doanh,,,,,,,,,,,,,,,,,,,,,,,,,,,,,,,
7.930.000₫,Asus VivoBook X515MA N4020/4GB/256GB/Win10 (EJ504T),Máy mới đã ngừng kinh doanh,,,,,,,,,,,,,,,,,,,,,,,,,,,,,,,
7.970.000₫,Asus VivoBook X515MA N4020/4GB/256GB/Win10 (EJ504T),Máy mới đã ngừng kinh doanh,,,,,,,,,,,,,,,,,,,,,,,,,,,,,,,
7.340.000₫,Asus VivoBook X515MA N4020/4GB/256GB/Win10 (BR111T),Giá máy mới: 8.490.000₫,,,,,,,,,,,,,,,,,,,,,,,,,,,,,,,
6.920.000₫,Asus VivoBook X509M N5000/4GB/512GB/Win10 (EJ255T),Máy mới đã ngừng kinh doanh,,,,,,,,,,,,,,,,,,,,,,,,,,,,,,,
