brand,cpu_type,cpu_speed,max_cpu_speed,gpu_type,ram_type,ram,ram_speed,storage,screen_size,resolution,webcam,num_sd_slot,material,os,audio_tech,bluetooth_tech,wifi_tech,weight,thickness,width,length,released,has_lightning,has_thundebolt,has_touchscreen,has_fingerprint,has_camera_lock,has_180_degree,has_face_id,has_antiglare,new_warranty,used_warranty,used_price
Acer,pentium,1.1,3.33,Intel,DDR4,4,2400,512,14,1366 x 768,VGA,0,Nhựa,Windows,Stereo,5,Wi-Fi 5,1.45,19.9,236,328,2020,0,0,0,0,0,0,0,0,12,8.5,8030000
Acer,i3,2.2,3.4,Intel,DDR4,4,2400,256,15.6,1920 x 1080,VGA,0,Nhựa,Windows,Stereo,4.2,Wi-Fi 5,1.7,19.9,247.5,363.4,2019,0,0,0,0,0,0,0,0,12,3,8110000
Acer,i3,1.2,3.4,Intel,DDR4,8,2400,512,15.6,1920 x 1080,VGA,0,Nhựa,Windows,Stereo,4.2,Wi-Fi 5,1.7,19.9,247.5,363.4,2020,0,0,0,0,0,1,0,0,12,7,11330000
Acer,i5,1,3.6,Intel,DDR4,8,2400,512,15.6,1920 x 1080,VGA,0,Nhựa,Windows,Stereo,4.2,Wi-Fi 5,1.7,19.9,247.5,363.4,2020,0,0,0,0,0,1,0,0,12,9,13190000
Acer,i5,2.4,4.2,Intel,DDR4,8,,512,15.6,1920 x 1200,HD,0,Nhựa,Windows,Stereo,5,Wi-Fi 5,1.7,19.9,238.4,363.4,2021,0,0,0,0,0,0,0,0,12,9.5,14530000
Acer,i7,2.8,4.7,Intel,DDR4,8,,512,15.6,1920 x 1200,HD,0,Nhựa,Windows,Stereo,5,Wi-Fi 5,1.7,19.9,238.4,363.4,2021,0,0,0,0,0,0,0,0,12,9.5,17090000
Acer,i5,2.4,4.2,NVIDIA MX,DDR4,8,,512,15.6,1920 x 1200,HD,0,Nhựa,Windows,Stereo,5,Wi-Fi 5,1.7,19.9,238.4,363.4,2021,0,0,0,0,0,0,0,0,12,9.5,16240000
Acer,i3,3,4.1,Intel,DDR4,4,2666,256,14,1920 x 1080,HD,0,Nhựa,Windows,TrueHarmony,5.1,Wi-Fi 6,1.46,17.95,223,328,2020,0,0,0,0,0,0,0,1,12,5.5,10640000
Acer,R5,2.1,4,NVIDIA GTX,DDR4,8,3200,256,15.6,1920 x 1080,HD,0,Nhựa,Windows,TrueHarmony,5,Wi-Fi 6,2.1,22.9,254.5,363.4,2021,1,0,0,0,0,0,0,1,12,7.5,16370000
Acer,i5,2.4,4.1,NVIDIA GTX,DDR4,8,2666,512,15.6,1920 x 1080,HD,0,Nhựa,Windows,TrueHarmony,5,Wi-Fi 6,2.1,20.9,254.5,363.4,2020,1,0,0,0,0,0,0,1,12,6,17420000
Acer,i3,1.2,3.4,Intel,DDR4,4,2400,256,15.6,1920 x 1080,VGA,0,Nhựa,Windows,Stereo,5,Wi-Fi 5,1.7,19.9,247.5,363.4,2020,0,0,0,0,0,1,0,0,12,3,8850000
Acer,i5,1.6,3.9,Intel,DDR4,4,2666,1024,14,720 x 1280,HD,1,Nhựa,Windows,Stereo,4.2,Wi-Fi 5,1.9,22.2,251,343,2018,0,0,0,0,0,0,0,0,12,3.5,11200000
Acer,i5,1,3.6,Intel,DDR4,8,2666,512,14,1920 x 1080,HD,0,Nhựa,Windows,TrueHarmony,5,Wi-Fi 6,1.5,17.95,236,328.8,2020,0,0,0,0,0,1,0,0,12,3,12540000
Acer,i5,1,3.6,NVIDIA MX,DDR4,8,2666,512,14,1920 x 1080,HD,0,Nhựa,Windows,TrueHarmony,5,Wi-Fi 6,1.5,17.95,236,328.8,2020,0,0,0,0,0,1,0,0,12,3,13650000
Acer,i5,2.4,4.2,Intel,DDR4,8,2666,1024,14,1920 x 1080,HD,0,Nhựa,Windows,TrueHarmony,5.1,Wi-Fi 6,1.46,17.95,223,328,2021,1,0,0,0,0,0,0,0,12,9,16570000
Acer,i5,1.6,3.9,Intel,DDR4,4,2400,1024,15.6,1920 x 1080,HD,1,Nhựa,Windows,Stereo,4.2,Wi-Fi 5,2,22.45,257.5,363.4,2018,0,0,0,0,0,0,0,0,12,3,11060000
Acer,i5,1.6,3.9,Intel,DDR4,4,2400,1024,15.6,1920 x 1080,HD,0,Nhựa,Windows,TrueHarmony,5,Wi-Fi 5,1.7,17.95,250.5,363.4,2019,0,0,0,0,0,0,0,0,12,6,11080000
Acer,i5,1.6,3.4,Intel,DDR4,4,2133,1024,14,1920 x 1080,HD,3,Nhựa,Windows,TrueHarmony,4,Wi-Fi 5,1.85,23.7,248,343,2018,0,0,0,0,0,0,0,0,12,6,10290000
Acer,i7,1.8,4,NVIDIA MX,DDR3L,4,2133,1024,15.6,1920 x 1080,HD,3,Nhựa,Windows,TrueHarmony,4,Wi-Fi 5,2.23,30.4,259,381.6,2018,0,0,0,0,0,0,0,0,12,3,12390000
Acer,i5,2.5,4.5,NVIDIA GTX,DDR4,8,2933,512,15.6,1920 x 1080,HD,0,Nhựa,Windows,DTS,5,Wi-Fi 6,2.3,23.9,255,363.4,2020,1,0,0,0,0,0,0,1,12,3.5,17560000
Acer,i5,2.7,4.5,NVIDIA RTX,DDR4,8,3200,512,15.6,1920 x 1080,HD,0,Nhựa,Windows,DTS,5.1,Wi-Fi 6,2.2,23.9,255,363.4,2021,1,0,0,0,0,0,0,0,12,9.5,22220000
Acer,i7,2.2,5,NVIDIA GTX,DDR4,8,2933,512,15.6,1920 x 1080,HD,0,Nhựa,Windows,DTS,5,Wi-Fi 6,2.3,23.9,255,363.4,2020,1,0,0,0,0,0,0,1,12,6,21770000
Acer,R5,3,4,NVIDIA GTX,DDR4,8,3200,512,15.6,1920 x 1080,HD,0,Nhựa,Windows,DTS,5,Wi-Fi 6,2.172,23.9,255,363.4,2020,1,0,0,0,0,0,0,0,12,6,18210000
Acer,R5,3.3,4.2,NVIDIA GTX,DDR4,8,3200,512,15.6,1920 x 1080,HD,0,Nhựa,Windows,DTS,5,Wi-Fi 6,2.2,23.9,255,363.4,2021,1,0,0,0,0,0,0,0,12,7.5,19240000
Acer,i5,3.1,4.4,NVIDIA GTX,DDR4,16,3200,512,15.6,1920 x 1080,HD,0,Nhựa,Windows,DTS,5.1,Wi-Fi 6,2.2,23.9,255,363.4,2021,1,0,0,0,0,0,0,0,12,6,20580000
Acer,i5,2.7,4.5,NVIDIA RTX,DDR4,16,3200,512,15.6,1920 x 1080,HD,0,Nhựa,Windows,DTS,5.1,Wi-Fi 6,2.2,23.9,255,363.4,2021,1,0,0,0,0,0,0,0,12,9.5,22560000
Acer,i5,2.7,4.5,NVIDIA RTX,DDR4,8,3200,512,15.6,1920 x 1080,HD,0,Nhựa,Windows,DTS,5.1,Wi-Fi 6,2.2,23.9,255,363.4,2021,1,0,0,0,0,0,0,0,12,10.5,28800000
Acer,i7,2.3,4.6,NVIDIA RTX,DDR4,8,3200,512,15.6,1920 x 1080,HD,0,Nhựa,Windows,DTS,5.1,Wi-Fi 6,2.2,23.9,255,363.4,2021,1,0,0,0,0,0,0,0,12,10,25910000
Acer,i7,2.3,4.6,NVIDIA RTX,DDR4,8,3200,512,15.6,1920 x 1080,HD,0,Nhựa,Windows,DTS,5.1,Wi-Fi 6,2.2,23.9,255,363.4,2021,1,0,0,0,0,0,0,0,12,8.5,25100000
Acer,i7,2.3,4.6,NVIDIA RTX,DDR4,16,3200,512,15.6,2560 x 1440,HD,0,Nhựa,Windows,DTS,5.1,Wi-Fi 6,2.3,22.9,255,363,2021,1,0,0,0,0,0,0,0,12,11,35270000
Acer,i5,1.6,3.4,Intel,DDR4,4,2400,256,14,1920 x 1080,HD,1,Nhựa,Windows,TrueHarmony,,,1.7,20.8,230,335,2018,0,0,1,0,0,0,0,0,12,6,13060000
Acer,i5,1.6,3.4,Intel,DDR4,8,2400,256,13.3,1920 x 1080,HD,1,Kim loại,Windows,TrueHarmony,4.1,Wi-Fi 5,1.56,15.9,226,324,2018,1,0,1,1,0,0,0,0,12,6,16680000
Acer,pentium,1.1,2.7,Intel,DDR4,4,2133,,14,1920 x 1080,HD,1,Kim loại,Windows,TrueHarmony,5,Wi-Fi 5,1.3,14.95,228,323,2018,0,0,0,1,0,0,0,0,12,6,8700000
Acer,i5,1.6,3.9,Intel,DDR4,8,2133,256,13.3,1920 x 1080,HD,1,Kim loại,Windows,TrueHarmony,4,Wi-Fi 5,1.35,15.9,214,308.8,2019,1,0,0,1,0,0,0,0,12,3,17700000
Acer,i5,2.4,4.2,Intel,LPDDR4X,16,4266,512,13.5,2256 x 1504,HD,0,Kim loại,Windows,DTS,5.1,Wi-Fi 6,1.19,15.95,233.88,302.5,2020,1,1,0,1,0,0,0,0,12,7,18620000
Acer,i5,2.4,4.2,Intel,LPDDR4X,16,4266,512,14,1920 x 1080,HD,0,Kim loại,Windows,DTS,5.1,Wi-Fi 6,1.19,15.9,212.2,322.8,2021,1,1,0,1,0,0,0,0,12,8.5,16870000
Acer,i5,1.6,3.4,Intel,DDR4,4,2400,1024,14,1920 x 1080,HD,3,Kim loại,Windows,TrueHarmony,4,Wi-Fi 5,1.5,18.7,,,2018,1,0,0,1,0,0,0,0,12,3,12020000
Acer,i5,1.6,3.9,Intel,DDR4,4,2133,256,14,1920 x 1080,HD,1,Kim loại,Windows,TrueHarmony,5,Wi-Fi 5,1.5,17.95,228,323,2018,1,0,0,1,0,0,0,0,12,3,13280000
Acer,i5,1,3.6,Intel,DDR4,8,2666,512,14,1920 x 1080,HD,0,Hợp kim,Windows,TrueHarmony,5,Wi-Fi 6,1.19,15.95,217,319.5,2019,1,0,0,1,0,0,0,0,12,3,14010000
Acer,i5,1.6,3.4,Intel,DDR4,4,2400,1024,15.6,1920 x 1080,HD,1,Kim loại,Windows,Stereo,4.2,Wi-Fi 5,1.7,18.9,255,370,2019,1,0,0,1,0,0,0,0,12,4.5,13000000
Acer,i3,2.2,3.4,Intel,DDR4,4,2400,1024,15.6,1920 x 1080,HD,1,Kim loại,Windows,TrueHarmony,4,Wi-Fi 5,1.7,16.9,243,359,2018,1,0,0,1,0,0,0,0,12,3.5,9770000
Acer,i5,1.6,3.4,Intel,DDR4,8,2133,256,15.6,1920 x 1080,HD,1,Kim loại,Windows,TrueHarmony,4.2,Wi-Fi 5,1.7,16.9,243,359,2018,1,0,0,1,0,0,0,0,12,6,13050000
Acer,i5,1,3.6,NVIDIA MX,DDR4,8,2666,512,14,1920 x 1080,HD,0,Hợp kim,Windows,TrueHarmony,5,Wi-Fi 6,1.19,15.95,217,319.5,2019,1,1,0,1,0,0,0,0,12,3,14750000
Acer,i7,1.8,4,Intel,DDR3,8,2133,256,14,1920 x 1080,HD,0,Hợp kim,Windows,TrueHarmony,,,0.94,14.9,228,329,2018,1,0,1,1,0,0,0,0,12,3,19770000
Acer,i5,1.6,3.9,Intel,DDR4,8,2400,256,14,1920 x 1080,HD,0,Hợp kim,Windows,Dolby,5,Wi-Fi 5,0.97,14.9,228,329,2018,1,0,1,1,0,0,0,0,12,3,17000000
Acer,i7,1.8,4.6,Intel,DDR4,8,2133,256,14,1920 x 1080,HD,0,Hợp kim,Windows,Dolby,5,Wi-Fi 5,0.94,14.9,228,329,2018,1,0,1,1,0,0,0,0,12,3,19620000
Acer,i7,1.8,4.6,Intel,DDR4,8,2400,256,14,1920 x 1080,HD,0,Hợp kim,Windows,TrueHarmony,5,Wi-Fi 5,0.94,14.9,228,329,2018,1,0,1,1,0,0,0,0,12,3,20660000
Acer,i7,1.5,4.2,Intel,DDR3,16,1866,512,14,1920 x 1080,HD,0,Hợp kim,Windows,TrueHarmony,5,Wi-Fi 5,9.95,191.5,317.9,890,2019,1,1,1,1,0,0,0,0,12,3,36890000
Acer,i3,2.2,3.4,Intel,DDR4,4,2133,1024,14,1920 x 1080,HD,1,Kim loại,Windows,TrueHarmony,4,Wi-Fi 5,1.5,18.7,228,323,,1,0,0,1,0,0,0,0,12,3,9760000
Acer,i3,2.7,3.1,Intel,DDR3L,4,2133,128,12,2160 x 1440,HD,1,Kim loại,Windows,Stereo,4,Wi-Fi 5,0.92,9.6,201.8,292.9,2019,1,0,1,1,0,0,0,0,12,3,16600000
Apple,i5,1.8,2.9,Intel,DDR3L,8,1600,128,13.3,1440 x 900,HD,1,Kim loại,MacOS,Other,4,Wi-Fi 5,1.35,17,,,2017,1,1,0,0,0,0,0,0,12,3,16370000
Apple,i3,1.1,3.2,Intel,LPDDR4X,8,3733,256,13.3,2560 x 1600,HD,0,Kim loại,MacOS,Other,5,Wi-Fi 5,1.29,4.1,16.1,212.4,2020,1,1,0,1,0,0,0,0,12,3,23740000
Apple,i3,1.1,3.2,Intel,LPDDR4X,8,3733,256,13.3,2560 x 1600,HD,0,Kim loại,MacOS,Other,5,Wi-Fi 5,1.29,4.1,16.1,212.4,2020,1,1,0,1,0,0,0,0,12,3,23030000
Apple,i5,1.1,3.5,Intel,LPDDR4X,8,3733,256,13.3,2560 x 1600,HD,0,Kim loại,MacOS,Other,5,Wi-Fi 5,1.29,4.1,16.1,212.4,2020,1,1,0,1,0,0,0,0,12,3,25150000
Apple,M1,,,Intel,,16,,256,13.3,2560 x 1600,HD,0,Kim loại,MacOS,Other,5,Wi-Fi 6,1.29,4.1,16.1,212.4,2020,1,1,0,1,0,0,0,0,12,7,29060000
Apple,M1,,,Intel,,16,,512,13.3,2560 x 1600,HD,0,Kim loại,MacOS,Other,5,Wi-Fi 6,1.29,4.1,16.1,212.4,2020,1,1,0,1,0,0,0,0,12,9.5,34650000
Apple,M1,,,Intel,,8,,256,13.3,2560 x 1600,HD,0,Kim loại,MacOS,Other,5,Wi-Fi 6,1.29,4.1,16.1,212.4,2020,1,1,0,1,0,0,0,0,12,3,23740000
Apple,M1,,,Intel,,8,,512,13.3,2560 x 1600,HD,0,Kim loại,MacOS,Other,5,Wi-Fi 6,1.29,4.1,16.1,212.4,2020,1,1,0,1,0,0,0,0,12,5.5,29440000
Apple,M1,,,Intel,,16,,1024,13.3,2560 x 1600,HD,0,Kim loại,MacOS,Dolby,5,Wi-Fi 6,1.4,15.6,212.4,304.1,2020,1,1,0,1,0,0,0,0,12,6,43930000
Apple,M1,,,Intel,,16,,512,13.3,2560 x 1600,HD,0,Kim loại,MacOS,Dolby,5,Wi-Fi 6,1.4,15.6,212.4,304.1,2020,1,1,0,1,0,0,0,0,12,3.5,37050000
Apple,M1,,,Intel,,8,,256,13.3,2560 x 1600,HD,0,Kim loại,MacOS,Dolby,5,Wi-Fi 6,1.4,15.6,212.4,304.1,2020,1,1,0,1,0,0,0,0,12,3,28660000
Apple,M1,,,Intel,,8,,512,13.3,2560 x 1600,HD,0,Kim loại,MacOS,Dolby,5,Wi-Fi 6,1.4,15.6,212.4,304.1,2020,1,1,0,1,0,0,0,0,12,3,32750000
Apple,M1,,,Intel,,16,,256,13.3,2560 x 1600,HD,0,Kim loại,MacOS,Dolby,5,Wi-Fi 6,1.4,15.6,212.4,304.1,2020,1,1,0,1,0,0,0,0,12,7,33170000
Apple,i5,1.4,3.9,Intel,LPDDR3,8,2133,256,13.3,2560 x 1600,HD,0,Kim loại,MacOS,Dolby,5,Wi-Fi 5,1.4,15.6,212.4,304.1,2020,1,1,0,1,0,0,0,0,12,3,28660000
Apple,,1.6,2.7,Intel,DDR3L,4,1600,,13.3,1440 x 900,HD,1,Kim loại,,Other,4,Wi-Fi 5,1.35,,,,,,1,0,0,0,0,0,0,12,6,19450000
Apple,i5,1.1,3.5,Intel,LPDDR4X,8,3733,256,13.3,2560 x 1600,HD,0,Kim loại,MacOS,Other,5,Wi-Fi 5,1.29,4.1,16.1,212.4,2020,1,1,0,1,0,0,0,0,12,3,26200000
Apple,,1.6,2.7,Intel,DDR3L,4,1600,,11.6,1366 x 768,HD,0,Kim loại,MacOS,Other,4,Wi-Fi 5,1.08,17,192,300,,,1,0,0,0,0,0,0,12,6,18230000
Apple,i5,1.6,2.7,Intel,DDR3L,8,1600,128,13.3,1440 x 900,HD,1,Kim loại,MacOS,Other,4,Wi-Fi 5,1.35,17,,,,1,1,0,0,0,0,0,0,12,3,18420000
Apple,i7,2.6,4.5,,DDR4,16,2400,256,15.4,2880 x 1800,HD,0,Kim loại,MacOS,Stereo,5,Wi-Fi 5,1.83,15.5,240.7,349.3,,1,1,0,1,0,0,0,0,12,5,48120000
Apple,i5,2.3,3.6,Intel,DDR3,8,2133,128,13.3,2560 x 1600,HD,0,Kim loại,MacOS,Other,4.2,Wi-Fi 5,1.37,14.9,,,,1,1,0,0,0,0,0,0,12,6,28760000
Apple,i5,2.9,3.3,Intel,DDR4,8,2133,256,13.3,2560 x 1600,HD,0,Kim loại,MacOS,Other,4.2,Wi-Fi 5,1.37,14.9,212.4,304.1,,1,1,0,0,0,0,0,0,12,6,37220000
Apple,i5,3.1,3.5,Intel,DDR3,8,2133,256,13.3,2560 x 1600,HD,0,Kim loại,MacOS,Other,4.2,Wi-Fi 5,1.37,14.9,,,,1,1,0,0,0,0,0,0,12,6,36370000
Asus,i5,1.6,4.2,Intel,LPDDR3,8,2133,512,14,1920 x 1080,HD,0,Hợp kim,Windows,Harman,5,Wi-Fi 6,0.995,14.9,203,320,2020,1,1,0,1,0,0,1,0,24,12,30090000
Asus,i7,2.6,4.5,NVIDIA RTX,DDR4,8,2666,512,15.6,1920 x 1080,,0,Kim loại,Windows,Smart AMP,5,Wi-Fi 5,2.4,26,275,360,2019,1,0,0,0,0,0,0,1,24,6.5,28950000
Asus,i7,2.6,4.5,NVIDIA GTX,DDR4,8,2666,512,15.6,1920 x 1080,,0,Nhựa,Windows,Smart AMP,5,Wi-Fi 5,2.4,26,275,360,2019,1,0,0,0,0,0,0,1,24,6.5,20370000
Asus,i5,2.5,4.5,NVIDIA GTX,DDR4,8,2933,512,15.6,1920 x 1080,,0,Nhựa,Windows,Smart AMP,5.1,Wi-Fi 6,2.3,25.8,275,360,2020,1,0,0,0,0,0,0,0,24,17,20500000
Asus,i7,2.6,5,NVIDIA GTX,DDR4,8,2933,512,15.6,1920 x 1080,,0,Nhựa,Windows,Smart AMP,5.1,Wi-Fi 6,2.3,25.8,275,360,2020,1,0,0,0,0,0,0,0,24,12,22500000
Asus,R9,3,4.6,NVIDIA RTX,DDR4,16,3200,1024,14,2560 x 1440,,0,Nhựa,Windows,Dolby,5.1,Wi-Fi 6,1.7,19.9,220,324,2021,1,0,0,1,0,0,0,1,24,23,44540000
Asus,i5,2.7,4.5,NVIDIA RTX,DDR4,8,2933,512,15.6,1920 x 1080,HD,0,Nhựa,Windows,DTS,5.2,Wi-Fi 6,2.3,24.9,256,359,2020,1,1,0,0,0,0,0,1,24,12,20580000
Asus,i7,2.3,4.6,NVIDIA RTX,DDR4,8,3200,512,15.6,1920 x 1080,HD,0,Nhựa,Windows,DTS,5.2,Wi-Fi 6,2.3,24.9,256,359,2021,1,1,0,0,0,0,0,1,24,20.5,24740000
Asus,i5,2.7,4.5,NVIDIA RTX,DDR4,8,3200,512,15.6,1920 x 1080,HD,0,Nhựa,Windows,DTS,5.2,Wi-Fi 6,2.3,24.9,256,359,2021,1,0,0,0,0,0,0,1,24,22,22920000
Asus,i7,2.3,4.6,NVIDIA RTX,DDR4,8,3200,512,15.6,1920 x 1080,HD,0,Nhựa,Windows,DTS,5.2,Wi-Fi 6,2.3,24.9,256,359,2021,1,0,0,0,0,0,0,1,24,22,25130000
Asus,i5,2.5,4.5,NVIDIA GTX,DDR4,8,2933,512,15.6,1920 x 1080,HD,0,Nhựa,Windows,DTS,5,Wi-Fi 6,2.3,24.9,256,359,2020,1,0,0,0,0,0,0,1,24,20.5,19100000
Asus,i7,3.3,4.8,NVIDIA RTX,DDR4,8,3200,512,15.6,1920 x 1080,,0,Nhựa,Windows,DTS,5.1,Wi-Fi 6,2,19.9,252,360,2021,1,1,0,0,0,0,0,1,24,20.5,26050000
Asus,i7,3.3,4.8,NVIDIA RTX,DDR4,16,3200,512,15.6,1920 x 1080,,0,Nhựa,Windows,DTS,5.1,Wi-Fi 6,2,19.9,252,360,2021,1,1,0,0,0,0,0,1,24,20,28500000
Asus,i5,2.7,4.5,NVIDIA RTX,DDR4,8,3200,512,17.3,1920 x 1080,HD,0,Nhựa,Windows,DTS,5.2,Wi-Fi 6,2.6,23.9,269,399,2021,1,1,0,0,0,0,0,1,24,12,20950000
Asus,i7,2.3,4.6,NVIDIA RTX,DDR4,8,3200,512,17.3,1920 x 1080,HD,0,Nhựa,Windows,DTS,5.2,Wi-Fi 6,2.6,23.9,269,399,2021,1,1,0,0,0,0,0,1,24,21,27930000
Asus,i3,2.1,4.1,Intel,DDR4,4,2666,512,14,1920 x 1080,HD,1,Nhựa,Windows,SonicMaster,4.2,Wi-Fi 5,1.406,19.5,212,322,2020,0,0,0,1,0,0,0,0,24,16,10840000
Asus,i3,2.1,3.9,Intel,DDR4,4,2400,512,14,1920 x 1080,HD,1,Nhựa,Windows,SonicMaster,4.1,Wi-Fi 5,1.5,19,212,322,2019,0,0,0,1,0,0,0,1,24,12,9890000
Asus,i3,3,4.1,Intel,DDR4,8,3200,512,14,1920 x 1080,HD,1,Nhựa,Windows,Harman,5,Wi-Fi 6,1.4,17.9,215,324,2021,0,0,0,1,0,0,0,1,24,21.5,14290000
Asus,i3,3,4.1,Intel,DDR4,8,3200,512,14,1920 x 1080,HD,1,Nhựa,Windows,Harman,5,Wi-Fi 6,1.4,17.9,215,324,2021,0,0,0,1,0,0,0,1,24,21,13960000
Asus,i5,2.4,4.2,Intel,DDR4,8,3200,512,14,1920 x 1080,HD,1,Nhựa,Windows,Harman,5,Wi-Fi 6,1.4,17.9,215,324,2020,0,0,0,1,0,0,0,1,24,19,16580000
Asus,i5,2.4,4.2,Intel,DDR4,8,3200,512,14,1920 x 1080,HD,1,Nhựa,Windows,Harman,5,Wi-Fi 6,1.4,17.9,215,324,2020,0,0,0,1,0,0,0,1,24,21,16330000
Asus,i5,2.4,4.2,Intel,DDR4,8,3200,512,14,1920 x 1080,HD,1,Nhựa,Windows,Harman,5,Wi-Fi 6,1.4,17.9,215,324,2020,0,0,0,1,0,0,0,1,24,15.5,14650000
Asus,i3,3,4.1,Intel,DDR4,8,3200,512,15.6,1920 x 1080,HD,1,Nhựa,Windows,Harman,5,Wi-Fi 6,1.8,17.9,235,359,2020,0,0,0,1,0,0,0,1,24,20.5,14320000
Asus,i3,3,4.1,Intel,,8,3200,512,15.6,1920 x 1080,HD,1,Kim loại,Windows,Harman,5,Wi-Fi 6,1.8,17.9,235,359,2020,0,0,0,1,0,0,0,1,24,15.5,13330000
Asus,i5,2.4,4.2,Intel,DDR4,8,3200,512,15.6,1920 x 1080,HD,1,Nhựa,Windows,Harman,5,Wi-Fi 6,1.8,17.9,235,359,2021,0,0,0,1,0,0,0,0,24,22,17630000
Asus,i5,2.4,4.2,NVIDIA MX,DDR4,8,3200,512,15.6,1920 x 1080,HD,1,Nhựa,Windows,Harman,5,Wi-Fi 6,1.8,17.9,235,359,2020,0,0,0,1,0,0,0,0,24,20.5,18060000
Asus,i3,3,4.1,Intel,LPDDR4X,4,4266,512,14,1920 x 1080,HD,1,Nhựa,Windows,Harman,5,Wi-Fi 6,1.5,18.7,220,324,2021,1,1,1,1,0,0,0,0,24,22,14100000
Asus,i7,2.6,4.5,NVIDIA GTX,DDR4,8,2666,512,15.6,1920 x 1080,HD,1,Nhựa,Windows,Harman,4.2,Wi-Fi 5,1.8,21.9,248,359,2020,0,0,0,1,0,0,0,1,24,10.5,19070000
Asus,i5,1.6,3.9,NVIDIA MX,DDR4,8,2400,256,14,1920 x 1080,VGA,1,Kim loại,Windows,SonicMaster,4.1,Wi-Fi 5,1.4,18,226,323,2018,1,0,0,1,0,0,0,1,24,11,15260000
Asus,i5,1.6,3.9,Intel,DDR4,8,2400,1024,15.6,1920 x 1080,VGA,1,Kim loại,Windows,SonicMaster,4.1,Wi-Fi 5,1.8,18,143,361,2018,1,0,0,1,0,0,0,0,24,9,14070000
Asus,i3,2.1,3.9,Intel,DDR4,4,2400,1024,15.6,1920 x 1080,HD,1,Kim loại,Windows,SonicMaster,4.1,Wi-Fi 5,1.8,18,243,361,2018,1,0,0,1,0,0,0,1,24,3,10090000
Asus,i5,1.6,3.9,NVIDIA MX,DDR4,4,2400,1024,15.6,1920 x 1080,HD,1,Nhựa,Windows,SonicMaster,4.1,Wi-Fi 5,1.76,18,243.5,361.4,2018,1,0,0,1,0,0,0,0,24,13,14490000
Asus,i7,1.8,4.6,NVIDIA MX,DDR4,8,2400,1024,15.6,1920 x 1080,HD,1,Kim loại,Windows,SonicMaster,4.1,Wi-Fi 5,1.8,18,243.5,361.4,2018,1,0,0,1,0,0,0,0,24,6,15600000
Asus,i5,1.6,3.4,NVIDIA MX,DDR4,4,2400,1024,15.6,1920 x 1080,HD,1,Kim loại,Windows,SonicMaster,4.2,Wi-Fi 5,1.8,18,243,361,2018,1,0,0,1,0,0,0,0,24,3,12510000
Asus,i5,2.4,4.2,Intel,DDR4,8,3200,512,15.6,1920 x 1080,HD,1,Kim loại,Windows,Harman,5,Wi-Fi 6,1.8,16.1,233.8,359.8,2021,1,1,0,1,0,0,0,1,24,18.5,16920000
Asus,i5,2.4,4.2,Intel,DDR4,8,3200,512,15.6,1920 x 1080,HD,1,Kim loại,Windows,Harman,5,Wi-Fi 6,1.8,16.1,233.8,359.8,2021,1,1,0,1,0,0,0,1,24,19,17430000
Asus,R7,2,4.1,AMD,DDR4,8,3200,512,14,1920 x 1080,HD,1,Kim loại,Windows,Harman,5,Wi-Fi 6,1.5,18.2,220,324,2021,1,0,1,0,0,0,0,0,24,22.5,17720000
Asus,i5,1.6,3.4,Intel,DDR4,4,2400,1024,14,1366 x 768,HD,1,Nhựa,Windows,SonicMaster,,,1.55,22.9,,,,0,0,0,1,0,0,0,1,24,12,10390000
Asus,i7,1.8,4,NVIDIA MX,DDR4,4,2400,1024,14,1366 x 768,VGA,1,Nhựa,Windows,SonicMaster,,,1.54,21.9,246,328,2018,0,0,0,1,0,0,0,1,24,6,11950000
Asus,i7,1.8,4,NVIDIA MX,DDR4,4,2400,1024,14,1366 x 768,VGA,1,Nhựa,Windows,SonicMaster,,,1.54,21.9,246,328,2018,0,0,0,1,0,0,0,1,24,15.5,13910000
Asus,i3,3,4.1,Intel,DDR4,4,3200,512,14,1920 x 1080,VGA,1,Nhựa,Windows,SonicMaster,4.1,Wi-Fi 5,1.55,19.9,216,325.4,2020,0,0,0,1,0,0,0,1,24,20,11910000
Asus,i3,3,4.1,Intel,DDR4,4,3200,512,14,1920 x 1080,VGA,0,Nhựa,Windows,SonicMaster,4.1,Wi-Fi 5,1.55,19.9,216,325.4,2020,0,0,0,1,0,0,0,1,24,21,12820000
Asus,i5,2.4,4.2,Intel,DDR4,8,3200,512,14,1920 x 1080,VGA,1,Nhựa,Windows,SonicMaster,4.1,Wi-Fi 5,1.55,19.9,216,325.4,2020,0,0,0,1,0,0,0,1,24,20.5,15280000
Asus,i5,2.4,4.2,Intel,DDR4,8,3200,512,14,1920 x 1080,VGA,0,Nhựa,Windows,SonicMaster,4.1,Wi-Fi 5,1.55,19.9,216,325.4,2020,0,0,0,1,0,0,0,1,24,20.5,15280000
Asus,i7,1.8,4,NVIDIA MX,DDR4,4,2400,1024,15.6,1366 x 768,VGA,1,Nhựa,Windows,Realtek,,,1.8,21.9,266,365,2018,0,0,0,1,0,0,0,1,24,11.5,13300000
Asus,i7,1.8,4,NVIDIA MX,DDR4,4,2400,1024,15.6,1920 x 1080,VGA,1,Nhựa,Windows,Realtek,,,1.8,21.9,266,365,2018,0,0,0,1,0,0,0,0,24,12.5,13690000
Asus,i5,1,3.6,NVIDIA MX,DDR4,8,2666,512,15.6,1920 x 1080,VGA,1,Nhựa,Windows,SonicMaster,4.2,Wi-Fi 5,1.73,22.9,234.9,360.2,2019,0,0,0,1,0,0,0,1,24,14,13920000
Asus,i3,3,4.1,Intel,DDR4,4,3200,256,15.6,1920 x 1080,VGA,0,Nhựa,Windows,SonicMaster,4.1,Wi-Fi 5,1.8,19.9,234.9,360.2,2021,0,0,0,1,0,0,0,1,24,22,12250000
Asus,i3,3,4.1,Intel,DDR4,4,3200,256,15.6,1920 x 1080,VGA,1,Nhựa,Windows,SonicMaster,4.1,Wi-Fi 5,1.8,19.9,234.9,360.2,2020,0,0,0,1,0,0,0,1,24,16,10670000
Asus,i5,2.4,4.2,NVIDIA MX,DDR4,8,3200,512,15.6,1920 x 1080,VGA,1,Nhựa,Windows,SonicMaster,4.1,Wi-Fi 5,1.8,19.9,234.9,360.2,2020,0,0,0,1,0,0,0,1,24,19.5,16320000
Asus,pentium,1.1,3.1,Intel,DDR4,4,2666,512,15.6,1920 x 1080,VGA,0,Nhựa,Windows,SonicMaster,4.1,Wi-Fi 5,1.8,19.9,234.9,360.2,2020,0,0,0,1,0,0,0,1,24,22.5,8860000
Asus,i7,1.8,4.6,Intel,DDR3L,8,2133,512,13.3,1920 x 1080,HD,1,Kim loại,Windows,Realtek,5,Wi-Fi 5,1.25,16.9,189,302,2018,1,0,0,0,0,0,1,0,24,5,19680000
Asus,i5,1.6,3.9,NVIDIA MX,DDR3L,8,2133,512,13.3,1920 x 1080,HD,1,Kim loại,Windows,Harman,5,Wi-Fi 5,1.19,16.9,189,302,2019,1,0,0,0,0,0,1,1,24,9,17200000
Asus,i5,1.6,3.9,NVIDIA MX,DDR3L,8,2133,512,14,1920 x 1080,,1,Kim loại,Windows,Harman,5,Wi-Fi 5,1.19,15.9,199,319,2018,1,0,0,0,0,0,1,1,24,9,17970000
Asus,i5,1.6,3.9,NVIDIA MX,DDR3L,8,2133,512,14,1920 x 1080,,1,Kim loại,Windows,Harman,5,Wi-Fi 5,1.19,15.9,199,319,2018,1,0,0,0,0,0,1,1,24,5,18580000
Asus,i5,2.4,4.2,NVIDIA MX,LPDDR4X,8,4267,512,14,1920 x 1080,HD,1,Kim loại,Windows,Harman,5,Wi-Fi 6,1.62,17.3,222,324,2021,1,1,1,0,0,0,1,1,24,19,29920000
Asus,i5,1.6,3.9,NVIDIA MX,LPDDR3,8,2133,512,13.3,1920 x 1080,HD,1,Kim loại,Windows,Harman,5,Wi-Fi 5,1.35,18.5,189,302.1,2019,1,0,0,0,0,0,1,0,24,7,22400000
Asus,i5,2.4,4.2,Intel,LPDDR4X,8,4267,512,13.3,1920 x 1080,HD,0,Kim loại,Windows,Harman,5,Wi-Fi 6,1.3,11.9,211,305,2021,1,1,1,0,0,0,1,0,24,22,24690000
Asus,i7,2.8,4.7,Intel,LPDDR4X,16,4266,512,13.3,1920 x 1080,HD,0,Kim loại,Windows,Harman,5,Wi-Fi 6,1.3,11.9,211,305,2021,1,1,1,0,0,0,1,0,24,22,29980000
Asus,i5,2.4,4.2,Intel,LPDDR4X,8,4267,256,13.3,1920 x 1080,HD,1,Kim loại,Windows,Harman,5,Wi-Fi 6,1.11,13.9,203,304,2020,1,1,0,0,0,0,1,1,24,16.5,19330000
Asus,i5,2.4,4.2,Intel,LPDDR4X,8,4267,512,13.3,1920 x 1080,HD,1,Kim loại,Windows,Harman,5,Wi-Fi 6,1.14,13.9,203,304.2,2021,1,1,0,0,0,0,1,0,24,21.5,21310000
Asus,i5,2.4,4.2,Intel,LPDDR4X,8,4266,512,14,1920 x 1080,HD,1,Kim loại,Windows,Harman,5,Wi-Fi 6,1.17,13.9,208,319,2020,1,1,0,0,0,0,1,1,24,12,19550000
Asus,i5,2.4,4.2,Intel,LPDDR4X,8,4266,512,14,1920 x 1080,HD,1,Kim loại,Windows,Harman,5,Wi-Fi 6,1.17,13.9,208,319,2020,1,1,0,0,0,0,1,1,24,19,20510000
Asus,i7,2.8,4.7,Intel,LPDDR4X,16,4266,512,14,1920 x 1080,HD,1,Kim loại,Windows,Harman,5,Wi-Fi 6,1.17,13.9,208,319,2020,1,1,0,0,0,0,1,1,24,22.5,27210000
Asus,i5,1.6,3.9,Intel,DDR3L,8,2133,256,14,1920 x 1080,HD,1,Kim loại,Windows,Harman,5,Wi-Fi 5,1.19,15.9,199,319,2018,1,0,0,0,0,0,1,1,24,12,17810000
Asus,i7,1.8,4.9,NVIDIA MX,LPDDR3,16,2133,512,14,1920 x 1080,HD,1,Kim loại,Windows,Harman,5,Wi-Fi 6,1.26,18.2,199,319,2019,1,0,0,0,0,0,1,1,24,12,24940000
Asus,i5,1.6,4.2,Intel,LPDDR3,8,2133,512,14,1920 x 1080,HD,1,Kim loại,Windows,TrueHarmony,5,Wi-Fi 6,1.26,18.2,199,319,2019,1,0,0,0,0,0,1,1,24,4.5,17210000
Asus,i5,1.6,3.9,NVIDIA GTX,DDR4,8,2400,256,15.6,1920 x 1080,HD,1,Kim loại,Windows,Realtek,5,Wi-Fi 5,1.6,17.9,220,354,2018,1,0,0,0,0,0,1,1,24,5.5,16540000
Dell,i7,2.6,5,NVIDIA RTX,DDR4,16,2933,512,15.6,1920 x 1080,HD,1,Nhựa,Windows,,5,Wi-Fi 6,2.65,31.13,254,364.46,2020,1,1,0,1,0,0,0,1,12,4,26450000
Dell,R7,3.2,4.4,NVIDIA RTX,DDR4,16,3200,512,15.6,1920 x 1080,HD,0,Nhựa,Windows,Nahimic,5.2,Wi-Fi 6,2.81,26.9,272.1,357.2,2021,1,0,0,0,0,0,0,1,12,10.5,29150000
Dell,i7,2.6,5,NVIDIA GTX,DDR4,16,2933,256,15.6,1920 x 1080,HD,1,Nhựa,Windows,Nahimic,5,Wi-Fi 5,2.56,30.96,254,364.46,2020,1,0,0,1,0,0,0,0,12,8,23180000
Dell,i7,2.6,5,NVIDIA GTX,DDR4,16,2933,512,15.6,1920 x 1080,HD,1,Nhựa,Windows,Nahimic,5,Wi-Fi 5,2.58,30.96,254,364.46,2020,1,0,0,0,0,0,0,0,12,10.5,26180000
Dell,i7,2.6,5,NVIDIA GTX,DDR4,16,2933,512,15.6,1920 x 1080,HD,1,Nhựa,Windows,Nahimic,5,Wi-Fi 6,2.58,30.96,254,364.46,2020,1,1,0,1,0,0,0,0,12,8.5,26780000
Dell,i7,2.6,5,NVIDIA GTX,DDR4,16,2933,512,15.6,1920 x 1080,HD,1,Nhựa,Windows,Nahimic,5,Wi-Fi 6,2.58,30.96,254,364.46,2020,1,1,0,1,0,0,0,0,12,10.5,27930000
Dell,i7,2.6,5,NVIDIA GTX,DDR4,16,2933,512,15.6,1920 x 1080,HD,1,Nhựa,Windows,Nahimic,4.2,Wi-Fi 5,2.55,28.18,254,364.46,2020,1,0,0,1,0,0,0,1,12,10,24620000
Dell,R5,3,4,AMD,DDR4,8,3200,512,15.6,1920 x 1080,HD,1,Nhựa,Windows,Nahimic,5,Wi-Fi 5,2.5,30.9,254,364.46,2020,1,0,0,0,0,0,0,1,12,10,22460000
Dell,i3,2,3.7,Intel,LPDDR4X,8,4267,256,13.3,1920 x 1200,HD,0,Kim loại,Windows,Realtek,5.1,Wi-Fi 6,1.28,15.9,210,296.78,2021,1,1,0,1,0,0,0,1,12,9,15990000
Dell,i5,2.4,4.2,NVIDIA MX,DDR4,8,3200,512,14,1920 x 1080,HD,1,Nhựa,Windows,Realtek,5.1,Wi-Fi 6,1.65,18,211.5,321.5,2021,1,0,1,1,0,0,0,0,12,9,21990000
Dell,i3,3,4.1,Intel,DDR4,4,2666,256,15.6,1920 x 1080,HD,1,Nhựa,Windows,Realtek,5,Wi-Fi 5,1.7,18.9,235.5,358.5,2021,0,0,0,0,0,0,0,1,12,11,13490000
Dell,i5,2.4,4.2,Intel,DDR4,4,2666,512,15.6,1920 x 1080,HD,1,Nhựa,Windows,Realtek,5,Wi-Fi 5,1.7,18.9,235.5,358.5,2021,0,0,0,0,0,0,0,1,12,11.5,17810000
Dell,i5,1.6,3.9,NVIDIA MX,DDR4,8,2666,,15.6,1920 x 1080,HD,1,Nhựa,Windows,Waves MaxxAudio,5,Wi-Fi 5,1.95,22.45,249,364,2019,1,0,0,1,0,0,0,1,12,3,15690000
Dell,i5,2.4,4.2,Intel,DDR4,4,2666,512,15.6,1920 x 1080,HD,1,Nhựa,Windows,Realtek,5,Wi-Fi 5,1.96,19.9,249,363.96,2020,0,0,0,0,0,0,0,1,12,9,16070000
Dell,i5,2.4,4.2,Intel,DDR4,8,3200,512,14,1920 x 1080,HD,1,Nhựa,Windows,Realtek,5.1,Wi-Fi 6,1.72,18.94,222.9,324.3,2020,1,0,1,1,0,0,0,0,12,6,17730000
Dell,i5,1.6,3.9,NVIDIA MX,DDR4,8,2666,256,14,1920 x 1080,HD,1,Nhựa,Windows,Waves MaxxAudio,5,Wi-Fi 5,1.67,19.1,232,324.3,,1,0,0,1,0,0,0,1,12,6,19000000
Dell,i5,1.6,3.9,NVIDIA MX,DDR4,8,1600,256,14,1920 x 1080,HD,1,Nhựa,Windows,Realtek,5,Wi-Fi 5,1.9,200,232,328,2018,1,0,1,1,0,0,0,0,12,3,19180000
Dell,i5,2.4,4.2,Intel,LPDDR4X,8,4267,512,13.3,1920 x 1080,HD,1,Kim loại,Windows,Realtek,5,Wi-Fi 6,1.37,16.74,206.4,305.2,2020,1,1,1,1,1,0,0,0,12,4,21540000
Dell,i7,2.8,4.7,Intel,DDR4,16,4267,512,13.3,3840 x 2160,HD,1,Kim loại,Windows,Realtek,5,Wi-Fi 6,1.37,16.7,206,305,2021,1,1,1,1,0,0,0,0,12,10.5,28800000
Dell,i5,2.4,4.2,NVIDIA MX,LPDDR4X,16,4267,512,14,2560 x 1600,HD,1,Nhựa,Windows,Realtek,5.1,Wi-Fi 6,1.35,16.75,224.5,321.7,2020,1,1,0,1,1,0,0,1,12,10,26340000
Dell,i5,2.5,4.5,NVIDIA GTX,DDR4,8,2933,512,15.6,1920 x 1080,HD,1,Kim loại,Windows,Realtek,5.1,Wi-Fi 6,1.9,18.9,234.5,356.1,2020,1,0,0,1,0,0,0,0,12,9.5,26070000
Dell,i7,2.6,5,NVIDIA GTX,DDR4,8,2933,512,15.6,1920 x 1080,HD,1,,Windows,Realtek,5,Wi-Fi 6,1.81,18.9,234.5,356.1,2020,1,0,0,1,0,0,0,1,12,10.5,27930000
Dell,i5,2.4,4.1,NVIDIA GTX,DDR4,8,2666,256,15.6,1920 x 1080,HD,1,Kim loại,Windows,Waves MaxxAudio,5,Wi-Fi 5,2,20,239,358,2019,1,0,0,1,0,0,0,0,12,3,18810000
Dell,i5,2.4,4.2,Intel,DDR4,8,3200,256,15.6,1920 x 1080,HD,1,Nhựa,Windows,Realtek,5.1,Wi-Fi 6,1.79,18,240.9,361,2021,1,0,0,0,0,0,0,1,12,10.5,21550000
Dell,i5,1.6,3.9,Intel,DDR4,4,2666,1024,14,1920 x 1080,HD,1,Nhựa,Windows,Waves MaxxAudio,5,Wi-Fi 5,1.7,16.1,240,343,2018,1,0,0,1,0,0,0,1,12,3,13650000
Dell,i3,3,4.1,Intel,DDR4,8,2666,256,14,1920 x 1080,HD,1,Nhựa,Windows,Realtek,5,Wi-Fi 5,1.64,19.9,239.5,328.7,2020,0,0,0,0,0,0,0,0,12,10,13300000
Dell,i5,2.4,4.2,Intel,DDR4,8,2666,256,14,1920 x 1080,HD,1,Nhựa,Windows,Realtek,,Wi-Fi 5,1.64,19.9,239.5,328.7,2021,0,0,0,0,0,0,0,1,12,11,16660000
Dell,i5,2.4,4.2,Intel,DDR4,8,,256,14,1920 x 1080,HD,1,Nhựa,Windows,Realtek,5,Wi-Fi 5,1.64,19.9,239.5,328.7,2020,0,0,0,0,0,0,0,0,12,9.5,15890000
Dell,i7,2.8,4.7,NVIDIA MX,DDR4,8,3200,512,14,1920 x 1080,HD,1,Nhựa,Windows,Realtek,5,Wi-Fi 5,1.64,19.9,239.5,328.7,2020,0,0,0,0,0,0,0,1,12,10.5,22690000
Dell,R5,2.1,3.7,AMD,DDR4,4,2400,256,14,1920 x 1080,HD,1,Nhựa,Windows,Realtek,5,Wi-Fi 5,1.7,19.9,239.5,328.7,2020,0,0,0,0,0,0,0,1,12,10,14250000
Dell,R5,2.1,3.7,AMD,DDR4,8,2400,512,14,1920 x 1080,HD,1,Nhựa,Windows,Realtek,5,Wi-Fi 5,1.7,19.9,239.5,328.7,2020,0,0,0,0,0,0,0,1,12,10,15980000
Dell,i5,2.4,4.2,NVIDIA MX,DDR4,4,3200,256,15.6,1920 x 1080,HD,1,Nhựa,Windows,Realtek,5,Wi-Fi 5,1.98,19.9,249,363.96,2020,0,0,0,0,0,0,0,1,12,10,16670000
Dell,i5,2.4,4.2,Intel,DDR4,8,2666,512,15.6,1920 x 1080,HD,1,Nhựa,Windows,Realtek,5,Wi-Fi 5,1.98,19.9,249,364,2021,0,0,0,0,0,0,0,1,12,11,18510000
Dell,i7,2.8,4.7,NVIDIA MX,DDR4,8,4267,512,13.3,1920 x 1080,HD,1,Nhựa,Windows,Realtek,5,Wi-Fi 5,1.06,15.9,204,306,2020,1,0,0,1,1,0,0,1,12,9.5,23080000
Dell,i5,2.4,4.2,Intel,DDR4,8,3200,256,14,1920 x 1080,HD,1,Kim loại,Windows,Realtek,5,Wi-Fi 5,1.41,17.9,216.2,321.3,2020,1,0,0,1,0,0,0,1,12,8.5,17570000
Dell,i7,2.8,4.7,NVIDIA MX,DDR4,16,3200,512,14,1920 x 1080,HD,1,Nhựa,Windows,Realtek,5,Wi-Fi 5,1.36,16.74,216.2,321.3,2020,1,0,0,1,0,0,0,1,12,9.5,23930000
Dell,i5,3.1,4.4,Intel,DDR4,8,3200,512,14,1920 x 1080,HD,1,Nhựa,Windows,Realtek,5.1,Wi-Fi 6,1.44,17.99,212.8,321.27,2021,1,0,0,1,0,0,0,1,12,9.5,18620000
Dell,i5,1.6,3.9,NVIDIA MX,DDR4,4,2666,1024,15.6,1920 x 1080,HD,1,Nhựa,Windows,Waves MaxxAudio,,,1.91,18.87,249,361.1,2018,1,0,0,1,0,0,0,1,12,4.5,13380000
Dell,i5,1,3.6,Intel,DDR4,8,3733,512,13.4,1920 x 1080,,1,Kim loại,Windows,Realtek,5,Wi-Fi 6,1.2,14.8,196,296,2020,1,1,0,1,0,0,0,0,12,3,29510000
Dell,i5,2.4,4.2,Intel,DDR4,8,4267,256,13.4,1920 x 1200,HD,1,Kim loại,Windows,Stereo,5.1,Wi-Fi 6,1.32,14.35,207,297,2020,1,1,1,1,0,0,0,0,12,6,33260000
Dell,i5,2.4,4.2,Intel,LPDDR4X,8,4267,512,13.4,1920 x 1200,HD,1,Kim loại,Windows,Stereo,5.1,Wi-Fi 6,1.2,14.8,198.7,295.7,2020,1,1,0,1,0,0,0,0,12,3.5,29130000
Dell,i7,1.8,4,Intel,DDR3L,8,1866,256,13.3,1920 x 1080,HD,1,Kim loại,Windows,Waves MaxxAudio,4.1,Wi-Fi 5,1.21,11.6,199,302,2018,1,1,0,1,0,0,0,0,12,3,33200000
HP,R5,2.1,4,AMD,DDR4,8,3200,512,14,1366 x 768,HD,1,Nhựa,Windows,Other,4.2,Wi-Fi 5,1.47,17.9,225,324,2021,0,0,0,0,0,0,0,0,12,11,15050000
HP,i7,1.8,4.6,NVIDIA MX,DDR4,4,2400,1024,15.6,1920 x 1080,HD,1,Nhựa,Windows,Realtek,,,2.07,22.5,,,2019,0,0,0,0,0,0,0,0,12,3,14070000
HP,i5,1.6,3.9,Intel,DDR4,4,2400,1024,15.6,1920 x 1080,HD,1,Nhựa,Windows,Other,4.2,Wi-Fi 5,1.74,19.9,242,358.5,2019,0,0,0,0,0,0,0,0,12,3,12030000
HP,i7,2.8,4.7,Intel,DDR4,8,3200,512,15.6,1920 x 1080,HD,1,Nhựa,Windows,Realtek,4.2,Wi-Fi 5,1.592,18,242,358.5,2020,0,0,0,0,0,0,0,1,12,7,17350000
HP,i5,2.4,4.2,Intel,DDR4,8,3200,512,15.6,1920 x 1080,HD,1,Nhựa,Windows,Realtek,5,Wi-Fi 5,1.592,18,242,358.5,2020,0,0,0,0,0,0,0,1,12,6,15390000
HP,i3,1.2,3.4,Intel,DDR4,4,2666,256,14,1920 x 1080,HD,1,Nhựa,Windows,Stereo,4.2,Wi-Fi 5,1.47,19.9,225.9,324,2020,0,0,0,0,0,0,0,1,12,8.5,10930000
HP,i3,1.2,3.4,Intel,DDR4,4,2666,512,14,1920 x 1080,HD,1,Nhựa,Windows,Stereo,4.2,Wi-Fi 5,1.47,19.9,225.9,324,2020,0,0,0,0,0,0,0,1,12,8.5,11720000
HP,i5,2.4,4.2,Intel,DDR4,8,3200,512,14,1920 x 1080,HD,1,Nhựa,Windows,Stereo,4.2,Wi-Fi 5,1.426,19.9,225.9,324,2020,0,0,0,0,0,0,0,1,12,9,15880000
HP,R5,2.1,4,AMD,DDR4,4,3200,256,14,1920 x 1080,HD,1,Nhựa,Windows,HP Audio Boost,5.2,Wi-Fi 6,1.47,19.9,225.9,324,2021,0,0,0,0,0,0,0,1,12,10,13220000
HP,i3,1.2,3.4,Intel,DDR4,4,2666,256,14,1920 x 1080,HD,1,Nhựa,Windows,Realtek,5,Wi-Fi 5,1.38,17.9,225,324,2020,0,0,0,1,0,0,0,1,12,6,10990000
HP,i3,1.2,3.4,Intel,DDR4,4,2666,512,14,1920 x 1080,HD,1,Nhựa,Windows,Realtek,5,Wi-Fi 5,1.346,17.9,225,324,2020,0,0,0,1,0,0,0,1,12,6.5,11810000
HP,i5,1,3.6,Intel,DDR4,8,2666,512,14,1920 x 1080,HD,1,Nhựa,Windows,Realtek,5,Wi-Fi 5,1.38,17.9,225,324,2020,0,0,0,1,0,0,0,1,12,7,15640000
HP,i5,1.6,4.2,Intel,DDR4,8,2666,512,14,1920 x 1080,HD,1,Nhựa,Windows,Realtek,5,Wi-Fi 5,1.5,19.9,225.9,324,2019,0,0,0,1,0,0,0,1,12,5.5,14300000
HP,i7,1.8,4,Intel,DDR3,8,2133,256,13.3,1920 x 1080,FHD,0,Kim loại,Windows,Bang & Olufsen,4.2,Wi-Fi 5,1.32,15.7,205,305.8,2019,1,1,1,1,0,0,0,0,12,3,36030000
HP,i7,1.1,4.7,Intel,DDR4,16,2933,512,14,1920 x 1080,HD,0,Kim loại,Windows,Bang & Olufsen,5,Wi-Fi 6,1.32,16.6,202.6,319.3,2020,1,1,1,1,0,0,1,1,12,8,42330000
HP,i7,1.8,4,Intel,DDR3,16,2133,512,13.3,1920 x 1080,FHD,0,Kim loại,Windows,Bang & Olufsen,4.2,Wi-Fi 5,1.32,15.7,205,305.8,2019,1,1,1,1,0,0,0,0,12,3,40940000
HP,i7,1.8,4,Intel,DDR3,16,2133,512,14,1920 x 1080,FHD,0,Kim loại,Windows,Bang & Olufsen,4.2,Wi-Fi 5,1.32,16.9,215,321.4,2019,1,1,1,1,0,0,0,0,12,3,42580000
HP,i7,1.8,4.9,Intel,DDR4,16,3200,512,13.3,1920 x 1080,,0,Kim loại,Windows,Bang & Olufsen,5,Wi-Fi 6,1.31,17.9,205,307.5,2020,1,1,1,1,0,0,1,1,12,7,35560000
HP,i5,1.6,3.9,Intel,DDR3L,8,2133,256,13.3,1920 x 1080,,1,Kim loại,Windows,Bang & Olufsen,5,Wi-Fi 5,1.2,15,,,2019,1,0,0,0,0,0,0,0,12,3,17600000
HP,i7,1.8,4.6,Intel,DDR3L,8,2133,256,13.3,1920 x 1080,HD,1,Kim loại,Windows,Bang & Olufsen,5,Wi-Fi 5,1.28,14.9,212,307,2019,1,0,0,1,0,0,0,0,12,3,22510000
HP,i7,1.8,4.6,Intel,DDR4,8,2400,256,13.3,1920 x 1080,HD,1,Kim loại,Windows,Bang & Olufsen,5,Wi-Fi 5,1.26,14.9,212,307,2019,1,0,0,1,0,0,0,0,12,3,22510000
HP,i5,1.6,4.2,Intel,DDR4,8,2400,256,13.3,1920 x 1080,HD,1,Kim loại,Windows,Bang & Olufsen,5,Wi-Fi 5,1.17,14.7,211.5,307,2019,1,0,0,1,0,0,0,0,12,3,17930000
HP,i5,1.6,4.2,Intel,DDR4,8,2400,512,13,1920 x 1080,HD,1,Kim loại,Windows,Bang & Olufsen,5,Wi-Fi 5,1.17,14.7,211.5,307,2019,1,0,0,1,1,0,0,0,12,3,18580000
HP,i7,1.8,4.9,NVIDIA MX,DDR4,8,2400,512,13.3,1920 x 1080,HD,1,Kim loại,Windows,Bang & Olufsen,5,Wi-Fi 5,1.17,14.7,211.5,307,2019,1,0,0,1,0,0,0,0,12,3,23580000
HP,i5,1.1,3.7,Intel,DDR4,8,3200,256,13.3,1920 x 1080,HD,1,Kim loại,Windows,Bang & Olufsen,5,Wi-Fi 5,1.258,16.9,194.6,306.5,2020,1,1,0,1,0,0,0,0,12,3,17650000
HP,i5,1.1,3.7,Intel,DDR4,8,3200,512,13.3,1920 x 1080,HD,1,Kim loại,Windows,Bang & Olufsen,5,Wi-Fi 5,1.25,16.9,194.6,306.5,2020,1,1,0,1,0,0,0,0,12,3,18830000
HP,i7,1.3,3.9,Intel,DDR4,8,3200,512,13.3,1920 x 1080,HD,1,Kim loại,Windows,Bang & Olufsen,5,Wi-Fi 5,1.25,16.9,194.6,306.5,2020,1,1,0,1,0,0,0,0,12,6,23680000
HP,i5,2.4,4.2,Intel,DDR4,8,2933,256,13.3,1920 x 1080,HD,1,Kim loại,Windows,Bang & Olufsen,5,Wi-Fi 6,1.236,16.9,194.6,306.5,2020,1,1,0,1,1,0,0,0,12,4,20280000
HP,i5,2.4,4.2,Intel,DDR4,8,2933,512,13.3,1920 x 1080,HD,1,Kim loại,Windows,Bang & Olufsen,5,Wi-Fi 6,1.236,16.9,194.6,306.5,2020,1,1,0,1,1,0,0,0,12,7.5,20620000
HP,i7,2.8,4.7,Intel,DDR4,8,2933,512,13.3,1920 x 1080,HD,1,Kim loại,Windows,Bang & Olufsen,5,Wi-Fi 6,1.236,16.9,194.6,306.5,2020,1,1,0,1,1,0,0,0,12,4.5,24530000
HP,i7,2.8,4.7,Intel,DDR4,16,2933,1024,13.3,1920 x 1080,HD,1,Kim loại,Windows,Bang & Olufsen,5,Wi-Fi 6,1.236,16.9,194.6,306.5,2020,1,1,0,1,1,0,0,0,12,11,30290000
HP,i7,2.6,5,NVIDIA GTX,DDR4,16,2933,1024,15.6,1920 x 1080,HD,1,Kim loại,Windows,Bang & Olufsen,5,Wi-Fi 6,2.14,18.4,236.8,357.9,2020,1,1,1,1,1,0,0,0,12,7.5,47260000
HP,R5,2.1,3.7,AMD,DDR4,8,2400,256,13.3,1920 x 1080,HD,1,Kim loại,Windows,Bang & Olufsen,4.2,Wi-Fi 5,1.31,14.7,212,306,2019,1,0,1,1,0,0,1,0,12,6,19360000
HP,R7,2.3,4,AMD,DDR4,8,2400,256,13.3,1920 x 1080,HD,1,Kim loại,Windows,Bang & Olufsen,4.2,Wi-Fi 5,1.31,14.7,212,306,2019,1,0,1,1,0,0,1,0,12,3,22020000
HP,i7,2.6,5,NVIDIA RTX,DDR4,16,2933,1024,15.6,1920 x 1080,HD,1,Kim loại,Windows,DTS,5,Wi-Fi 6,2.36,22.5,239.7,357.9,2020,1,1,0,0,0,0,0,1,12,7.5,47260000
HP,i7,2.2,4.1,NVIDIA GTX,DDR4,8,2666,128,15.6,1920 x 1080,HD,1,Nhựa,Windows,Bang & Olufsen,4.2,Wi-Fi 5,2.17,17.9,221.7,326.8,2019,1,0,0,0,0,0,0,0,12,6,24270000
HP,i5,1.6,3.9,Intel,DDR4,4,2666,1024,14,1920 x 1080,HD,1,Nhựa,Windows,Realtek,4.2,Wi-Fi 5,1.607,19.7,222.9,324,2019,0,0,1,0,0,0,0,0,12,3,13910000
HP,i3,2,3.7,Intel,DDR4,4,3200,256,14,1920 x 1080,HD,1,Kim loại,Windows,Bang & Olufsen,5,Wi-Fi 5,1.41,17,216.6,325,2021,0,0,0,0,0,0,0,1,12,11,13270000
HP,i5,2.4,4.2,Intel,DDR4,8,3200,512,14,1920 x 1080,HD,1,Kim loại,Windows,Bang & Olufsen,5,Wi-Fi 5,1.41,17,216.6,325,2021,0,0,0,0,0,0,0,1,12,10,17450000
HP,i5,1.6,3.9,Intel,DDR4,4,2666,1024,15.6,1920 x 1080,HD,1,Nhựa,Windows,Realtek,5,Wi-Fi 5,1.75,17.9,245.6,361.6,2019,0,0,0,0,0,0,0,1,12,3,12690000
HP,i5,1.6,3.9,NVIDIA MX,DDR4,4,2666,1024,15.6,1920 x 1080,HD,1,Kim loại,Windows,Bang & Olufsen,5,Wi-Fi 5,1.75,17.9,245.6,361.6,2019,0,0,0,0,0,0,0,1,12,3,13340000
HP,i5,1.6,3.9,NVIDIA MX,DDR4,8,2666,1024,15.6,1920 x 1080,HD,1,Nhựa,Windows,Bang & Olufsen,5,Wi-Fi 5,1.83,17.9,245.6,361.6,2019,0,0,0,0,0,0,0,1,12,3,13910000
HP,i7,2.8,4.7,Intel,DDR4,8,3200,512,15.6,1920 x 1080,HD,1,Kim loại,Windows,Bang & Olufsen,5,Wi-Fi 5,1.685,17.9,234,360.2,2021,0,0,0,0,0,0,0,1,12,9,19720000
HP,i5,2.4,4.2,Intel,DDR4,8,3200,512,15.6,1920 x 1080,HD,1,Kim loại,Windows,Bang & Olufsen,5,Wi-Fi 5,1.677,17.9,234,360.2,2021,0,0,0,0,0,0,0,1,12,8.5,16490000
HP,i5,2.4,4.2,Intel,DDR4,8,3200,256,15.6,1920 x 1080,HD,1,Kim loại,Windows,Bang & Olufsen,5,Wi-Fi 5,1.682,17.9,234,360.2,2021,0,0,0,0,0,0,0,1,12,8.5,15620000
HP,i3,2,3.7,Intel,DDR4,4,3200,512,15.6,1920 x 1080,HD,1,Kim loại,Windows,Bang & Olufsen,5,Wi-Fi 5,1.682,17.9,234,360.2,2021,0,0,0,0,0,0,0,1,12,9,13780000
HP,i3,2,3.7,Intel,DDR4,4,3200,256,15.6,1920 x 1080,HD,1,Kim loại,Windows,Bang & Olufsen,5,Wi-Fi 5,1.682,17.9,234,360.2,2021,0,0,0,0,0,0,0,1,12,9,13000000
HP,i7,2.6,5,NVIDIA GTX,DDR4,8,2933,512,15.6,1920 x 1080,HD,1,Nhựa,Windows,Bang & Olufsen,5,Wi-Fi 6,2.23,23.4,256,360,2021,1,0,0,0,0,0,0,1,12,6.5,23920000
HP,i7,2.2,5,NVIDIA GTX,DDR4,8,3200,512,16.1,1920 x 1080,HD,1,Nhựa,Windows,Bang & Olufsen,5,Wi-Fi 6,2.35,23.5,262.5,370,2020,1,0,0,0,0,0,0,1,12,7.5,26120000
HP,i7,2.8,4.7,Intel,DDR4,8,3200,512,14,1920 x 1080,HD,1,Nhựa,Windows,Bang & Olufsen,5,Wi-Fi 5,1.65,19,221,324,2020,0,0,1,1,0,0,0,0,12,5,18150000
HP,i3,3,4.1,Intel,DDR4,4,3200,512,14,1366 x 768,HD,1,Nhựa,Windows,HP Audio Boost,5,Wi-Fi 6,1.38,19.9,213.9,321.9,2020,1,0,0,1,0,0,0,1,12,10,12430000
HP,i5,1.6,3.9,Intel,DDR4,4,2666,1024,13.3,1366 x 768,HD,1,Kim loại,Windows,Realtek,5,Wi-Fi 5,1.52,18,230.9,308.6,2019,1,0,0,1,0,0,0,1,12,3,13890000
HP,i5,1.6,3.9,Intel,DDR4,4,2666,256,13.3,1366 x 768,HD,1,Kim loại,Windows,Realtek,,,1.45,18,230.9,308.6,2019,1,0,0,1,0,0,0,1,12,6,14920000
HP,i5,2.4,4.2,Intel,DDR4,4,3200,512,14,1920 x 1080,HD,1,Nhựa,Windows,HP Audio Boost,5,Wi-Fi 6,1.38,19.9,213.9,321.9,2021,1,0,0,1,0,1,0,1,12,11,18080000
HP,i3,3,4.1,Intel,DDR4,4,3200,256,15.6,1366 x 768,HD,1,Kim loại,Windows,Realtek,5,Wi-Fi 6,1.725,19.9,233.9,359.4,2020,1,0,0,1,0,0,0,0,12,10.5,12930000
HP,i7,1.8,4.6,Intel,DDR4,8,2400,256,13.3,1920 x 1080,HD,0,Kim loại,Windows,Bang & Olufsen,,,1.32,14.5,217.9,308.8,,1,0,1,1,0,0,0,0,12,6,36370000
HP,i5,1.6,4.2,NVIDIA Quadro,DDR4,8,2666,256,14,1920 x 1080,HD,0,Kim loại,Windows,Bang & Olufsen,5,Wi-Fi 6,1.41,17.9,214.6,323,2020,0,1,0,1,0,0,0,1,12,3,26120000
HP,i7,1.8,4.9,NVIDIA Quadro,DDR4,16,2666,512,14,1920 x 1080,HD,0,Kim loại,Windows,Bang & Olufsen,5,Wi-Fi 6,1.41,17.9,214.6,323,2020,0,0,0,1,0,0,0,1,12,4.5,32380000
Lenovo,i5,2.4,4.2,Intel,DDR4,8,3200,512,15.6,1920 x 1080,HD,1,Nhựa,Windows,Realtek,5,Wi-Fi 5,1.65,19.9,236.5,359.2,2021,0,0,0,0,1,1,0,1,24,18.5,15300000
Lenovo,i5,1.6,3.4,Intel,DDR4,4,2133,1024,15.6,1920 x 1080,HD,1,Nhựa,Windows,Dolby,,,2.2,23,260,378,2018,0,0,0,0,0,0,0,0,12,4.5,10810000
Lenovo,i5,2.4,4.2,Intel,DDR4,16,3200,512,14,1920 x 1080,HD,1,Nhựa,Windows,Realtek,5.1,Wi-Fi 6,1.39,19.9,211.59,321.57,2021,1,0,0,1,1,0,0,1,24,12,15830000
Lenovo,i7,2.8,4.7,Intel,DDR4,8,3200,512,14,1920 x 1080,HD,1,Nhựa,Windows,Realtek,5.1,Wi-Fi 6,1.39,19.9,211.59,321.57,2021,1,0,0,1,1,0,0,1,24,20.5,19570000
Lenovo,i3,2.1,4.1,Intel,DDR4,8,2666,512,14,1920 x 1080,HD,1,Nhựa,Windows,Dolby,5,Wi-Fi 5,1.59,17.9,229,328,2019,1,0,1,1,0,0,0,0,12,3,13340000
Lenovo,i5,1.6,4.2,Intel,DDR4,8,2666,512,14,1920 x 1080,HD,1,Nhựa,Windows,Dolby,4.2,Wi-Fi 5,1.65,17.9,229,328,2019,1,0,1,1,0,0,0,0,12,3,15310000
Lenovo,i5,1,3.6,Intel,DDR4,8,3200,512,14,1920 x 1080,HD,1,Nhựa,Windows,Dolby,5,Wi-Fi 5,1.5,20.4,218.5,322.6,2020,1,0,1,1,0,0,0,1,24,11.5,14950000
Lenovo,i5,2.5,4.5,NVIDIA GTX,DDR4,8,2933,512,15.6,1920 x 1080,HD,0,Nhựa,Windows,Dolby,5,Wi-Fi 6,2.2,24.9,240,351,2020,1,0,0,0,1,0,0,1,24,18,19450000
Lenovo,i7,2.6,5,NVIDIA GTX,DDR4,8,2933,512,15.6,1920 x 1080,HD,0,Nhựa,Windows,Dolby,5,Wi-Fi 6,2.2,23,240,351,2020,1,0,0,0,0,0,0,1,24,15.5,19760000
Lenovo,i3,1.2,3.4,Intel,DDR4,4,2666,256,15.6,1920 x 1080,,1,Nhựa,Windows,Realtek,5,Wi-Fi 5,1.79,17.9,245,358,2019,0,0,0,0,0,0,0,1,12,5,9620000
Lenovo,i5,1,3.6,Intel,DDR4,8,2666,512,15.6,1920 x 1080,,1,Nhựa,Windows,Realtek,5,Wi-Fi 5,1.79,17.9,245,358,2019,0,0,0,0,0,0,0,1,12,3,12520000
Lenovo,i3,1.2,3.4,Intel,DDR4,8,2666,512,14,1920 x 1080,HD,1,Nhựa,Windows,Dolby,4.2,Wi-Fi 5,1.6,17.9,230.5,322.7,2019,0,0,0,0,0,0,0,1,12,3.5,11520000
Lenovo,i7,1.8,4.9,NVIDIA MX,DDR4,8,2400,1024,15.6,1920 x 1080,HD,1,Kim loại,Windows,Dolby,4.2,Wi-Fi 5,1.8,16.9,245,358,2019,1,0,0,1,0,0,0,1,12,3,21290000
Lenovo,i7,1.3,3.9,Intel,DDR4,8,2666,512,14,1920 x 1080,,1,Nhựa,Windows,Dolby,5,Wi-Fi 5,1.6,19.9,241,327.1,2020,0,0,0,0,0,0,0,1,24,11,14710000
Lenovo,i3,1.2,3.4,Intel,DDR4,4,2666,512,15.6,1920 x 1080,,1,Nhựa,Windows,Stereo,5,Wi-Fi 5,1.85,19.9,253.4,362.2,2020,0,0,0,0,1,1,0,1,24,19,11110000
Lenovo,i5,1,3.6,Intel,DDR4,8,3200,512,14,1920 x 1080,HD,1,Nhựa,Windows,Dolby,5,Wi-Fi 5,1.52,17.9,211.8,321.7,2020,1,0,0,1,1,0,0,1,24,15,13910000
Lenovo,i3,1.2,3.4,Intel,DDR4,8,3200,512,15.6,1920 x 1080,HD,1,Nhựa,Windows,Dolby,5,Wi-Fi 5,1.7,17.9,233.1,356.7,2020,1,0,0,1,1,0,0,1,24,9.5,11530000
Lenovo,i5,2.4,4.2,Intel,DDR4,8,3200,512,15.6,1920 x 1080,HD,1,Nhựa,Windows,Dolby,5.1,Wi-Fi 6,1.66,17.9,233.13,356.67,2020,1,0,0,1,1,0,0,1,24,15.5,15890000
Lenovo,i3,2.1,4.1,Intel,DDR4,8,2666,256,14,1920 x 1080,HD,1,Nhựa,Windows,Realtek,5,Wi-Fi 5,1.5,19.9,241,327.1,2020,0,0,0,0,1,1,0,1,24,20.5,11980000
Lenovo,i3,3,4.1,Intel,DDR4,8,3200,512,15.6,1920 x 1080,HD,1,Nhựa,Windows,Realtek,5,Wi-Fi 5,1.65,19.9,236.5,359.2,2021,0,0,0,0,1,1,0,1,24,18.5,12750000
Lenovo,i5,2.4,4.2,NVIDIA MX,DDR4,8,3200,512,15.6,1920 x 1080,HD,1,Nhựa,Windows,Dolby,5.1,Wi-Fi 6,1.66,19.9,233.13,356.67,2020,1,0,0,1,1,0,0,1,24,20,18570000
Lenovo,i3,2.1,3.9,Intel,DDR4,8,2133,256,14,1920 x 1080,HD,1,Nhựa,Windows,Dolby,5,Wi-Fi 5,1.6,17.9,229,328,2019,1,0,1,1,0,0,0,0,12,3,12430000
Lenovo,i7,2.6,5,NVIDIA GTX,DDR4,8,2933,512,15.6,1920 x 1080,HD,0,Nhựa,Windows,Dolby,5,Wi-Fi 6,2.2,24.9,249.6,359,2020,1,0,0,0,1,0,0,1,24,18.5,22040000
Lenovo,i7,1.8,4.6,NVIDIA MX,DDR4,8,2400,512,15.6,1920 x 1080,,1,Nhựa,Windows,Dolby,4.1,Wi-Fi 5,1.73,19.9,251.4,362,2019,0,0,0,0,0,0,0,1,12,3,14920000
Lenovo,i3,2.1,3.9,Intel,DDR4,8,2400,1024,14,1920 x 1080,HD,1,Nhựa,Windows,Dolby,,,1.55,17.9,230.5,322.7,2019,0,0,0,0,0,0,0,1,12,6,10140000
Lenovo,i5,1.6,3.9,NVIDIA MX,DDR4,8,2400,1024,14,1920 x 1080,HD,1,Nhựa,Windows,Dolby,4.2,Wi-Fi 5,1.55,17.9,230.5,322.7,2019,0,0,0,0,0,0,0,1,12,3,13100000
Lenovo,i7,2.6,5,NVIDIA GTX,DDR4,8,2933,256,15.6,1920 x 1080,HD,0,Nhựa,Windows,Harman,5,Wi-Fi 6,2.3,23.57,251.4,362,2020,1,0,0,0,0,0,0,1,24,13,22760000
Lenovo,i7,2.2,4.1,NVIDIA GTX,DDR4,8,2666,,15.6,1920 x 1080,,0,Nhựa,Windows,Dolby,4.2,Wi-Fi 5,2.3,23.9,260,365,2018,1,0,0,0,0,0,0,0,12,3,22920000
Lenovo,i7,2.8,4.7,Intel,DDR4,8,3200,512,14,1920 x 1080,HD,1,Kim loại,Windows,Dolby,5.1,Wi-Fi 6,1.4,17.9,218,323,2020,0,1,0,1,1,1,0,0,12,6.5,18700000
Lenovo,i5,1,3.6,Intel,DDR4,8,3200,512,14,1920 x 1080,HD,1,Kim loại,Windows,Dolby,5,Wi-Fi 6,1.5,17.9,230,326,2020,0,0,0,1,0,0,0,1,12,4.5,13730000
Lenovo,i7,1.3,3.9,Intel,DDR4,8,3200,512,14,1920 x 1080,HD,1,Kim loại,Windows,Dolby,5,Wi-Fi 5,1.5,17.9,230,326,2020,0,0,0,1,0,1,0,1,12,3,18290000
Lenovo,i7,1.8,4.9,Intel,DDR4,8,2666,512,14,1920 x 1080,HD,1,Kim loại,Windows,Dolby,5,Wi-Fi 5,1.5,17.9,230,326,2020,0,0,0,1,1,0,0,0,12,3,17650000
Lenovo,i5,2.4,4.2,Intel,DDR4,8,4266,512,14,1920 x 1080,HD,0,Kim loại,Windows,Dolby,5.1,Wi-Fi 6,1.27,14.9,207,322,2020,1,1,0,1,1,1,0,0,12,5.5,16820000
Lenovo,i7,2.8,4.7,Intel,DDR4,8,4266,512,14,1920 x 1080,HD,0,Kim loại,Windows,Dolby,5.1,Wi-Fi 6,1.27,14.9,207,322,2020,1,1,0,1,1,1,0,0,12,6,20300000
Lenovo,i5,2.4,4.2,Intel,DDR4,16,3200,512,14,1920 x 1080,HD,1,Kim loại,Windows,Dolby,5.1,Wi-Fi 6,1.5,16.9,216,320,2021,1,1,1,1,1,0,0,0,12,10,22830000
Lenovo,i5,2.4,4.2,Intel,DDR4,8,3200,512,14,1920 x 1080,HD,1,Kim loại,Windows,Dolby,5.1,Wi-Fi 6,1.5,16.9,216,320,2021,1,1,1,1,1,0,0,0,12,10,21430000
Lenovo,i7,2.8,4.7,Intel,DDR4,16,3200,512,14,1920 x 1080,HD,1,Kim loại,Windows,Dolby,5.1,Wi-Fi 6,1.5,16.9,216,320,2021,1,1,1,1,1,0,0,0,12,10,25390000
Lenovo,i5,2.4,4.2,Intel,DDR4,8,3200,512,15.6,1920 x 1080,HD,1,Kim loại,Windows,Dolby,5.1,Wi-Fi 6,1.7,18.9,235,357,2020,0,1,0,1,1,1,0,1,12,10.5,17620000
Lenovo,i3,1.2,3.4,Intel,DDR4,4,2666,512,15.6,1920 x 1080,HD,1,Kim loại,Windows,Dolby,5,Wi-Fi 5,1.8,18.9,245,364,2020,0,0,0,1,0,1,0,1,12,6,10990000
Lenovo,i5,1.6,3.9,Intel,DDR3L,8,2133,512,13.3,1920 x 1080,HD,4,Kim loại,Windows,Dolby,,,1.09,11.9,210,307,2019,1,1,0,1,0,0,0,0,12,3,19650000
Lenovo,i5,2.4,4.2,Intel,LPDDR4X,16,4266,512,13.3,2560 x 1600,HD,0,Hợp kim,Windows,Dolby,5,Wi-Fi 6,0.966,15,208.85,295.88,2020,1,1,0,0,0,1,1,1,24,15.5,23160000
Lenovo,i7,2.8,4.7,Intel,LPDDR4X,16,4266,1024,13.3,2560 x 1600,HD,0,Hợp kim,Windows,Dolby,5,Wi-Fi 6,0.966,15,208.85,295.88,2020,1,1,0,0,0,1,1,1,24,15,27510000
Lenovo,i5,2.4,4.2,Intel,DDR4,8,3200,512,14,1920 x 1080,HD,0,Kim loại,Windows,Dolby,5,Wi-Fi 6,1.43,17.7,214.6,320.4,2020,1,1,1,1,1,0,0,0,24,21,22690000
Lenovo,i7,2.8,4.7,Intel,DDR4,8,3200,512,14,1920 x 1080,HD,0,Kim loại,Windows,Dolby,5,Wi-Fi 6,1.43,17.7,214.6,320.4,2020,1,1,1,1,1,0,0,0,24,21.5,25440000
Lenovo,i7,3,4.8,Intel,DDR4,16,4266,1024,14,3840 x 2160,HD,0,Kim loại,Windows,Dolby,5.1,Wi-Fi 6,1.37,15.7,216.4,319.4,2021,1,1,1,1,1,0,0,0,24,19.5,42970000
Lenovo,i7,1.8,4,Intel,DDR4,16,2400,512,13.9,3840 x 2160,,0,Hợp kim,Windows,Dolby,4.1,Wi-Fi 5,1.38,14.5,227,322,2019,1,1,1,1,0,0,0,0,12,3,40940000
Lenovo,i5,1.6,4.2,Intel,DDR4,8,2666,512,13,2160 x 1350,,1,Kim loại,Windows,Dolby,5,Wi-Fi 6,1.1683,9.19,207.4,297.4,2020,1,0,1,0,0,0,1,0,24,11,20710000
Lenovo,i7,1.8,4.9,Intel,DDR4,8,2666,512,13,2160 x 1350,,1,Kim loại,Windows,Dolby,5,Wi-Fi 6,1.1683,9.19,207.4,297.4,2020,1,0,1,0,0,0,1,0,24,15.5,24200000
Lenovo,i5,1.1,3.7,Intel,DDR4,8,3200,512,14,1920 x 1080,HD,1,Kim loại,Windows,Dolby,5,Wi-Fi 6,1.55,15.1,208.18,320.6,2020,1,0,0,0,0,1,0,0,24,18.5,19130000
Lenovo,i7,1.3,3.9,Intel,DDR4,8,3200,512,14,1920 x 1080,HD,1,Kim loại,Windows,Dolby,5,Wi-Fi 6,1.55,15.1,208.18,320.6,2020,1,0,0,0,0,1,0,0,24,13.5,20530000
Lenovo,i5,2.4,4.2,Intel,DDR4,8,3200,512,14,1920 x 1080,HD,1,Kim loại,Windows,Dolby,5,Wi-Fi 6,1.36,14.9,208.18,320.6,2020,1,1,0,1,0,1,1,0,24,17,19240000
Lenovo,i7,2.8,4.7,Intel,DDR4,8,3200,512,14,1920 x 1080,HD,1,Kim loại,Windows,Dolby,5,Wi-Fi 6,1.36,14.9,208.18,320.6,2020,1,1,0,1,0,1,1,0,24,18,21990000
MSI,i5,2.5,4.5,NVIDIA GTX,DDR4,8,3200,512,15.6,1920 x 1080,HD,0,Nhựa,Windows,Nahimic,5.1,Wi-Fi 6,1.86,21.7,254,359,2021,1,0,0,0,0,0,0,1,12,10.5,18320000
MSI,i7,2.6,5,NVIDIA GTX,DDR4,8,,512,15.6,1920 x 1080,HD,0,Nhựa,Windows,Nahimic,5.1,Wi-Fi 6,1.86,21.7,254,359,2021,1,0,0,0,0,0,0,1,12,11,20280000
MSI,i7,2.6,5,NVIDIA RTX,DDR4,16,3200,512,15.6,1920 x 1080,HD,0,Nhựa,Windows,Nahimic,5.1,Wi-Fi 6,1.86,21.7,254,359,2021,1,0,0,0,0,0,0,0,12,8.5,27190000
MSI,i7,2.6,5,NVIDIA GTX,DDR4,8,3200,512,15.6,1920 x 1080,HD,1,Kim loại,Windows,Realtek,5.1,Wi-Fi 6,2.3,27.5,248,357,2020,1,0,0,0,0,0,0,1,24,18.5,20020000
MSI,i7,2.3,4.6,NVIDIA RTX,DDR4,16,3200,1024,17.3,1920 x 1080,HD,1,Kim loại,Windows,Nahimic,5.2,Wi-Fi 6,2.9,25.9,284,397,2021,1,0,0,0,0,0,0,0,24,20,43880000
MSI,i7,2.6,5,NVIDIA GTX,DDR4,16,2666,512,15.6,1920 x 1080,HD,1,Nhựa,Windows,Stereo,5.1,Wi-Fi 6,2.3,21.7,254,359,2020,1,0,0,0,0,0,0,0,24,20,27320000
MSI,i7,2.3,4.6,NVIDIA RTX,DDR4,8,3200,512,15.6,1920 x 1080,HD,0,Nhựa,Windows,Nahimic,5.2,Wi-Fi 6,2.1,24.9,259,359,2021,1,0,0,0,0,0,0,0,12,8.5,25100000
MSI,i3,3,4.1,Intel,DDR4,8,3200,256,14,1920 x 1080,HD,1,Kim loại,Windows,Nahimic,5.1,Wi-Fi 6,1.3,18.1,219,319,2021,1,0,0,0,0,0,0,1,12,10.5,12820000
Apple,i7,2.6,4.5,,DDR4,,2666,512,16,3072 x 1920,HD,0,Kim loại,MacOS,Dolby,5,Wi-Fi 5,2,16.2,245.9,357.9,2019,1,1,0,1,0,0,0,0,12,3,49130000
