Link,Tên sản phẩm,Thương hiệu,Nhà bán,Giá hiện tại,Xuất xứ thương hiệu,Xuất xứ,Công nghệ âm thanh,Bluetooth,Bus,Camera,Card đồ họa,Card Reader,Chip set,Kết nối,CPU,Tốc độ CPU,Kích thước,Loại/ Công nghệ màn hình,Dung lượng ổ cứng,Loại ổ đĩa,Loại pin,Loại RAM,Cổng internet (LAN),Trọng lượng,RAM,Độ phân giải,Kích thước màn hình,Hệ điều hành,Wifi,Thời gian pin,Giao tiếp mạng,Model,Nơi sản xuất,Ổ đĩa quang,Thiết kế card,Bộ nhớ đồ họa,Kết nối không dây khác,Cân nặng,Thời gian sạc,Hiển thị màu sắc,Nhà sản xuất
https://tiki.vn/compo-tap-noi-co-nhip-volum-gap-tren-10d-p115765061.html?__s=ssdp&itm_medium=CPC&itm_source=tiki-reco&spid=115765091&itm_campaign=tiki-reco_UNK_DT_UNK_UNK_tiki-listing_UNK_p-category-mpid-listing-v1_202110220600_MD_PID.115765091,Compo tập nối ( có nhíp volum gắp trên 10d),OEM,,699000,Việt Nam,Việt Nam,,,,,,,,,,,,,,,,,,,,,,,,,,,,,,,,,,,
https://tiki.vn/laptop-lg-gram-2020-15zd90n-v-ax56a5-core-i5-1035g7-8gb-512gb-nvme-15-fhd-ips-nonos-white-hang-chinh-hang-p51428110.html?__s=ssdp&itm_medium=CPC&itm_source=tiki-reco&spid=97886675&itm_campaign=tiki-reco_UNK_DT_UNK_UNK_tiki-listing_UNK_p-category-mpid-listing-v1_202110220600_MD_PID.97886675,Laptop LG Gram 2020 15ZD90N-V.AX56A5 (Core i5-1035G7/ 8GB/ 512GB NVMe/ 15 FHD IPS/ NonOS/ White) - Hàng Chính Hãng,LG,Tech IT Store,28990000,Hàn Quốc,Trung Quốc,HD Audio with DTS:X Ultra,v5.0,3200MHz ,HD Webcam with Dual Mic,Intel Iris Plus Graphics,"UFS, Micro SD",1035G7,"3x USB 3.1, HDMI, 1x USB 3.1 Gen2 Type-C, Thunderbolt 3 (Power delivery), Finger Print",Intel Core i5, 1.2GHz up to 3.7GHz 6MB,357.6 x 225.3 x 16.8 mm,"IPS, sRGB 96%, 300nits","512GB PCIe NVMe M.2 SSD (2 slot, còn trống 1 khe SSD)", SSD,80WHr 10.336mAh,DDR4,10/100 with RJ45 Gender,1.120 g,"8GB (1x SO-DIMM socket, up to 16GB SDRAM)",Full HD (1920 x 1080),15 inch,Non OS,Intel Wi-Fi 6 AX201D2W,,,,,,,,,,,,
https://tiki.vn/microsoft-surface-pro-2018-core-i5-8250u-8g-128gb-hang-chinh-hang-p8285447.html?__s=ssdp&itm_medium=CPC&itm_source=tiki-reco&spid=19940011&itm_campaign=tiki-reco_UNK_DT_UNK_UNK_tiki-listing_UNK_p-category-mpid-listing-v1_202110220600_MD_PID.19940011,Microsoft Surface Pro 2018 - Core i5-8250U/8G/128GB - Hàng Chính Hãng,Microsoft,NewTechShop,22500000,,,Loa Stereo (Dolby Audio Premium),4.1,,"Camera sau: 8.0MP autofocus, quay video 1080p HD, Camera trước: 5.0 MP camera trước, Quay video 1080p HD, Công nghệ Windows Hello nhận diện khuôn mặt",Intel UHD Graphics 620,MicroSDXC,8250U,"USB 3.0, 3.5 mm headphone jack, Mini DisplayPort, Surface Connect port, Surface Type Cover port, tương thích với Surface Dial",Intel Core 8th Gen i5,,29.21 x 20.142 x 0.85 mm,"267 ppi Touch, IPS",128GB,SSD ,Lithium-Polymer,,,775g,8GB,QHD+ (2736 x 1824),12.3 inch,Windows 10 Home,802.11 a / b / g / n / ac,13.5 giờ sử dụng,"Chuẩn WIFI: 802.11 ac
Kết nối không dây: Bluetooth 4.1",LGP-00001,Trung Quốc,Không,Tích hợp,,,,,,
https://tiki.vn/laptop-asus-rog-strix-scar-15-g533qm-hq054t-amd-r7-5800h-16gb-8gbx2-ddr4-3200mhz-512gb-ssd-pcie-g3x4-rtx-3060-6gb-gddr6-15-6-qhd-ips-165-hz-3ms-win10-hang-chinh-hang-p96821169.html?__s=ssdp&itm_medium=CPC&itm_source=tiki-reco&spid=96821170&itm_campaign=tiki-reco_UNK_DT_UNK_UNK_tiki-listing_UNK_p-category-mpid-listing-v1_202110220600_MD_PID.96821170,"Laptop Asus ROG Strix SCAR 15 G533QM-HQ054T (AMD R7-5800H/ 16GB (8GBx2) DDR4 3200MHz/ 512GB SSD PCIE G3X4/ RTX 3060 6GB GDDR6/ 15.6 QHD IPS, 165 Hz, 3ms/ Win10) - Hàng Chính Hãng",Asus,,44499000,Đài Loan,Trung Quốc,2x 4W speaker with Smart Amp Technology,v5.1,,,NVIDIA GeForce RTX 3060 6GB GDDR6 + AMD Radeon Graphics,,,1x Type C USB 3.2 Gen 2 with Power Delivery and Display Port; 3x USB 3.2 Gen 1 Type-A; 1x HDMI 2.0b; 1x 3.5mm Combo Audio Jack; 1x RJ45 LAN Jack; 1x Keystone,AMD Ryzen 7 5800H 3.2GHz up to 4.4GHz 16MB,,,"15.6"" QHD (2560 x 1440) IPS Non-Glare, NanoEdge, DCI-P3:100.00%, 300nits, 165Hz/3ms, Adaptive-Sync",512GB SSD PCIE G3X4 (3 slot),,4 Cell 90WHrs,,10/100/1000 Base T,2.3 kg,"16GB (8GBx2) DDR4 3200MHz (2x SO-DIMM socket, up to 64GB SDRAM)",2560 x 1440 pixels,15.6 inch,Windows 10 Home,Intel 802.11ax (2x2) Wi-Fi 6 (Gig+),,,,,,,,,,,,
https://tiki.vn/laptop-lg-gram-2020-17z90n-v-ah75a5-core-i7-1065g7-8gb-512gb-nvme-17-wqxga-ips-2560-1600-win10-home-plus-silver-hang-chinh-hang-p51428073.html?__s=ssdp&itm_medium=CPC&itm_source=tiki-reco&spid=97888584&itm_campaign=tiki-reco_UNK_DT_UNK_UNK_tiki-listing_UNK_p-category-mpid-listing-v1_202110220600_MD_PID.97888584,Laptop LG Gram 2020 17Z90N-V.AH75A5 (Core i7-1065G7/ 8GB/ 512GB NVMe/ 17 WQXGA IPS (2560*1600)/ Win10 Home Plus/ Silver) - Hàng Chính Hãng,LG,Tech IT Store,34490000,Hàn Quốc,Trung Quốc,HD Audio with DTS:X Ultra,v5.0,3200MHz ,HD Webcam with Dual Mic,Intel Iris Plus Graphics,,1065G7 ,"3x USB 3.1, HDMI, 1x USB 3.1 Gen2 Type-C, Thunderbolt 3 (Power delivery), Finger Print",Intel Core i7,1.30GHz up to 3.90GHz,380.6 x 262.6 x 17.4 mm,IPS,"512GB PCIe NVMe M.2 SSD (2 slot, còn trống 1 khe SSD)", SSD,80WHr 10.336mAh,DDR4,10/100 with RJ45 Gender,1.350g,"8GB (1x SO-DIMM socket, up to 16GB SDRAM)",WQXGA (2560 x 1600),17 inch,Windows 10 Home,	Intel Wi-Fi 6 AX201D2W,,,,,,,,,,,,
https://tiki.vn/surface-pro-7-core-i3-ram-4gb-sdd-128gb-brand-new-hang-chinh-hang-p47374311.html?__s=ssdp&itm_medium=CPC&itm_source=tiki-reco&spid=56455246&itm_campaign=tiki-reco_UNK_DT_UNK_UNK_tiki-listing_UNK_p-category-mpid-listing-v1_202110220600_MD_PID.56455246,Surface Pro 7 Core I3 Ram 4Gb Sdd 128Gb Brand New - Hàng chính hãng,Surface,,18189000,Mỹ,Mỹ,,,,,,,,,,,,,,,,,,,,,,,,,,,,,,,,,,,
https://tiki.vn/laptop-asus-rog-zephyrus-g14-ga401qe-k2026t-amd-r7-5800hs-16gb-8x2-ddr4-3200mhz-1tb-ssd-pcie-g3x4-gtx-3050ti-4gb-gddr6-14-wqhd-ips-120hz-win10-hang-chinh-hang-p108240688.html?__s=ssdp&itm_medium=CPC&itm_source=tiki-reco&spid=108240689&itm_campaign=tiki-reco_UNK_DT_UNK_UNK_tiki-listing_UNK_p-category-mpid-listing-v1_202110220600_MD_PID.108240689,"Laptop Asus ROG Zephyrus G14 GA401QE-K2026T (AMD R7-5800HS/ 16GB (8x2) DDR4 3200MHz/ 1TB SSD PCIE G3X4/ GTX 3050Ti 4GB GDDR6/ 14 WQHD IPS, 120Hz/ Win10) - Hàng Chính Hãng",Asus,,40359000,Đài Loan,Trung Quốc,"	2x 2.5W speaker with smart AMP technology, Dolby Atmos Software",v5.0,,,	NVIDIA GeForce GTX 3050Ti 4GB GDDR6 With ROG Boost up to 1585MHz at 60W (75W with Dynamic Boost),,,"1x Type C USB 3.1 Gen 2 with DisplayPort and Power Delivery up to 100W, 1x USB 3.1 Gen 2 Type-C, 2x USB 3.2 Gen 1 Type-A ,1x HDMI 2.0b, 1x 3.5mm Combo Audio Jack, FingerPrint",AMD Ryzen 7 5800HS 3.0GHz up to 4.3GHz 16MB,,," IPS with 72% NTSC, 120Hz, 100% sRGB, Pantone Validated, 75% AdobeRGB, 300nits",	1TB SSD PCIE G3X4,,4 Cell 76WHr,DDR4,,	1.73 kg,"16GB (8x2) DDR4 3200MHz (1x SO-DIMM socket, up to 24GB SDRAM)",,14 inch,,Intel Wi-Fi 6 with Gig+ performance (802.11AX) (2x2),,,GA401QE-K2026T,,,,4GB,,,,,
https://tiki.vn/laptop-asus-zenbook-flip-ux363ea-hp548t-core-i7-1165g7-16-gb-lpddr4x-4266-mhz-13-3-fhd-oled-touch-512gb-ssd-win10-hang-chinh-hang-p130355514.html?__s=ssdp&itm_medium=CPC&itm_source=tiki-reco&spid=130355515&itm_campaign=tiki-reco_UNK_DT_UNK_UNK_tiki-listing_UNK_p-category-mpid-listing-v1_202110220600_MD_PID.130355515,"Laptop Asus Zenbook Flip UX363EA-HP548T (Core i7-1165G7/ 16 GB, LPDDR4X, 4266 MHz/ 13.3 FHD OLED, Touch/ 512GB SSD/ Win10) - Hàng Chính Hãng",Asus,,32499000,Đài Loan,Trung Quốc,Audio by Harman/KardonSonicMaster audio,v5.0, 4267 MHz, Camera IRHD webcam, Intel Iris Xe Graphics,,,"1 x USB 3.2,  2 x Thunderbolt 4 USB-C,   HDMI",Intel Core i7 Tiger Lake - 1165G7,2.80 GHz Turbo Boost 4.7 GHz,Dài 305 mm - Rộng 211 mm - Dày 11.9 mm,"100% DCI-P3 , 400 nits,  OLED, Cảm ứng", SSD 512 GB NVMe PCIe,," 4-cell Li-ion, 67 Wh", LPDDR4X (On board),,1.3 kg, 16 GB  LPDDR4X  4267 MHz,Full HD (1920 x 1080),13.3 inch,Windows 10 Home SL,Wi-Fi 6 (802.11ax),,,Zenbook Flip UX363EA-HP548T,,, Card tích hợp,,,,,,
https://tiki.vn/laptop-asus-gaming-tuf-fx706hc-hx003t-i5-11400h-8gb-ram-512gb-ssd-17-3-fhd-rtx-3050-4gb-win10-xam-hang-chinh-hang-p117286354.html?__s=ssdp&itm_medium=CPC&itm_source=tiki-reco&spid=121261076&itm_campaign=tiki-reco_UNK_DT_UNK_UNK_tiki-listing_UNK_p-category-mpid-listing-v1_202110220600_MD_PID.121261076,Laptop Asus Gaming TUF FX706HC-HX003T (i5 11400H/8GB RAM/512GB SSD/17.3 FHD/RTX 3050 4Gb/Win10/Xám)- Hàng chính hãng,Asus,,26690000,Đài Loan,Trung Quốc,DTS Audio,Bluetooth 5.2,,HD webcam,NVIDIA GeForce RTX3050,,,3 x USB 3.2 ;Thunderbolt 4 USB-C;LAN (RJ45);HDMIJack tai nghe 3.5 mm,Intel Core i5 Tiger Lake 11400H,2.70 GHz Tốc độ tối đa Turbo Boost 4.5 GHz,,"Tấm nền IPS , Chống chói Anti Glare , 250 nits",512GB SSD,,"3-cell Li-ion, 48 Wh",DDR4 2 khe (1 khe 8GB + 1 khe rời),LAN (RJ45),2.6 Kg,8 GB,,,Win 10 bản quyền,Wi-Fi 6 (802.11ax),,,FX706HC-HX003T,,Không,,4G,Bluetooth 5.2Wi-Fi 6 (802.11ax),,,,
https://tiki.vn/laptop-lenovo-ideapad-gaming-3-15ihu6-82k1004yvn-core-i5-11300h-8-gb-ddr4-3200-mhz-rtx-3050-4gb-gddr6-15-6-fhd-ips-120hz-win10-hang-chinh-hang-p122202411.html?__s=ssdp&itm_medium=CPC&itm_source=tiki-reco&spid=122202412&itm_campaign=tiki-reco_UNK_DT_UNK_UNK_tiki-listing_UNK_p-category-mpid-listing-v1_202110220600_MD_PID.122202412,"Laptop Lenovo IdeaPad Gaming 3 15IHU6 82K1004YVN (Core i5-11300H/ 8 GB DDR4 3200 MHz/ RTX 3050 4GB GDDR6/ 15.6 FHD IPS, 120Hz/ Win10) - Hàng Chính Hãng",Lenovo,,23289000,Trung Quốc,Trung Quốc,Nahimic Audio,v5.0,,720p with Camera Shutter,"	NVIDIA GeForce RTX 3050 4GB GDDR6, Boost Clock 1500 / 1740MHz, TGP 90W",,,"1x USB-C 3.2 Gen 1 (support data transfer only), 2x USB 3.2 Gen 1, 1x HDMI 2.0, 1x RJ-45, 1x headphone / microphone combo jack (3.5mm), 1x power connector",Core i5 11300H 3.1Ghz Up to 4.4Ghz-8Mb,,,"IPS 250nits Anti-glare, 120Hz, 45% NTSC, DC dimmer",512GB SSD M.2 2242 PCIe 3.0x4 NVMe (Còn trống 1 khe 2.5 SATA3),,3 Cell 45WHr,,Ethernet (RJ-45),2.25 kg ,"8GB (8x1) DDR4 3200MHz (2x SO-DIMM socket, up to 16GB SDRAM)",,15.6 inch,,	802.11AX (2x2),,,15IHU6 82K1004YVN ,,,,,,,,,
https://tiki.vn/microsoft-surface-laptop-2-core-i5-8250u-ram-8gb-ssd-256gb-hang-chinh-hang-p21061945.html?__s=ssdp&itm_medium=CPC&itm_source=tiki-reco&spid=21061947&itm_campaign=tiki-reco_UNK_DT_UNK_UNK_tiki-listing_UNK_p-category-mpid-listing-v1_202110220600_MD_PID.21061947,Microsoft Surface Laptop 2 - Core i5-8250U/RAM 8GB/ SSD 256GB - Hàng Chính Hãng,Microsoft,NewTechShop,31900000,,,Stereo microphones Omnisonic Speakers with Dolby Audio Premium,,,,,,,,,,,,256GB,,,,,,,,,,,,,Microsoft Surface Laptop 2,,,,,,,,,
https://tiki.vn/laptop-lg-gram-2021-17z90p-g-ah76a5-core-i7-1165g7-16gb-lpddr4x-512gb-ssd-nvme-17-wqxga-ips-win10-hang-chinh-hang-p92621088.html?__s=ssdp&itm_medium=CPC&itm_source=tiki-reco&spid=92621090&itm_campaign=tiki-reco_UNK_DT_UNK_UNK_tiki-listing_UNK_p-category-mpid-listing-v1_202110220600_MD_PID.92621090,Laptop LG Gram 2021 17Z90P-G.AH76A5 (Core i7-1165G7/ 16GB LPDDR4X/ 512GB SSD NVMe/ 17 WQXGA IPS/ Win10) - Hàng Chính Hãng,LG,,52900000,Hàn Quốc,Trung Quốc,HD Audio with DTS:X Ultra,v5.1,4266MHz,HD Webcam with Dual Mic,Intel Iris Xe Graphics,"UFS, Micro SD",,"2x USB 3.2 Gen2, 2x USB Type-C Thunderbolt 4, 1x HDMI",Intel Core i7-1165G7 ,2.8GHz up to 4.7GHz 12MB,380.2 x 260.1 x 17.8 mm,"IPS, DCI-P3 99%","512GB PCIe NVMe M.2 SSD (2 slot, còn trống 1 khe M.2)",SSD,80WHr 10.336mAh,LPDDR4X,10/100 with RJ45 Gender,1.35kg,16GB (8GBx2),WQXGA (2560 x 1600),17 inch,Windows 10 Home,Intel Wi-Fi 6 AX201D2W,,,,,,Tích hợp,,,,,,
https://tiki.vn/laptop-asus-rog-strix-g17-g713qm-k4183t-amd-r9-5900hx-16gb-2x8-ddr4-3200mhz-512gb-ssd-pcie-g3x4-gtx-3060-6gb-gddr6-17-3-wqhd-ips-165hz-3ms-freesync-win10-hang-chinh-hang-p132820322.html?__s=ssdp&itm_medium=CPC&itm_source=tiki-reco&spid=132820325&itm_campaign=tiki-reco_UNK_DT_UNK_UNK_tiki-listing_UNK_p-category-mpid-listing-v1_202110220600_MD_PID.132820325,"Laptop Asus ROG Strix G17 G713QM-K4183T (AMD R9-5900HX/ 16GB (2x8) DDR4 3200MHz/ 512GB SSD PCIE G3X4/ GTX 3060 6GB GDDR6/ 17.3 WQHD IPS, 165Hz, 3ms, FreeSync/ Win10) - Hàng Chính Hãng",Asus,Tiki Trading,44499000,Đài Loan,Trung Quốc,Smart AMP technology,v5.1,3200MHz,,NVIDIA GeForce GTX 3060 6GB GDDR6 With ROG Boost up to 1802MHz at 115W (130W with Dynamic Boost),,,"1x Type C USB 3.2 Gen 2 with Power Delivery, Display Port and G-Sync, 3x USB 3.2 Gen 1 Type-A, 1x 3.5mm Combo Audio Jack, 1x RJ45 LAN port, 1x HDMI 2.0b",AMD Ryzen 9 5900HX,3.3GHz up to 4.6GHz 16MB,39.5 x 28.2 x 2.34 ~ 2.75 cm,"Anti-glare display, DCI-P3:100%, Pantone Validated, 165Hz, 3ms, IPS-level, FreeSync",512GB SSD PCIE G3X4 (Còn trống 1 khe SSD M.2 PCIE),,4 Cell 90WHr,DDR4,,2.7 kg,"16GB (2x8) DDR4 3200MHz (2x SO-DIMM socket, up to 32GB SDRAM)",2560 x 1440 pixels,17 inch,Windows 10 Home,Intel Wi-Fi 6(Gig+)(802.11ax) (2x2),,,,,,Rời,,,,,,
https://tiki.vn/msi-katana-gaming-gf66-11uc-i7-11800h-8gb-512gb-4gb-rtx3050-144hzbalo-win10-224vn-hang-chinh-hang-p121405782.html?__s=ssdp&itm_medium=CPC&itm_source=tiki-reco&spid=121405786&itm_campaign=tiki-reco_UNK_DT_UNK_UNK_tiki-listing_UNK_p-category-mpid-listing-v1_202110220600_MD_PID.121405786,Laptop MSI Katana Gaming GF66 11UC i7 11800H/8GB/512GB/4GB RTX3050/144HzBalo/Win10 (224VN) - Hàng chính hãng,MSI,Thế Giới Di Động Official,29790000,Đài Loan,Trung Quốc, Nahimic Audio,Bluetooth 5.2,,HD webcam, Card rời - NVIDIA GeForce RTX3050,,, Jack tai nghe 3.5 mm  2 x USB 3.2  HDMI  LAN (RJ45)  USB 2.0  USB Type-C,Intel Core i7 Tiger Lake - 11800H,2.30 GHz Tốc độ tối đa Turbo Boost 4.6 GHz,,LED/ Tấm nền IPS,SSD 512 GB NVMe PCIeKhông hỗ trợ khe cắm SSD M2 mở rộng thêm,,"3-cell Li-ion, 53 Wh",DDR4 2 khe (1 khe 8GB + 1 khe rời),LAN (RJ45),2.1 kg, 8 GB,,,Windows 10 Home SL,Wi-Fi 6 (802.11ax),,,GF66 11UC,,,,4 GB, Bluetooth 5.2Wi-Fi 6 (802.11ax),,,,
https://tiki.vn/laptop-lg-gram-2021-14zd90p-g-ax51a5-core-i5-1135g7-8gb-lpddr4x-256gb-ssd-nvme-14-wuxga-ips-nonos-hang-chinh-hang-p92613134.html?__s=ssdp&itm_medium=CPC&itm_source=tiki-reco&spid=92613135&itm_campaign=tiki-reco_UNK_DT_UNK_UNK_tiki-listing_UNK_p-category-mpid-listing-v1_202110220600_MD_PID.92613135,Laptop LG Gram 2021 14ZD90P-G.AX51A5 (Core i5-1135G7/ 8GB LPDDR4X/ 256GB SSD NVMe/ 14 WUXGA IPS/ NonOS) - Hàng Chính Hãng,LG,Tiki Trading,34900000,Hàn Quốc,Trung Quốc,HD Audio with DTS X Ultra,v5.1,,HD Webcam with Dual Mic,Intel Iris Xe Graphics,,,"HP-Out(4Pole Headset, US type), USB 3.2 Gen2x1 (x2), HDMI,  USB 4 Gen3x2 Type C (x2, with Power Delivery, Display Port, Thunderbolt 4)","Intel 11th Generation i5 (Quad Core) i5-1135G7 (2.4 GHz, Turbo up to 4.2 GHz, L3 Cache 8MB, 28 W)",,313.4 x 215.2 x 16.8 mm,IPS,256GB SSD,,72 Wh Li-Ion,,,999g,8GB LPDDR4X (Dual Channel),Full HD (1920 x 1080),14 inch,,"Intel Wireless-AX201 (802.11ax, 2x2, Dual Band, BT Combo)",,,14ZD90P-G.AX51A5,,,,,,,,,
https://tiki.vn/laptop-asus-expertbook-b1400ceae-bv3012t-core-i3-1115g4-4gb-256gb-ssd-14-hd-win10-hang-chinh-hang-p130172244.html?__s=ssdp&itm_medium=CPC&itm_source=tiki-reco&spid=130172245&itm_campaign=tiki-reco_UNK_DT_UNK_UNK_tiki-listing_UNK_p-category-mpid-listing-v1_202110220600_MD_PID.130172245,Laptop Asus ExpertBook B1400CEAE-BV3012T (Core i3-1115G4/ 4GB/ 256GB SSD/ 14 HD/ Win10) - Hàng Chính Hãng,Asus,Tiki Trading,13979000,Đài Loan,Trung Quốc,,V5.2,,Camera HD 720p,UMA,Micro SD,,"1x USB 2.0 Loại A, 1x USB 3.2 Thế hệ 1 Loại C hỗ trợ màn hình / power delivery, 2x USB 3.2 Thế hệ 2 Loại A, 1x Thunderbolt 4 hỗ trợ màn hình / power delivery, 1x HDMI 1.4, 1x Cổng VGA (D-Sub), 1x Giắc Âm thanh Kết hợp 3,5 mm, 1x RJ45 Gigabit Ethernet, 1x DC vào",Intel Core i3-1115G4,,32.34 x 21.56 x 1.92 ~ 1.92 cm,"Màn hình chống chói, LED Backlit, 220 nit",256GB,,"42WHrs, 3S1P, Li-ion 3 pin",DDR4,,1.45 kg,4GB,HD (1366 x 768),14 inch,Windows 10 Home,Wi-Fi 6(802.11ax),,,,,,,,,,,,
https://tiki.vn/surface-book-2-15-inch-core-i7-ram-16gb-512gb-new-hang-chinh-hang-p55651297.html?__s=ssdp&itm_medium=CPC&itm_source=tiki-reco&spid=55651298&itm_campaign=tiki-reco_UNK_DT_UNK_UNK_tiki-listing_UNK_p-category-mpid-listing-v1_202110220600_MD_PID.55651298,Surface Book 2 15 Inch Core I7 Ram 16Gb 512Gb (New) - Hàng chính hãng,Surface,,58000000,Mỹ,Mỹ,,,,,,,,,,,,,,,,,,,,,,,,,,,,,,,,,,,
https://tiki.vn/laptop-dell-vostro-3400-70235020-core-i3-1115g4-8gb-256gb-ssd-14-fhd-win10-hang-chinh-hang-p77694537.html?__s=ssdp&itm_medium=CPC&itm_source=tiki-reco&spid=78010654&itm_campaign=tiki-reco_UNK_DT_UNK_UNK_tiki-listing_UNK_p-category-mpid-listing-v1_202110220600_MD_PID.78010654,Laptop Dell Vostro 3400 70235020 (Core i3-1115G4/ 8GB/ 256GB SSD/ 14 FHD/ Win10) - Hàng Chính Hãng,Dell,,16300000,Mỹ,Trung Quốc,Realtek ALC3204; 2*2W,V5.0,3200Mhz,HD,Intel UHD Graphics,SD,,"2 USB 3.2 Type-A, 1 USB 2.0; 1 Ethernet RJ-45, 1 HDMI 1.4, 1 USB 3.2 Gen 2 Type-C (Optional)",Intel Core i3 1115G4 (3.0Ghz/6MB cache),,,,256GB,SSD,42Wh,DDR4,,1.64Kg,8GB,Full HD (1920 x 1080),14 inch,Win 10 Home SL 64,802.11ac,,,,,,Tích hợp,Share,,,,,
https://tiki.vn/laptop-dell-inspiron-7501-n5i5012w-core-i5-10300h-8gb-ddr4-2933mhz-512gb-ssd-m-2-pcie-nvme-gtx-1650ti-4gb-gddr6-15-6-fhd-ips-win10-hang-chinh-hang-p81437713.html?__s=ssdp&itm_medium=CPC&itm_source=tiki-reco&spid=81437714&itm_campaign=tiki-reco_UNK_DT_UNK_UNK_tiki-listing_UNK_p-category-mpid-listing-v1_202110220600_MD_PID.81437714,Laptop Dell Inspiron 7501 N5I5012W (Core i5-10300H/ 8GB DDR4 2933MHz/ 512GB SSD M.2 PCIe NVMe/ GTX 1650Ti 4GB GDDR6/ 15.6 FHD IPS/ Win10) - Hàng Chính Hãng,Dell,,27990000,Mỹ,Trung Quốc,Realtek High Definition Audio (Speaker : 2 x 2W),v5.0,,HD Web Camera with dual-array microphones,NVIDIA GeForce GTX 1650Ti 4GB GDDR6 + Intel UHD Graphics,Micro-SD reader (support mSD/mSDHC/mSDXC),,2x USB 3.2 Gen 1 Type-A; 1x USB 3.2 Gen 2 (Type-C) port with Thunderbolt/DisplayPort/Power Delivery (for computers shipped with NVIDIA GeForce GTX 1650 Ti); 1x HDMI; 1x Headphone/Microphone combo jack; Finger Print,Intel Core i5-10300H 2.5GHz up to 4.5GHz 8MB,,35.61 x 23.45 x 1.89 (cm),"15.6"" FHD (1920 x 1080) IPS, Anti-Glare, 100% sRGB, 64% Adobe RGB",512GB SSD M.2 PCIe NVMe,,3 Cell 56WHr,,,1.9 kg,"8GB DDR4 2933MHz Onboard (1x SO-DIMM socket, up to 32GB SDRAM)",Full HD (1920 x 1080),15.6 inch,Windows 10 Home,Intel Wi-Fi 6 AX201 (2x2),,,,,,,,,,,,
https://tiki.vn/laptop-dell-inspiron-15-3511-p112f001abl-core-i3-1115g4-4gb-ddr4-256gb-ssd-nvme-pcie-15-6-fhd-win10-officeh-s-2019-hang-chinh-hang-p127257005.html?__s=ssdp&itm_medium=CPC&itm_source=tiki-reco&spid=127257007&itm_campaign=tiki-reco_UNK_DT_UNK_UNK_tiki-listing_UNK_p-category-mpid-listing-v1_202110220600_MD_PID.127257007,Laptop Dell Inspiron 15 3511 P112F001ABL (Core i3-1115G4/ 4GB DDR4/ 256GB SSD NVMe PCIe/ 15.6 FHD/ Win10 + OfficeH&S 2019) - Hàng Chính Hãng,Dell,,14799000,Mỹ,Trung Quốc,,BT 5.0,,,Intel UHD Graphics,,,,"Intel Core i3-1115G4 (6MB Cache, 3.0GHz, Turbo Boost 4.1GHz)",,Front height 18.99 mmWidth 358.5 mmDepth 235.56 mm,15.6-inch FHD (1920 x 1080) Anti-glare LED Backlight Non-Touch Narrow Border WVA Display,256GB M.2 PCIe NVMe SSD,,3 Cell 41WHr,4GB (1x4GB) DDR4 2666MHz,,,,,,Win10 Home SL,WLAN 802.11ac,3 Cell 41WHr,,P112F001ABL,,,,,,~1.85 kg kg,,,
https://tiki.vn/laptop-lenovo-yoga-slim-7-14itl05-82a300a6vn-core-i7-1165g7-8gb-ddr4-3200mhz-onboard-512gb-m-2-2280-pcie-4-0x4-nvme-14-fhd-ips-win10-hang-chinh-hang-p125891631.html?__s=ssdp&itm_medium=CPC&itm_source=tiki-reco&spid=125891632&itm_campaign=tiki-reco_UNK_DT_UNK_UNK_tiki-listing_UNK_p-category-mpid-listing-v1_202110220600_MD_PID.125891632,Laptop Lenovo Yoga Slim 7 14ITL05 82A300A6VN (Core i7-1165G7/ 8GB DDR4 3200MHz Onboard/ 512GB M.2 2280 PCIe 4.0x4 NVMe/ 14 FHD IPS/ Win10) - Hàng Chính Hãng,Lenovo,,25999000,Trung Quốc,Trung Quốc,Dolby Atmos Speaker,v5.0,3200MHz,"IR & HD720p (1.0MP) camera with ToF sensor, fixed focus",Intel Iris Xe Graphics,MicroSD Card Reader,,"2x USB 3.2 Type-A Gen 1 (one always on), 2x Thunderbolt 4 / USB 4 40 Gbps (w/ the function of PD 3.0 and DP 1.4), 1x HDMI 1.4b, 1x headphone / microphone combo jack",Intel Core i7-1165G7 ,2.8GHz up to 4.7GHz 12MB,320.6 x 208.18 x 14.9mm,"IPS, 300nits, Glossy, 100% sRGB",512GB SSD M.2 2280 PCIe 3.0x4 NVMe,SSD,4Cell 60.7Wh,DDR4,,1.36 Kg,8GB,Full HD (1920 x 1080),14 inch,Window 10 Home,Wi-Fi 6 2x2 (802.11ax),,,,,,Tích hợp,,,,,,
https://tiki.vn/laptop-msi-gs66-stealth-11ug-210vn-core-i7-11800h-32gb-16gbx2-ddr4-3200mhz-2tb-ssd-pcie-g3x4-rtx3070-max-q-8gb-gddr6-15-6-fhd-ips-300hz-win10-hang-chinh-hang-p129356513.html?__s=ssdp&itm_medium=CPC&itm_source=tiki-reco&spid=129356514&itm_campaign=tiki-reco_UNK_DT_UNK_UNK_tiki-listing_UNK_p-category-mpid-listing-v1_202110220600_MD_PID.129356514,"Laptop MSI GS66 Stealth 11UG-210VN (Core i7-11800H/ 32GB (16GBx2) DDR4 3200MHz/ 2TB SSD PCIE G3X4/ RTX3070 Max-Q 8GB GDDR6/ 15.6 FHD IPS, 300Hz/ Win10) - Hàng Chính Hãng",MSI,,55279000,Đài Loan,Trung Quốc,Sound by Dynaudio and High-Resolution Audio ready (2x 2W Speaker),v5.2,3200MHz,IR HD type (30fps@720p),"NVIDIA GeForce RTX3070 Max-Q 8GB GDDR6, Up to 1410MHz Boost Clock, 95W Maximum Graphics Power with Dynamic Boost.",,,"1x Type-C (USB4 / DP / Thunderbolt4) with PD charging, 1x Type-C (USB3.2 Gen2 / DP), 3x Type-A USB3.2 Gen2, 1x RJ-45, 1x (8K @ 60Hz / 4K @ 120Hz) HDMI",Intel Core i7-11800H ,2.3GHz up to 4.6GHz 24MB,358.3 x 248 x 18.3-19.8 (mm),"IPS with Anti-Glare, 300Hz, 3ms, Thin Bezel, 100% sRGB",2TB SSD PCIE G3X4 (2 slots),SSD,4 Cell 99.9WHr,DDR4,Killer Gb LAN (Up to 2.5G),2.1 kg,"32GB (16GBx2) DDR4 3200MHz (2x SO-DIMM socket, up to 64GB SDRAM)",Full HD (1920 x 1080),15.6 inch,Windows 10 Home,Intel Wi-Fi 6E AX210(2x2),,,,,,Rời,,,,,,
https://tiki.vn/laptop-lg-gram-2021-16z90p-g-ah73a5-core-i7-1165g7-16gb-lpddr4x-256gb-ssd-nvme-16-wqxga-ips-win10-hang-chinh-hang-p92610142.html?__s=ssdp&itm_medium=CPC&itm_source=tiki-reco&spid=92610143&itm_campaign=tiki-reco_UNK_DT_UNK_UNK_tiki-listing_UNK_p-category-mpid-listing-v1_202110220600_MD_PID.92610143,Laptop LG Gram 2021 16Z90P-G.AH73A5 (Core i7-1165G7/ 16GB LPDDR4X/ 256GB SSD NVMe/ 16 WQXGA IPS/ Win10) - Hàng Chính Hãng,LG,Tiki Trading,48900000,Hàn Quốc,Trung Quốc,HD Audio with DTS X Ultra,BT 5.1,,HD Webcam with Dual Mic.,"Intel Iris Xe Graphics (i7,i5) ",UFS/ Micro SD,,"HP-Out(4Pole Headset, US type), USB 3.2 Gen2x1 (x2), HDMI,  USB 4 Gen3x2 Type C (x2, with Power Delivery, Display Port, Thunderbolt 4)","Intel 11th Generation i7 (Quad Core) 'i7-1165G7 (2.8 GHz, Turbo up to 4.7 GHz, L3 Cache 12MB, 28W) - QC",,"
355.9 x 243.4 x 16.8 mm
14.01 x 9.58 x 0.66""
","16.0"" (40.6cm) WQXGA (2560*1600) IPS LCD, (Non-Touch)",M.2(2280) Dual SSD slots - NVME: 256GB,,80 Wh Li-Ion,,,"1,190g / 2.62 lbs",16GB LPDDR4X (Dual Channel),,16 inch,Windows 10 Home (64bit),"Intel Wireless-AX201 (802.11ax, 2x2, Dual Band, BT Combo)",MobileMark 2018:  Up to 16.5 hours; MobileMark 2014:  Up to 22 hours; Video playback:  Up to 24.5 hours; JEITA 2.0:  Up to 30 hours,,,,,,,,,,,
https://tiki.vn/acer-nitro-5-gaming-an515-57-74nu-i7-11800h-8gb-512gb-4gb-rtx3050ti-144hz-balo-win10-nh-qd9sv-001-hang-chinh-hang-p121405787.html?__s=ssdp&itm_medium=CPC&itm_source=tiki-reco&spid=121405790&itm_campaign=tiki-reco_UNK_DT_UNK_UNK_tiki-listing_UNK_p-category-mpid-listing-v1_202110220600_MD_PID.121405790,Laptop Acer Nitro 5 Gaming AN515 57 74NU i7 11800H/8GB/512GB/4GB RTX3050Ti/144Hz/Balo/Win10 (NH.QD9SV.001.) - Hàng chính hãng,Acer,,28990000,Đài Loan,Trung Quốc,"Acer TrueHarmony, DTS X:Ultra Audio",Bluetooth 5.1,, HD webcam, Card rời - NVIDIA GeForce RTX3050Ti,,,Jack tai nghe 3.5 mm  3 x USB 3.2  HDMI  LAN (RJ45)  USB Type-C, Intel Core i7 Tiger Lake - 11800H, 2.30 GHz Tốc độ tối đa  Turbo Boost 4.6 GHz,,Tấm nền IPS  LED Backlit  Acer ComfyView,"SSD 512 GB NVMe PCIe (Có thể tháo ra, lắp thanh khác tối đa 1TB)  Hỗ trợ khe cắm HDD SATA (nâng cấp tối đa 2TB)  Hỗ trợ thêm 1 khe cắm SSD M.2 PCIe mở rộng (nâng cấp tối đa 1TB)",,"4-cell Li-ion, 57 Wh", DDR4 2 khe (1 khe 8GB + 1 khe rời),LAN (RJ45),2.2 Kg, 8 GB,,,Windows 10 Home SL, Wi-Fi 6 (802.11ax),,,AN515 57 74NU,,,,4 GB, Wi-Fi 6 (802.11ax)Bluetooth 5.1,,,,
https://tiki.vn/laptop-asus-rog-zephyrus-g14-ga401qm-k2041t-amd-r9-5900hs-32gb-16x2-ddr4-3200mhz-1tb-ssd-pcie-g3x4-gtx-3060-6gb-gddr6-14-wqhd-ips-120hz-win10-hang-chinh-hang-p132820703.html?__s=ssdp&itm_medium=CPC&itm_source=tiki-reco&spid=132820704&itm_campaign=tiki-reco_UNK_DT_UNK_UNK_tiki-listing_UNK_p-category-mpid-listing-v1_202110220600_MD_PID.132820704,"Laptop Asus ROG Zephyrus G14 GA401QM-K2041T (AMD R9-5900HS/ 32GB (16x2) DDR4 3200MHz/ 1TB SSD PCIE G3X4/ GTX 3060 6GB GDDR6/ 14 WQHD IPS, 120Hz/ Win10) - Hàng Chính Hãng",Asus,Tiki Trading,48539000,Đài Loan,Trung Quốc,,v5.0,,,NVIDIA GeForce GTX 3060 6GB GDDR6 With ROG Boost up to 1802MHz at 115W (130W with Dynamic Boost),,,"1x Type C USB 3.1 Gen 2 with DisplayPort and Power Delivery up to 100W, 1x USB 3.1 Gen 2 Type-C, 2x USB 3.2 Gen 1 Type-A, 1x HDMI 2.0b, 1x 3.5mm Combo Audio Jack, FingerPrint",AMD Ryzen 9 5900HS 3.0GHz up to 4.6GHz 16MB,3.0GHz up to 4.6GHz,32.4 x 22 x 1.99 (cm),"IPS with 72% NTSC, 120Hz, 100% sRGB, Pantone Validated, 75% AdobeRGB, 300nits",1TB SSD PCIE G3X4,,4 Cell 76WHr,,,1.73 kg,"32GB (16x2) DDR4 3200MHz (1x SO-DIMM socket, up to 32GB SDRAM)",,,Windows 10 Home,	Intel Wi-Fi 6 with Gig+ performance (802.11AX) (2x2),,,GA401QM-K2041T,,,,,,,,,
https://tiki.vn/apple-macbook-air-2020-m1-13-inchs-apple-m1-8gb-256gb-hang-chinh-hang-p73795621.html?__s=ssdp&itm_medium=CPC&itm_source=tiki-reco&spid=76756095&itm_campaign=tiki-reco_UNK_DT_UNK_UNK_tiki-listing_UNK_p-category-mpid-listing-v1_202110220600_MD_PID.76756095,Apple MacBook Air 2020 M1 - 13 Inchs (Apple M1/ 8GB/ 256GB) - Hàng Chính Hãng,Apple,NGUYENVUSTORE,27490000,Mỹ,Trung Quốc,,Bluetooth 5.0 wireless technology,,720p FaceTime HD camera,The 7-core GPU in M1 chip,,,"Two Thunderbolt 3 ports (USB 4) with support for: Charging, Display, ThunderBolt (up to 40 Gbps), USB-C 3.1 Gen 2 (up to 10 Gbps)",,,,13.3-inch (diagonal) LED-backlit display with IPS technology; 2560-by-1600 native resolution at 227 pixels per inch with support for millions of colors 400 nits brightness; Wide color (P3); True Tone technology,256GB,,,,IEEE 802.11a/b/g/n/ac compatible,,8GB,,,,802.11ax Wi-Fi 6 wireless networking,,,,,,,,,,,,
https://tiki.vn/laptop-lenovo-v15-g2-itl-82kb00cvvn-core-i5-1135g7-8gb-ddr4-3200mhz-onboard-512gb-ssd-m-2-2242-pcie-mx350-2gb-gddr5-15-6-fhd-win10-hang-chinh-hang-p132221842.html?__s=ssdp&itm_medium=CPC&itm_source=tiki-reco&spid=132221843&itm_campaign=tiki-reco_UNK_DT_UNK_UNK_tiki-listing_UNK_p-category-mpid-listing-v1_202110220600_MD_PID.132221843,Laptop Lenovo V15 G2 ITL 82KB00CVVN (Core i5-1135G7/ 8GB DDR4 3200MHz Onboard/ 512GB SSD M.2 2242 PCIe/ MX350 2GB GDDR5/ 15.6 FHD/ Win10) - Hàng Chính Hãng,Lenovo,,18529000,Trung Quốc,Trung Quốc,Dolby Advanced Audio,v5.0,,0.3MP with Privacy Shutter,NVIDIA GeForce MX350 2GB GDDR5 + Intel Iris Xe Graphics,,,"1x USB-C 3.2 Gen 1 (support data transfer only), 1x USB 3.2 Gen 1, 1x USB 2.0, 1x Power connector ,1x Ethernet (RJ-45), 1x HDMI 1.4b,1x Headphone / microphone combo jack (3.5mm)",Intel Core i5-1135G7 2.4GHz up to 4.2GHz 8MB,,,"TN, Anti-Glare, 250nits, 45% NTSC","512GB SSD M.2 2242 PCIe 3.0x4 NVMe (Còn trống 1 khe 2.5"" SATA)",,3 Cells 45WHrs,,100/1000M,1.7kg,"8GB DDR4 3200MHz Onboard (1x SO-DIMM socket, up to 16GB SDRAM)",,15.6 inch,,802.11AC (2x2),,,V15 G2 ITL 82KB00CVVN,,,,,,,,,
https://tiki.vn/laptop-dell-inspiron-14-5406-tycjn1-core-i7-1165g7-8gb-ddr4-3200mhz-512gb-m-2-pcie-nvme-mx330-2gb-gddr5-14-fhd-ips-win10-hang-chinh-hang-p75557641.html?__s=ssdp&itm_medium=CPC&itm_source=tiki-reco&spid=128932296&itm_campaign=tiki-reco_UNK_DT_UNK_UNK_tiki-listing_UNK_p-category-mpid-listing-v1_202110220600_MD_PID.128932296,Laptop Dell Inspiron 14 5406 TYCJN1 (Core i7-1165G7/ 8GB DDR4 3200MHz/ 512GB M.2 PCIe NVMe/ MX330 2GB GDDR5/ 14 FHD IPS/ Win10) - Hàng Chính Hãng,Dell,,29990000,Mỹ,Trung Quốc,,v5.1,,HD camera with dual-array microphones,NVIDIA GeForce MX330 2GB GDDR5 + Intel Iris Xe Graphics,,,2 x USB 3.2 Gen 1 ports Type A; 1 x USB 3.2 Gen2 Type-C with DisplayPort; 1 x HDMI 1.4b port; 1 x SD-card slot; 1 x headset (headphone and microphone combo) port,Intel Core i7-1165G7 Processor,"2.80GHz up to 4.70GHz, 4 nhân 8 luồng",,14.0 Inch FHD Touch IPS 60Hz Wide Viewing Angle,512GB SSD M.2 PCIe NVMe,,,,,,8GB DDR4 3200MHz (1 x 8GB),Full HD (1920 x 1080),,,Intel Wi-fi 6 2x2 (Gig+),,,,,,,,,,,,
https://tiki.vn/decal-dan-laptop-cho-macbook-mac-232-p81961413.html?__s=ssdp&itm_medium=CPC&itm_source=tiki-reco&spid=81961422&itm_campaign=tiki-reco_UNK_DT_UNK_UNK_tiki-listing_UNK_p-category-mpid-listing-v1_202110220600_MD_PID.81961422,Decal Dán Laptop Cho Macbook Mac - 232,OEM,,115000,Việt Nam,Việt Nam,,,,,,,,,,,,,,,,,,,,,,,,,,,,,,,,,,,
https://tiki.vn/laptop-acer-aspire-3-a315-56-502x-nx-hs5sv-00f-core-i5-1035g1-4gb-ddr4-2666mhz-256gb-ssd-m-2-pcie-15-6-fhd-ips-win10-hang-chinh-hang-p97045023.html?__s=ssdp&itm_medium=CPC&itm_source=tiki-reco&spid=97045024&itm_campaign=tiki-reco_UNK_DT_UNK_UNK_tiki-listing_UNK_p-category-mpid-listing-v1_202110220600_MD_PID.97045024,Laptop Acer Aspire 3 A315-56-502X NX.HS5SV.00F (Core i5-1035G1/ 4GB DDR4 2666MHz/ 256GB SSD M.2 PCIE/ 15.6 FHD IPS/ Win10) - Hàng Chính Hãng,Acer,,13969000,Đài Loan,Trung Quốc,Realtek High Definition,v4.2,2666MHz,HD Webcam,Intel UHD Graphics,,,,Intel Core i5-1035G1,1.0GHz up to 3.6GHz 6MB,363 x 247.5 x 19.9 (mm),"IPS, Acer ComfyView LCD, Anti-Glare","256GB SSD M.2 PCIE, 1x slot SATA3 2.5""",SSD,2 Cell 36.7 Whr,DDR4,10/100/1000 Mbps,1.7 kg,4GB,Full HD (1920 x 1080),15.6 inch,Windows 10 Home,802.11a/b/g/n/ac,,,,,,Tích hợp,Tích hợp,,,,,
https://tiki.vn/tui-chong-soc-tomtoc-usa-360-protective-macbook-surface-13-3inch-dazzling-blue-a13-p105038651.html?__s=ssdp&itm_medium=CPC&itm_source=tiki-reco&spid=105038668&itm_campaign=tiki-reco_UNK_DT_UNK_UNK_tiki-listing_UNK_p-category-mpid-listing-v1_202110220600_MD_PID.105038668,Túi chống sốc  (USA) 360° Protective Macbook - Surface 13.3inch Dazzling Blue - A13,OEM,,780000,Việt Nam,Việt Nam,,,,,,,,,,,,,,,,,,,,,,,,,,,,,,,,,,,
https://tiki.vn/laptop-lg-gram-2021-14zd90p-g-ax56a5-core-i5-1135g7-16gb-lpddr4x-512gb-ssd-nvme-14-wuxga-ips-nonos-hang-chinh-hang-p92613021.html?__s=ssdp&itm_medium=CPC&itm_source=tiki-reco&spid=109067534&itm_campaign=tiki-reco_UNK_DT_UNK_UNK_tiki-listing_UNK_p-category-mpid-listing-v1_202110220600_MD_PID.109067534,Laptop LG Gram 2021 14ZD90P-G.AX56A5 (Core i5-1135G7/ 16GB LPDDR4X/ 512GB SSD NVMe/ 14 WUXGA IPS/ NonOS) - Hàng Chính Hãng,LG,Tech IT Store,37900000,Hàn Quốc,Trung Quốc,HD Audio with DTS X Ultra,,,v5.1,Intel Iris Xe Graphics,,,"HP-Out(4Pole Headset, US type), USB 3.2 Gen2x1 (x2), HDMI,  USB 4 Gen3x2 Type C (x2, with Power Delivery, Display Port, Thunderbolt 4)","Intel 11th Generation i5 (Quad Core) i5-1135G7 (2.4 GHz, Turbo up to 4.2 GHz, L3 Cache 8MB, 28 W)",,313.4 x 215.2 x 16.8 mm,IPS,512GB SSD,,72 Wh Li-Ion,,,999g,16GB LPDDR4X (Dual Channel),,14 inch,,"Intel Wireless-AX201 (802.11ax, 2x2, Dual Band)",,,14ZD90P-G.AX56A5,,,,,,,,,
https://tiki.vn/laptop-chromebook-touch-nl6d-hang-chinh-hang-p95995234.html?__s=ssdp&itm_medium=CPC&itm_source=tiki-reco&spid=95995235&itm_campaign=tiki-reco_UNK_DT_UNK_UNK_tiki-listing_UNK_p-category-mpid-listing-v1_202110220600_MD_PID.95995235,LAPTOP CHROMEBOOK TOUCH (NL6D) - Hàng Chính Hãng,Intel,,11500000,Singapore,china,,,,,,,,,,,,,,,,,,,,,,,,,,,,,,,,,,,
https://tiki.vn/laptop-acer-nitro-5-an515-57-50ft-i5-11400h-16gb-512gb-4gb-rtx3050-15-6-f-144hz-balo-win10-nh-qd8sv-003-den-hang-chinh-hang-p122474850.html?__s=ssdp&itm_medium=CPC&itm_source=tiki-reco&spid=122474851&itm_campaign=tiki-reco_UNK_DT_UNK_UNK_tiki-listing_UNK_p-category-mpid-listing-v1_202110220600_MD_PID.122474851,"Laptop Acer Nitro 5 AN515 57 50FT i5 11400H/16GB/512GB/4GB RTX3050/15.6""F/144Hz/Balo/Win10/(NH.QD8SV.003)/Đen - Hàng chính hãng",Acer,Thế Giới Di Động Official,26490000,Đài Loan,Trung Quốc," Acer TrueHarmony, DTS X:Ultra Audio",Có,,HD webcam, Card rời - NVIDIA GeForce RTX3050,,,Jack tai nghe 3.5 mm  3 x USB 3.2  HDMI  LAN (RJ45)  USB Type-C, Intel Core i5 Tiger Lake - 11400H, 2.70 GHz Tốc độ tối đa Turbo Boost 4.5 GHz,,Tấm nền IPS  LED Backlit  Acer ComfyView Tần số quét 144Hz,"SSD 512 GB NVMe PCIe (Có thể tháo ra, lắp thanh khác tối đa 1TB)  Hỗ trợ khe cắm HDD SATA (nâng cấp tối đa 2TB)  Hỗ trợ thêm 1 khe cắm SSD M.2 PCIe mở rộng (nâng cấp tối đa 1TB)",SSD,4-cell Li-ion, DDR4 2 khe (1 khe 8GB + 1 khe 8GB),LAN (RJ45),2.2 kg,16 GB,,,"
Windows 10 Home SL",Có,,"
Wi-Fi 6 (802.11ax), Bluetooth 5.1",AN515 57 50FT,,,,4 GB," Wi-Fi 6 (802.11ax), Bluetooth 5.1",,57 Wh,,
https://tiki.vn/laptop-lenovo-yoga-slim-7i-pro-14iuh5o-82nh0011vn-core-i7-11370hg-16gb-lpddr4x-4266mhz-onboard-1tb-m-2-2280-pcie-3-0x4-nvme-mx450-2gb-gddr6-14-2-8k-ips-400nits-90hz-oled-win10-hang-chinh-hang-p125897191.html?__s=ssdp&itm_medium=CPC&itm_source=tiki-reco&spid=125897192&itm_campaign=tiki-reco_UNK_DT_UNK_UNK_tiki-listing_UNK_p-category-mpid-listing-v1_202110220600_MD_PID.125897192,Laptop Lenovo Yoga Slim 7i Pro 14IHU5O 82NH0011VN (Core i7-11370HG/ 16GB LPDDR4x 4266MHz Onboard/ 1TB M.2 2280 PCIe 3.0x4 NVMe/ MX450 2GB GDDR6/ 14 2.8K IPS 400nits 90Hz OLED/ Win10) - Hàng Chính Hãng,Lenovo,,33499000,Trung Quốc,Trung Quốc,,v5.1,,720p + IR + ToF ,NVIDIA GeForce MX450 2GB GDDR6,,," 1 x USB 3.2 Gen 1 (Always On),  2 x Thunderbolt 4 / USB4 40Gbps (support data transfer, Power Delivery 3.0 and DisplayPort 1.4),  1 x headphone / microphone combo jack (3.5mm)","Intel Core i7-11370H (3.30GHz up to 4.80GHz, 12MB Cache)",,,"IPS 400nits Glossy, 90Hz, 100% sRGB, Dolby Vision, glass OLED",1TB M.2 2280 PCIe 3.0x4 NVMe SSD,,"4 Cell, 61WHrs",,,1.30 kg,16GB LPDDR4x 4266MHz Onboard,,14 inch,,802.11ax 2x2 Wi-Fi,,,82NH0011VN ,,,,,,,,,
https://tiki.vn/laptop-asus-rog-strix-scar-15-g533qm-hq074t-amd-r9-5900hx-16gb-8gbx2-ddr4-3200mhz-1tb-ssd-pcie-g3x4-rtx-3060-6gb-gddr6-15-6-wqhd-ips-165-hz-3ms-win10-hang-chinh-hang-p96716891.html?__s=ssdp&itm_medium=CPC&itm_source=tiki-reco&spid=96716892&itm_campaign=tiki-reco_UNK_DT_UNK_UNK_tiki-listing_UNK_p-category-mpid-listing-v1_202110220600_MD_PID.96716892,"Laptop Asus ROG Strix SCAR 15 G533QM-HQ074T (AMD R9-5900HX/ 16GB (8GBx2) DDR4 3200MHz/ 1TB SSD PCIE G3X4/ RTX 3060 6GB GDDR6/ 15.6 WQHD IPS, 165 HZ, 3ms/ Win10) - Hàng Chính Hãng",Asus,,47609000,Đài Loan,Trung Quốc,Dolby Atmos,v5.1,,,NVIDIA GeForce RTX 3060 6GB GDDR6 With ROG Boost up to 1802MHz at 115W (130W with Dynamic Boost) + AMD Radeon Graphics,,,"1x Type C USB 3.2 Gen 2 with Power Delivery and Display Port, 3x USB 3.2 Gen 1 Type-A, 1x HDMI 2.0b, 1x 3.5mm Combo Audio Jack ,1x RJ45 LAN Jack ,1x Keystone",AMD Ryzen 9 5900HX 3.3GHz up to 4.6GHz 16MB,,,"IPS Non-Glare, NanoEdge, DCI-P3:100.00%, 300nits, 165Hz/3ms, Adaptive-Sync",1TB SSD PCIE G3X4 (2 slot),,4 Cell 90WHrs,DDR4,10/100/1000 Base T,2.3 kg,"16GB (8GBx2) DDR4 3200MHz (2x SO-DIMM socket, up to 64GB SDRAM)",,15.6 inch,,Intel 802.11ax (2x2) Wi-Fi 6 (Gig+),,,G533QM-HQ074T,,,,,,,,,
https://tiki.vn/laptop-dell-inspiron-3505-y1n1t5-amd-r5-3500u-8gb-512gb-ssd-15-6-fhd-win10-office-hang-chinh-hang-p129937275.html?__s=ssdp&itm_medium=CPC&itm_source=tiki-reco&spid=129937276&itm_campaign=tiki-reco_UNK_DT_UNK_UNK_tiki-listing_UNK_p-category-mpid-listing-v1_202110220600_MD_PID.129937276,Laptop Dell Inspiron 3505 Y1N1T5 (AMD R5-3500U/ 8GB/ 512GB SSD/ 15.6 FHD/ Win10 + Office) - Hàng Chính Hãng,Dell,,19499000,Mỹ,Trung Quốc,,Có,,HD,AMD Radeon Vega 8 Graphics,SD,,	1 x USB 2.0 Type-A ; 2 x USB 3.1 Gen 1 Type-A ; 1 x HDMI ; 1 x RJ45 ; 1 x Headphone/Microphone combo jack ; 1 x SATA3,AMD Ryzen 5 3500U (2.1Ghz/4MB cache),,,Anti-glare LED Backlight,512GB  SSD M.2 PCIe NVMe (Có khe cắm HDD),,3 cell 42Wh,DDR4,,1.83Kg,8GB DDR4 (2* 4GB),Full HD (1920 x 1080),15.6 inch,Win 10 Home + Office Home & Student 2019,802.11ac 1x1 WiFi ,,,,,,,,,,,,
https://tiki.vn/laptop-hp-340s-g7-224l1pa-i3-1005g1-4gb-ram-512gb-ssd-14-fhd-win-10-xam-hang-chinh-hang-p108591561.html?__s=ssdp&itm_medium=CPC&itm_source=tiki-reco&spid=108591562&itm_campaign=tiki-reco_UNK_DT_UNK_UNK_tiki-listing_UNK_p-category-mpid-listing-v1_202110220600_MD_PID.108591562,"Laptop HP 340s G7 224L1PA i3 1005G1 | 4GB RAM | 512GB SSD | 14"" FHD | Win 10 | Xám - Hàng Chính Hãng",HP,,13591000,Việt Nam,Việt Nam,,,,,,,,,,,,,,,,,,1470g,,,,Windows,,,,,,,,,,,,,
https://tiki.vn/laptop-acer-nitro-5-an515-45-r9sc-nh-qbrsv-001-amd-r7-5800h-8gb-ddr4-3200mhz-512gb-ssd-m-2-pcie-rtx-3070-8gb-gddr6-15-6-fhd-ips-144hz-win10-hang-chinh-hang-p96991537.html?__s=ssdp&itm_medium=CPC&itm_source=tiki-reco&spid=96991540&itm_campaign=tiki-reco_UNK_DT_UNK_UNK_tiki-listing_UNK_p-category-mpid-listing-v1_202110220600_MD_PID.96991540,"Laptop Acer Nitro 5 AN515-45-R9SC NH.QBRSV.001 (AMD R7-5800H/ 8GB DDR4 3200MHz/ 512GB SSD M.2 PCIE/ RTX 3070 8GB GDDR6/ 15.6 FHD IPS, 144Hz/ Win10) - Hàng Chính Hãng",Acer,,37629000,Đài Loan,Trung Quốc,"Waves MaxxAudio, Acer TrueHarmony",v5.0,,HD Webcam,NVIDIA GeForce RTX 3070 8GB GDDR6 + AMD Radeon Graphics,,AMD Ryzen 7,"1x USB 3.2 Gen 2 Type-C Ports (up to 10 Gbps), 1x USB 3.2 Gen 2 Type-A Ports , 2x USB 3.2 Gen 1 Type-A Ports, RJ45, 1x HDMI",AMD Ryzen 7 5800H 3.2GHz up to 4.4GHz 16MB,3.2GHz up to 4.4GHz,,"IPS, 144Hz, Anti-Glare","	512GB SSD M.2 PCIE (Còn trống 1 khe SSD M.2 PCIE và 1 khe 2.5"" SATA)",,4 Cell 57WHr,DDR4,10/100/1000/Gigabits Base T,2.30 kg,"8GB DDR4 3200MHz (2x SO-DIMM socket, up to 32GB SDRAM)",Full HD (1920 x 1080),,,802.11AX (2x2),,,NH.QBRSV.001,,,,8GB,,,,,
https://tiki.vn/laptop-dell-inspiron-7490-core-i7-10510u-8gb-512gb-full-hd-win-10-silver-hang-nhap-khau-my-p119070834.html?__s=ssdp&itm_medium=CPC&itm_source=tiki-reco&spid=119070835&itm_campaign=tiki-reco_UNK_DT_UNK_UNK_tiki-listing_UNK_p-category-mpid-listing-v1_202110220600_MD_PID.119070835,Laptop Dell Inspiron 7490 Core i7-10510U / 8GB / 512GB / Full HD / Win 10 / Silver - Hàng Nhập Khẩu Mỹ,Dell,Hà Nội Lab,25950000,Mỹ,Mỹ,Intel High Waves MaxxAudio Pro,Chuẩn Bluetooth Ver. 4.0,,HD Camera (720p),Intel UHD Graphics,,,3.5 mm Headphone/Microphone combination jack; 2 USB 3.1 Gen 1; 1 Thunderbolt 3 (DP/Power Delivery) Type-C; 1 HDMI 2.0,Intel Core i7-10510U 1.8 Ghz up to 4.9 GHz,up to 4.9 GHz,,14.0 inch FHD (1920x1080) TrueLife Non-Touch 300nits 100%sRGB Wide Viewing Angle LED-Backlit Display,512GB,SSD,"4-Cell Battery, 52 Whr (Integrated)","8GB, LPDDR3, 2133 MHz, Integrated",None,1.2 kg,"8GB, LPDDR3, 2133 MHz, Integrated",,,Windows 10 Bản quyền,802.11ax 2x2 WiFi,,802.11ax 2x2 WiFi and Bluetooth,Dell Inspiron 7490,,None,Onboard,,802.11ax 2x2 WiFi and Bluetooth,,,Màu Bạc,Dell
https://tiki.vn/laptop-hp-340s-g7-240q4pa-i3-1005g1-4gd4-ram-256gb-ssd-14-win-10-hang-phan-phoi-chinh-hang-p108591545.html?__s=ssdp&itm_medium=CPC&itm_source=tiki-reco&spid=133629460&itm_campaign=tiki-reco_UNK_DT_UNK_UNK_tiki-listing_UNK_p-category-mpid-listing-v1_202110220600_MD_PID.133629460,"Laptop HP 340s G7 240Q4PA i3-1005G1 | 4GD4 RAM | 256GB SSD | 14"" | WIN 10 | Hàng phân phối chính hãng",HP,,13690000,Việt Nam,Việt Nam,,,,,,,,,,,,,,,,,,1470g,,,,Windows,,,,,,,,,,,,,
https://tiki.vn/laptop-dell-vostro-3405-v4r53500u003w-amd-r5-3500u-8gb-512gb-pcie-14-fhd-win10-hang-chinh-hang-p118526695.html?__s=ssdp&itm_medium=CPC&itm_source=tiki-reco&spid=118526696&itm_campaign=tiki-reco_UNK_DT_UNK_UNK_tiki-listing_UNK_p-category-mpid-listing-v1_202110220600_MD_PID.118526696,Laptop Dell Vostro 3405 V4R53500U003W(AMD R5-3500U/ 8GB/ 512GB PCIE/ 14 FHD/ Win10) - Hàng Chính Hãng,Dell,,16999000,Mỹ,Trung Quốc,,v5.0,,,,,,,"AMD Ryzen 5-3500U, 2.10GHz upto 3.70GHz, 4 MB cache, 4 cores 8 threads",,32.8 x 23.9 x 1.99 cm,"14"" FHD Anti-Glare",512SSD M2 PCIe NVMe,,3 cell - 45Whr,8GB DDR4 2400Mhz,,,,,14 inch,Windows 10 SL,802.11ac 1x1 WiFi,,,V4R53500U003W,,,,AMD Radeon Graphics,Wi-Fi / Bluetooth,,,,
https://tiki.vn/laptop-hp-probook-440-g8-2h0s4pa-core-i5-1135g7-4gb-ddr4-256-gb-ssd-14-fhd-win10-hang-chinh-hang-p130093323.html?__s=ssdp&itm_medium=CPC&itm_source=tiki-reco&spid=130093324&itm_campaign=tiki-reco_UNK_DT_UNK_UNK_tiki-listing_UNK_p-category-mpid-listing-v1_202110220600_MD_PID.130093324,Laptop HP ProBook 440 G8 2H0S4PA (Core i5-1135G7/ 4GB DDR4/ 256 GB-SSD/ 14 FHD/ Win10) - Hàng Chính Hãng,HP,,20299000,Mỹ,Trung Quốc,,,,720p HD camera; IR Camera (select models),"Integrated: Intel Iris Xᵉ Graphics; Intel UHD Graphics, Discrete: NVIDIA GeForce MX450 (2 GB DDR5 dedicated) (Support HD Decode, DX12, and HDMI 1.4b.)",,,"3 Super Speed USB Type-A 5Gbps signaling rate (1 charging, 1 power); 1 SuperSpeed USB Type-C 10Gbps signaling rate (USB Power Delivery, DisplayPort); 1 RJ-45; 1 headphone/microphone combo; 1 HDMI 1.4b; 1 AC power (HDMI cable sold separately.)",Intel Core i5-1135G7 processor  1.6Ghz-6Mb,,32.19 x 21.39 x 1.99 cm,,256 GB PCIe NVMe Value M.2 SSD,,3 Cell,DDR4,,1.38 kg,4 GB,Full HD (1920 x 1080),14 inch,win10 Home 64,,,,,,,,,,,,,
https://tiki.vn/laptop-acer-aspire-a315-56-59xy-nx-hs5sv-003-core-i5-1035g1-4gb-ram-256gb-ssd-15-6-fhd-win-10-hang-chinh-hang-p53827004.html?__s=ssdp&itm_medium=CPC&itm_source=tiki-reco&spid=57142342&itm_campaign=tiki-reco_UNK_DT_UNK_UNK_tiki-listing_UNK_p-category-mpid-listing-v1_202110220600_MD_PID.57142342,Laptop Acer Aspire A315-56-59XY NX.HS5SV.003 (Core i5 1035G1/ 4GB RAM/ 256GB SSD/ 15.6  FHD/  Win 10) - Hàng Chính Hãng,Acer,,12870000,Đài Loan,Trung Quốc,,,,HD,,,Intel," 1 x 2.5"" SATA , 1 x M.2 NVMe",Intel Core i5 1035G1,1.0 GHz - 3.6 GHz,36.34 x 24.75 x 1.99 cm,Acer ComfyView LED LCD,256GB,SSD,Pin liền,DDR4 2400MHz,Gigabit,1.7 kg,4 GB,Full HD (1920 x 1080),15.6 inch,Win 10 Home,,,,,,None,,,,,,,
https://tiki.vn/surface-pro-7-core-i5-ram-8gb-ssd-256gb-brand-new-hang-chinh-hang-giao-mau-ngau-nhien-p47370477.html?__s=ssdp&itm_medium=CPC&itm_source=tiki-reco&spid=47370478&itm_campaign=tiki-reco_UNK_DT_UNK_UNK_tiki-listing_UNK_p-category-mpid-listing-v1_202110220600_MD_PID.47370478,Surface Pro 7 Core I5 Ram 8Gb Ssd 256Gb Brand New - Hàng chính hãng  ( giao màu ngẫu nhiên ),Surface,,28090000,Mỹ,Mỹ,,,,,,,,,,,,,,,,,,,,,,,,,,,,,,,,,,,
https://tiki.vn/laptop-acer-aspire-3-a315-56-37dv-nx-hs5sv-001-core-i3-1005g1-4gb-ram-256gb-ssd-15-fhd-win10-hang-chinh-hang-p53827027.html?__s=ssdp&itm_medium=CPC&itm_source=tiki-reco&spid=53827028&itm_campaign=tiki-reco_UNK_DT_UNK_UNK_tiki-listing_UNK_p-category-mpid-listing-v1_202110220600_MD_PID.53827028,Laptop Acer Aspire 3 A315-56-37DV NX.HS5SV.001 (Core i3-1005G1/ 4GB RAM/ 256GB SSD/ 15 FHD/ Win10) - Hàng Chính Hãng,Acer,,12109000,Đài Loan,Trung Quốc,,v4.2,,HD,Intel UHD Graphics,,,,Intel Core i3-1005G1 ,1.2GHz up to 3.4GHz 4MB,363 x 247.5 x 19.9 (mm),,,,,SSD,10/100/1000 Mbps,1.7 kg,256GB,Full HD (1920 x 1080),15.6 inch,Windows 10 Home,802.11a/b/g/n/ac,,,,,None,,,,,,,
https://tiki.vn/laptop-hp-240-g8-519a4pa-core-i3-1005g1-4-gb-ddr4-256-gb-ssd-pcie-nvme-14-fhd-win10-hang-chinh-hang-p127363787.html?__s=ssdp&itm_medium=CPC&itm_source=tiki-reco&spid=127363788&itm_campaign=tiki-reco_UNK_DT_UNK_UNK_tiki-listing_UNK_p-category-mpid-listing-v1_202110220600_MD_PID.127363788,Laptop HP 240 G8 519A4PA (Core i3-1005G1/ 4 GB DDR4/ 256 GB SSD PCIe NVMe/ 14 FHD/ Win10) - Hàng Chính Hãng,HP,,13499000,Mỹ,Trung Quốc,"Stereo speakers, integrated digital microphone",Bluetooth 4.2,3200 MHz,720p HD camera,Intel UHD Graphics for 10th Gen Intel Processors,,,"2 x USB 3.1 Gen 1 Type-A, 1 x USB 3.1 Gen 1 Type-C, 1 x HDMI 1.4, 1 headphone/microphone combo","Intel Core i3-1005G1 (4M Cache, 1.2 upto 3.4 GHz)",,32.4 x 22.59 x 1.99 cm,"Narrow bezel, anti-glare, 250 nits, 45% NTSC",1 x 256 GB PCIe NVMe M.2 SSD,SSD,"Li-ion 3 cell, 41 Wh",DDR4,10/100/1000 Mbps,1.47 kg,4 GB DDR4-3200 MHz RAM (1 x 4 GB),Full HD (1920 x 1080),14 inch,Windows 10 Home 64 bit,Realtek 802.11a/b/g/n/ac (1x1),,,,,,Tích hợp,Share,,,,,
https://tiki.vn/laptop-asus-rog-strix-g15-g513qr-hq264t-amd-r9-5900hx-16gb-8x2-ddr4-3200mhz-512gb-ssd-pcie-g3x4-rtx-3070-8gb-gddr6-15-6-fhd-ips-non-glare-300hz-3ms-win10-hang-chinh-hang-p132820479.html?__s=ssdp&itm_medium=CPC&itm_source=tiki-reco&spid=132820482&itm_campaign=tiki-reco_UNK_DT_UNK_UNK_tiki-listing_UNK_p-category-mpid-listing-v1_202110220600_MD_PID.132820482,"Laptop Asus ROG Strix G15 G513QR-HQ264T (AMD R9-5900HX/ 16GB (8x2) DDR4 3200MHz/ 512GB SSD PCIE G3X4/ RTX 3070 8GB GDDR6/ 15.6 FHD, IPS Non-Glare, 300Hz/3ms/ Win10) - Hàng Chính Hãng",Asus,Tiki Trading,47089000,Đài Loan,Trung Quốc,Dolby Atmos,v5.1,3200MHz,,NVIDIA GeForce RTX 3070 8GB GDDR6 With ROG Boost up to 1660MHz at 115W (130W with Dynamic Boost),,,"1x Type C USB 3.2 Gen 2 with Power Delivery and Display Port, 3x USB 3.2 Gen 1 Type-A, 1x HDMI 2.0b, 1x 3.5mm Combo Audio Jack, 1x RJ45 LAN Jack",AMD Ryzen 9 5900HX ,3.3GHz up to 4.6GHz 16MB,35.4 x 25.9 x 2.26 ~ 2.72 (cm),"IPS Non-Glare, NanoEdge, 100% sRGB, 300nits, 300Hz/3ms, Adaptive-Sync",512GB SSD PCIE G3X4 (Còn trống 1 khe SSD M.2 PCIE),,4 Cell 90WHrs,DDR4,10/100/1000 Base T,2.3 kg,"16GB (8x2) DDR4 3200MHz (2x SO-DIMM socket, up to 32GB SDRAM)",Full HD (1920 x 1080),15.6 inch,Windows 10 Home,Intel 802.11ax (2x2) Wi-Fi 6 (Gig+),,,,,,Rời,,,,,,
https://tiki.vn/laptop-hp-340s-g7-240q3pa-i3-1005g1-4gb-256gb-ssd-14-0-win10-hang-chinh-hang-p116369218.html?__s=ssdp&itm_medium=CPC&itm_source=tiki-reco&spid=128869356&itm_campaign=tiki-reco_UNK_DT_UNK_UNK_tiki-listing_UNK_p-category-mpid-listing-v1_202110220600_MD_PID.128869356,Laptop HP 340s G7 240Q3PA (i3-1005G1/4GB/256GB SSD/14.0/Win10) Hàng chính hãng,HP,,13690000,Mỹ,Trung Quốc,,Bluetooth 5.0,,HD webcam,Intel UHD Graphics, Intel UHD Graphics, Intel Core i3-1005G1," WiFi 802.11ac , Bluetooth 5.0", Intel Core i3-1005G1,"1.2 GHz - 3.4 GHz / 4MB / 2 nhân, 4 luồng",,"14"" ( 1366 x 768 ) HD TN không cảm ứng , Màn hình chống lóa ",256GB,,"3 cell 42 Wh , Pin liền",DDR4 2666MHz,,1.4 kg,4GB DDR4 2666MHz,,,,WiFi 802.11ac,,,240Q3PA,,,Intel UHD Graphics,Intel UHD Graphics," WiFi 802.11ac , Bluetooth 5.0",,,,HP
https://tiki.vn/hyperdrive-gen2-12-in-1-for-macbook-ipad-pro-2018-2020-pc-devices-g212-chinh-hang-p72864540.html?__s=ssdp&itm_medium=CPC&itm_source=tiki-reco&spid=72864541&itm_campaign=tiki-reco_UNK_DT_UNK_UNK_tiki-listing_UNK_p-category-mpid-listing-v1_202110220600_MD_PID.72864541,"Hyperdrive Gen2 12-In-1 For Macbook, Ipad Pro 2018-2020, PC & Devices (G212)-chính hãng",Hyper,,3290000,USA,china,,,,,,,,,,,,,,,,,,,,,,,,,,,,,,,,,,,
https://tiki.vn/laptop-hp-240-g8-3d0e1pa-core-i5-1135g7-4gb-256gb-intel-iris-xe-14-0-inch-fhd-win-10-bac-hang-chinh-hang-p133629975.html?__s=ssdp&itm_medium=CPC&itm_source=tiki-reco&spid=133629976&itm_campaign=tiki-reco_UNK_DT_UNK_UNK_tiki-listing_UNK_p-category-mpid-listing-v1_202110220600_MD_PID.133629976,Laptop HP 240 G8 3D0E1PA (Core i5-1135G7 | 4GB | 256GB | Intel Iris Xe | 14.0 inch FHD | Win 10 | Bạc) - Hàng chính hãng,HP,,17390000,Mỹ,Mỹ,,,,,,,,,,,,,,,,,,,,,,,,,,,,,,,,,,,
https://tiki.vn/laptop-lg-gram-2021-16z90p-g-ah75a5-core-i7-1165g7-16gb-lpddr4x-512gb-ssd-nvme-16-wqxga-ips-win10-hang-chinh-hang-p92610140.html?__s=ssdp&itm_medium=CPC&itm_source=tiki-reco&spid=92610141&itm_campaign=tiki-reco_UNK_DT_UNK_UNK_tiki-listing_UNK_p-category-mpid-listing-v1_202110220600_MD_PID.92610141,Laptop LG Gram 2021 16Z90P-G.AH75A5 (Core i7-1165G7/ 16GB LPDDR4X/ 512GB SSD NVMe/ 16 WQXGA IPS/ Win10) - Hàng Chính Hãng,LG,Tiki Trading,50900000,Hàn Quốc,Trung Quốc,HD Audio with DTS X Ultra,BT 5.1,,HD Webcam with Dual Mic.,"Intel Iris Xe Graphics (i7,i5) ",UFS/ Micro SD,,"HP-Out(4Pole Headset, US type), USB 3.2 Gen2x1 (x2), HDMI,  USB 4 Gen3x2 Type C (x2, with Power Delivery, Display Port, Thunderbolt 4)","Intel 11th Generation i7(Quad Core) 'i7-1165G7 (2.8 GHz, Turbo up to 4.7 GHz, L3 Cache 12MB, 28W) - QC",,"
355.9 x 243.4 x 16.8 mm
14.01 x 9.58 x 0.66""
","16.0"" (40.6cm) WQXGA (2560*1600) IPS LCD, (Non-Touch), DCI-P3 99% (Typical, min 95%) ",M.2(2280) Dual SSD slots - NVME:  512GB,,80 Wh Li-Ion,,,"1,190g / 2.62 lbs",16GB LPDDR4X (Dual Channel),,16 inch,,"Intel Wireless-AX201 (802.11ax, 2x2, Dual Band, BT Combo)",MobileMark 2018:  Up to 16.5 hours; MobileMark 2014:  Up to 22 hours; Video playback:  Up to 24.5 hours; JEITA 2.0:  Up to 30 hours,,,,,,,,,,,
https://tiki.vn/laptop-dell-gaming-g5-15-5500-g5500b-core-i7-10750h-16gb-ddr4-1tb-ssd-15-6-fhd-wva-300hz-rtx-2070-8gb-gddr6-win10-hang-chinh-hang-p127360242.html?__s=ssdp&itm_medium=CPC&itm_source=tiki-reco&spid=127360243&itm_campaign=tiki-reco_UNK_DT_UNK_UNK_tiki-listing_UNK_p-category-mpid-listing-v1_202110220600_MD_PID.127360243,"Laptop Dell Gaming G5 15 5500 G5500B (Core i7-10750H/ 16GB DDR4/ 1TB SSD/ 15.6 FHD (WVA), 300Hz/ RTX 2070 8GB GDDR6/ Win10) - Hàng Chính Hãng",Dell,,37499000,Mỹ,Trung Quốc,,v5.0,,,NVIDIA(R) GeForce RTX 2070 8GB GDDR6,,,,"Intel Core i7-10750H (12MB Cache, 2.60 GHz, Turbo Boost 5.0 GHz)",,"24.5mm x 365.5mm x 254mm
2.34kg",15.6'' FHD (WVA) 300Hz - IPS,1TB SSD PCIe,,"4-Cell, 68 Whr",16GB (2x8GB) DDR4 2933MHz,,,,,,Windows 10 Home SL,802.11ac,"4-Cell, 68 Whr",,G5500B,,,,,,,,,
https://tiki.vn/laptop-dell-vostro-3405-v4r53500u001w-amd-r5-3500u-4gb-256gb-pcie-14-fhd-win10-hang-chinh-hang-p118526595.html?__s=ssdp&itm_medium=CPC&itm_source=tiki-reco&spid=118526612&itm_campaign=tiki-reco_UNK_DT_UNK_UNK_tiki-listing_UNK_p-category-mpid-listing-v1_202110220600_MD_PID.118526612,Laptop Dell Vostro 3405 V4R53500U001W (AMD R5-3500U/ 4GB/ 256GB PCIE/ 14 FHD/ Win10) - Hàng Chính Hãng,Dell,,15199000,Mỹ,Trung Quốc,,v5.0,,,,,,,"AMD Ryzen 5-3500U, 2.10GHz upto 3.70GHz, 4 MB cache, 4 cores 8 threads",,32.8 x 23.9 x 1.99 cm,14.0 inch FHD (1920 x 1080) Anti-Glare,256GB SSD M2 PCIe NVMe,,3 cell - 45Whr,4GB DDR4 2400Mhz,,1.64 kg,,,14 inch,Windows 10 SL,802.11ac 1x1 WiFi,,,V4R53500U001W,,,,AMD Radeon Graphics,Wi-Fi / Bluetooth,,,,
https://tiki.vn/laptop-dell-vostro-3510-7t2yc1-core-i5-1135g7-8gb-512gb-ssd-15-6-fhd-win10-office-hang-chinh-hang-p129937277.html?__s=ssdp&itm_medium=CPC&itm_source=tiki-reco&spid=129937278&itm_campaign=tiki-reco_UNK_DT_UNK_UNK_tiki-listing_UNK_p-category-mpid-listing-v1_202110220600_MD_PID.129937278,Laptop Dell Vostro 3510 7T2YC1 (Core i5-1135G7/ 8GD4/ 512GB SSD/ 15.6 FHD/ Win10 + Office) - Hàng Chính Hãng,Dell,,19999000,Mỹ,Trung Quốc,"Stereo speakers, 2 W x 2",v5.0,2666Mhz,HD,Intel Iris Xe Graphics,SD,,	1 USB 3.2 Gen 1 port (on systems configured with discrete graphics); 1 USB 3.2 Gen 1 Type-C port (on systems configured with discrete graphics);1 USB 2.0 port; 1 Audio jack; HDMI 1.4 port,Intel Core i5 1135G7 (2.4Ghz/8MB cache),,,Anti-glare LED Backlight WVA,256GB PCIe NVMe SSD (khả năng nâng cấp tối đa : 2TB 2.5” 2.5” SATA HDD ; 512GB SSD M2 2230 / 1TB SSD M2 2280),,3 cell 41Wh,DDR4,,1.69Kg,8GB DDR4 2666Mhz (1 *8GB),Full HD (1920 x 1080),15.6 inch,Win 10 Home SL 64,802.11ac,,,,,,,,,,,,
https://tiki.vn/laptop-lenovo-v15-g2-itl-82kb00csvn-core-i7-1165g7-8gb-ddr4-3200mhz-onboard-512gb-ssd-m-2-2242-pcie-15-6-fhd-dos-hang-chinh-hang-p132221840.html?__s=ssdp&itm_medium=CPC&itm_source=tiki-reco&spid=132221841&itm_campaign=tiki-reco_UNK_DT_UNK_UNK_tiki-listing_UNK_p-category-mpid-listing-v1_202110220600_MD_PID.132221841,Laptop Lenovo V15 G2 ITL 82KB00CSVN (Core i7-1165G7/ 8GB DDR4 3200MHz Onboard/ 512GB SSD M.2 2242 PCIe/ 15.6 FHD/ DOS) - Hàng Chính Hãng,Lenovo,,18939000,Trung Quốc,Trung Quốc,Dolby Advanced Audio,v5.0,,0.3MP with Privacy Shutter,Intel Iris Xe Graphics,,,"1x USB-C 3.2 Gen 1 (support data transfer only), 1x USB 3.2 Gen 1, 1x USB 2.0, 1x Power connector, 1x Ethernet (RJ-45) 1x HDMI 1.4b, 1x Headphone / microphone combo jack (3.5mm)",Intel Core i7-1165G7 2.8GHz up to 4.7GHz 12MB,,,"TN, Anti-Glare, 250nits, 45% NTSC","512GB SSD M.2 2242 PCIe 3.0x4 NVMe (Còn trống 1 khe 2.5"" SATA)",,3 Cells 45WHrs,,100/1000M,1.7kg,"8GB DDR4 3200MHz Onboard (1x SO-DIMM socket, up to 16GB SDRAM)",,15.6 inch,,802.11AC (2x2),,,V15 G2 ITL 82KB00CSVN,,,,,,,,,
https://tiki.vn/laptop-hp-gaming-victus-16-e0175ax-4r0u8pa-amd-r5-5600h-8-gb-ddr4-3200mhz-rtx-3050-4gb-512-gb-pcie-nvme-m-2-ssd-32gb-ssd-16-1-fhd-144hz-win10-hang-chinh-hang-p125278584.html?__s=ssdp&itm_medium=CPC&itm_source=tiki-reco&spid=125278602&itm_campaign=tiki-reco_UNK_DT_UNK_UNK_tiki-listing_UNK_p-category-mpid-listing-v1_202110220600_MD_PID.125278602,Laptop HP Gaming VICTUS 16-e0175AX 4R0U8PA (AMD R5-5600H/ 8 GB DDR4-3200Mhz/ RTX 3050 4GB/ 512 GB PCIe NVMe M.2 SSD + 32GB SSD/ 16.1 FHD 144Hz/ Win10) - Hàng Chính Hãng,HP,,23799000,Mỹ,Trung Quốc,Audio by B&O; Dual speakers; HP Audio Boost 1.0,Bluetooth 5 Combo (Supporting Gigabit file transfer speeds),3200Mhz,HP Wide Vision HD camera with integrated dual array digital microphone,NVIDIA GeForce GTX 1650 4GB,Có,,,"AMD Ryzen 5 5600H 3.3Gnz up to 4.2Ghz, 6 core 8 thread, L2 cache 3Mb, L3 cache 16Mb",,37x26x2.35cm,,512 GB PCIe NVMe M.2 SSD,SSD,"4-cell, 72 Wh Li-ion",DDR4,Integrated 10/100/1000 GbE LAN,2.46 kg,8 GB,Full HD (1920 x 1080),16.1 inch,Windows 10 Home Single Language 64,Wi-Fi 6 AX 201 (2x2),,,,,,,,,,,,
https://tiki.vn/laptop-dell-vostro-3500-7g3981-core-i5-1135g7-8gb-ddr4-3200mhz-256gb-ssd-m-2-pcie-15-6-fhd-win10-hang-chinh-hang-p81440354.html?__s=ssdp&itm_medium=CPC&itm_source=tiki-reco&spid=81440356&itm_campaign=tiki-reco_UNK_DT_UNK_UNK_tiki-listing_UNK_p-category-mpid-listing-v1_202110220600_MD_PID.81440356,Laptop Dell Vostro 3500 7G3981 (Core i5-1135G7/ 8GB DDR4 3200MHz/ 256GB SSD M.2 PCIE/ 15.6 FHD/ Win10) - Hàng Chính Hãng,Dell,,19990000,Mỹ,Trung Quốc,Realtek ALC3204,v4.2,,HD Webcam,Intel Iris Xe Graphics,SD 3.0 card,Intel Core i5,"2x USB 3.2 Gen 1 Type-A, 1x USB 2.0 Type-A, 1x HDMI, RJ-45",Intel Core i5-1135G7 2.4GHz up to 4.2GHz 8MB,2.4GHz up to 4.2GHz,363.96 x 249 x 19.9 mm,Anti-Glare,"256GB SSD M.2 PCIE, 1x slot SATA3 2.5""",,3 Cell 42WHr,DDR4,10/100/1000 Mbps,1.98 kg,"8GB DDR4 3200MHz (2x SO-DIMM socket, up to 16GB SDRAM)",Full HD (1920 x 1080),15.6 inch,,802.11 AC,,,7G3981,,,,,,,,,
https://tiki.vn/laptop-lg-gram-2021-16zd90p-g-ax54a5-core-i7-1165g7-8gb-lpddr4x-512gb-ssd-nvme-16-wqxga-ips-nonos-hang-chinh-hang-p92610138.html?__s=ssdp&itm_medium=CPC&itm_source=tiki-reco&spid=92610139&itm_campaign=tiki-reco_UNK_DT_UNK_UNK_tiki-listing_UNK_p-category-mpid-listing-v1_202110220600_MD_PID.92610139,Laptop LG Gram 2021 16ZD90P-G.AX54A5 (Core i7-1165G7/ 8GB LPDDR4X/ 512GB SSD NVMe/ 16 WQXGA IPS/ NonOS) - Hàng Chính Hãng,LG,Tiki Trading,39900000,Hàn Quốc,Trung Quốc,HD Audio with DTS X Ultra,BT 5.1,,HD Webcam with Dual Mic.,"Intel Iris Xe Graphics (i7,i5) ",UFS/ Micro SD,,"HP-Out(4Pole Headset, US type), USB 3.2 Gen2x1 (x2), HDMI,  USB 4 Gen3x2 Type C (x2, with Power Delivery, Display Port, Thunderbolt 4)","Intel 11th Generation i5(Quad Core) i5-1135G7 (2.4 GHz, Turbo up to 4.2 GHz, L3 Cache 8MB, 28 W) - QC",,"
355.9 x 243.4 x 16.8 mm
14.01 x 9.58 x 0.66""
","16.0""(40.6cm) WQXGA (2560*1600) IPS LCD, (Non-Touch), DCI-P3 99% (Typical, min 95%)",M.2(2280) Dual SSD slots - NVME:  512GB,,80 Wh Li-Ion,,,"1,190g / 2.62 lbs",8GB LPDDR4X (Dual Channel),,16 inch,Non-OS,"Intel Wireless-AX201 (802.11ax, 2x2, Dual Band, BT Combo)",MobileMark 2018:  Up to 16.5 hours; MobileMark 2014:  Up to 22 hours; Video playback:  Up to 24.5 hours; JEITA 2.0:  Up to 30 hours,,,,,,,,,,,
https://tiki.vn/laptop-dell-vostro-3400-yx51w2-core-i5-1135g7-8gb-256gb-ssd-mx330-2g-14-fhd-win10-hang-chinh-hang-p81503770.html?__s=ssdp&itm_medium=CPC&itm_source=tiki-reco&spid=133633912&itm_campaign=tiki-reco_UNK_DT_UNK_UNK_tiki-listing_UNK_p-category-mpid-listing-v1_202110220600_MD_PID.133633912,Laptop Dell Vostro 3400 YX51W2 (Core i5-1135G7/ 8GB/ 256GB SSD/ MX330 2G /14 FHD/ Win10) - Hàng Chính Hãng,Dell,,21990000,Mỹ,Trung Quốc,Realtek ALC3204; 2 * 2W,Bluetooth 5.0,3200Mhz,,Nvidia Geforce MX330 2G DDR5,SD,,"	 2 USB 3.2 Type-A, 1 USB 2.0; 1 Ethernet RJ-45, 1 HDMI 1.4, 1 USB 3.2 Gen 2 Type-C (Optional)",Intel Core i5 1135G7 (2.4Ghz/8MB cache),,,WVA 220nits,256GB,SSD,42Wh,DDR4,10/100/100,1.64Kg,4GB,Full HD (1920 x 1080),,Win 10 Home SL 64,802.11ac,,,,,,,,,,,,
https://tiki.vn/laptop-dell-inspiron-3505-y1n1t3-amd-r3-3250u-8gb-256ssd-15-6-fhd-win10-office-hang-chinh-hang-p129602068.html?__s=ssdp&itm_medium=CPC&itm_source=tiki-reco&spid=129602069&itm_campaign=tiki-reco_UNK_DT_UNK_UNK_tiki-listing_UNK_p-category-mpid-listing-v1_202110220600_MD_PID.129602069,Laptop Dell Inspiron 3505 Y1N1T3 (AMD R3-3250U/ 8GB/ 256SSD/ 15.6 FHD/ Win10 + Office) - Hàng Chính Hãng,Dell,,14499000,Mỹ,Trung Quốc,,,,,,,,,Ryzen 33250U2.6GHz,,"Dài 363.9 mm - Rộng 249 mm - Dày 19.9 mm - Nặng 1.8 kg
 ","15.6""Full HD (1920 x 1080)",SSD 256 GB NVMe PCIe,,,8 GBDDR4 3200 MHz,,,,,,Windows 10 Home SL,,"3-cell Li-ion, 42 Wh",,Y1N1T3,,,,Card tích hợp Radeon,,,,,
https://tiki.vn/laptop-dell-vostro-3500-7g3982-core-i7-1165g7-8gb-ddr4-3200mhz-512gb-ssd-m-2-pcie-mx330-2gb-gddr5-15-6-fhd-win10-hang-chinh-hang-p81437711.html?__s=ssdp&itm_medium=CPC&itm_source=tiki-reco&spid=81437712&itm_campaign=tiki-reco_UNK_DT_UNK_UNK_tiki-listing_UNK_p-category-mpid-listing-v1_202110220600_MD_PID.81437712,Laptop Dell Vostro 3500 7G3982 (Core i7-1165G7/ 8GB DDR4 3200MHz/ 512GB SSD M.2 PCIE/ MX330 2GB GDDR5/ 15.6 FHD/ Win10) - Hàng Chính Hãng,Dell,,22903400,Mỹ,Trung Quốc,Realtek ALC3204,v4.2,,HD Webcam,NVIDIA GeForce MX330 2GB GDDR5 + Intel Iris Xe Graphics,SD 3.0 card,,2x USB 3.2 Gen 1 Type-A; 1x USB 2.0 Type-A; 1x HDMI; RJ-45,Intel Core i7-1165G7 2.8GHz up to 4.7GHz 12MB,,363.96 x 249 x 19.9 mm,"15.6"" FHD (1920 x 1080) Anti-Glare","512GB SSD M.2 PCIE, 1x slot SATA3 2.5""",,3 Cell 42WHr,,10/100/1000 Mbps,1.98 kg,"8GB DDR4 3200MHz (2x SO-DIMM socket, up to 16GB SDRAM)",Full HD (1920 x 1080),15.6 inch,Windows 10 Home,802.11 AC,,,,,,,,,,,,
https://tiki.vn/dell-gaming-g3-15-i7-10750h-16gb-512gb-6gb-gtx1660ti-120hz-win10-p89f002bwh-hang-chinh-hang-p121405785.html?__s=ssdp&itm_medium=CPC&itm_source=tiki-reco&spid=121405789&itm_campaign=tiki-reco_UNK_DT_UNK_UNK_tiki-listing_UNK_p-category-mpid-listing-v1_202110220600_MD_PID.121405789,Laptop Dell Gaming G3 15 i7 10750H/16GB/512GB/6GB GTX1660Ti/120Hz/Win10 (P89F002BWH) - Hàng chính hãng,Dell,,31490000,Mỹ,Trung Quốc, Nahimic 3, Bluetooth 5.0,, HD webcam, Card rời - NVIDIA GeForce GTX 1660Ti,,,"Jack tai nghe 3.5 mm, 1 x USB 3.2, HDMI, Thunderbolt 3, 2 x USB 2.0, Mini DisplayPort", Intel Core i7 Comet Lake - 10750H,2.60 GHz Tốc độ tối đa Turbo Boost 5.0 GHz,, LED/WVA,SSD 512 GB NVMe PCIeHỗ trợ thêm 1 khe cắm SSD M.2 PCIe mở rộng,,"4-cell Li-ion, 68 Wh",DDR4 2 khe (1 khe 8GB + 1 khe 8GB),LAN (RJ45),2.58 kg,16 GB,,,Windows 10 Home SL,Wi-Fi 6 (802.11ax),,,G3 15,,,,6GB,Bluetooth 5.0Wi-Fi 6 (802.11ax),,,,
https://tiki.vn/microsoft-surface-laptop-2-core-i5-8250u-ram-8gb-ssd-128gb-hang-chinh-hang-p21043975.html?__s=ssdp&itm_medium=CPC&itm_source=tiki-reco&spid=21043976&itm_campaign=tiki-reco_UNK_DT_UNK_UNK_tiki-listing_UNK_p-category-mpid-listing-v1_202110220600_MD_PID.21043976,Microsoft Surface Laptop 2 - Core i5-8250U/RAM 8GB/ SSD 128GB - Hàng Chính Hãng,Microsoft,NewTechShop,30200000,,,Stereo microphones Omnisonic Speakers with Dolby Audio Premium,,,,,,,,,,,,128B,,,,,,,,,,,,,Microsoft Surface Laptop 2 ,,,,,,,,,
https://tiki.vn/laptop-asus-zenbook-flip-13-ux363ea-hp130t-core-i5-1135g7-8gb-lpddr4x-onboard-512gb-ssd-pcie-g3x4-13-3-fhd-touch-ips-win10-hang-chinh-hang-p75553081.html?__s=ssdp&itm_medium=CPC&itm_source=tiki-reco&spid=75553082&itm_campaign=tiki-reco_UNK_DT_UNK_UNK_tiki-listing_UNK_p-category-mpid-listing-v1_202110220600_MD_PID.75553082,Laptop Asus ZenBook Flip 13 UX363EA-HP130T (Core i5-1135G7/ 8GB LPDDR4X Onboard/ 512GB SSD PCIE G3x4/ 13.3 FHD Touch IPS/ Win10) - Hàng Chính Hãng,Asus,Tiki Trading,26999000,Đài Loan,Trung Quốc,Sonic Master,v5.0,,IR webcam with Windows Hello support,Intel Iris Xe Graphics,,Intel Core i5-1135G7,"2x Thunderbolt 4 supports display / power delivery, 1x USB 3.2 Gen 1 Type-A, 1x HDMI 1.4",Intel Core i5-1135G7 2.4GHz up to 4.2GHz 8MB,2.4GHz up to 4.2GHz,30.5 x 21.1 x 1.19 ~ 1.39 (cm),"Touch, IPS, 60Hz, Wide 100% sRGB, Glossy display, 400 Nits",512GB SSD PCIE G3x4,,4 Cell 67WHr,LPDDR4X,,1.3 kg,8GB LPDDR4X on board,Full HD (1920 x 1080),13.3 inch,Windows 10 Home,802.11 AX (2X2),,,ZenBook Flip 13 UX363EA-HP130T,,,,,,,,,
https://tiki.vn/laptop-msi-ge66-raider-11ug-210vn-core-i7-11800h-16gb-8gb-x2-ddr4-3200mhz-2tb-ssd-m-2-nvme-pcie-gen4x4-rtx-3070-8gb-gddr6-15-6-fhd-ips-300hz-win10-hang-chinh-hang-p129356501.html?__s=ssdp&itm_medium=CPC&itm_source=tiki-reco&spid=129356502&itm_campaign=tiki-reco_UNK_DT_UNK_UNK_tiki-listing_UNK_p-category-mpid-listing-v1_202110220600_MD_PID.129356502,"Laptop MSI GE66 Raider 11UG-210VN (Core i7-11800H/ 16GB (8GB x2) DDR4 3200MHz/ 2TB SSD M.2 NVMe PCIe Gen4x4/ RTX 3070 8GB GDDR6/ 15.6 FHD IPS, 300Hz/ Win10) - Hàng Chính Hãng",MSI,Tiki Trading,55279000,Đài Loan,Trung Quốc,Nahimic 3 Audio Technology,v5.2,3200MHz,FHD (30fps@1080p),"NVIDIA GeForce RTX 3070 8GB GDDR6, Up to 1695MHz Boost Clock, 135W Maximum Graphics Power with Dynamic Boost.",,,"1x Type-C (USB4 / DP / Thunderbolt4), 1x Type-C USB3.2 Gen2, 2x Type-A USB3.2 Gen1, 1x Type-A USB3.2 Gen2, 1x RJ45, 1x (8K @ 60Hz / 4K @ 120Hz) HDMI, 1x Mini-DisplayPort",Intel Core i7-11800H ,2.3GHz up to 4.6GHz 24MB,397 x 268.5 x 27.5 (mm),"IPS with 72% NTSC, 300Hz, Thin Bezel, 100% sRGB",2TB SSD M.2 NVMe PCIe Gen4x4 (2 slot),SSD,4 Cell 99.9WHrs,DDR4,Killer Gb LAN (Up to 2.5G),2.66 kg,"16GB (8GB x2) DDR4 3200MHz (2x SO-DIMM socket, up to 64GB SDRAM)",Full HD (1920 x 1080),15.6 inch,Windows 10 Home,Killer Wi-Fi 6E AX1675,,,,,,Rời,,,,,,
https://tiki.vn/laptop-asus-zenbook-ux325ea-kg363t-core-i5-1135g7-8gb-512gb-ssd-13-3-fhd-oled-win10-hang-chinh-hang-p129594879.html?__s=ssdp&itm_medium=CPC&itm_source=tiki-reco&spid=129594881&itm_campaign=tiki-reco_UNK_DT_UNK_UNK_tiki-listing_UNK_p-category-mpid-listing-v1_202110220600_MD_PID.129594881,Laptop Asus ZenBook UX325EA-KG363T (Core i5-1135G7/ 8GB/ 512GB SSD/ 13.3 FHD Oled/ Win10) - Hàng Chính Hãng,Asus,,23499000,Đài Loan,Trung Quốc,Harman Kardon, Bluetooth 5.0,,,Card tích hợp - Intel Iris Xe Graphics,,,"1 x USB 3.2,  2 x Thunderbolt 4 USB-C,  HDMI", Intel Core i5 Tiger Lake - 1135G7, 2.40 GHz Turbo Boost 4.2 GHz,,"100% DCI-P3,  400 nits , OLED","512 GB SSD NVMe PCIe (Có thể tháo ra, lắp thanh khác tối đa 1TB)",,, LPDDR4X (On board) 4267 MHz,,, 8 GB,,,,Wi-Fi 6 (802.11ax),,,UX325EA-KG363T,,,,,,,,,
https://tiki.vn/laptop-acer-aspire-a315-57g-31yd-nx-hzrsv-008-i3-1005g1-4gb-ram-256gb-ssd-mx330-2g-15-6-inch-fhd-win-10-den-hang-chinh-hang-p128724738.html?__s=ssdp&itm_medium=CPC&itm_source=tiki-reco&spid=133630255&itm_campaign=tiki-reco_UNK_DT_UNK_UNK_tiki-listing_UNK_p-category-mpid-listing-v1_202110220600_MD_PID.133630255,Laptop Acer Aspire A315-57G-31YD (NX.HZRSV.008) (i3 1005G1/4GB RAM/256GB SSD/MX330 2G/15.6 inch FHD/Win 10/Đen) (Hàng Chính Hãng),Acer,,13490000,Trung Quốc,Trung Quốc,,,,,,,,,,,,,,,,,,,,,,,,,,,,,,,,,,,
https://tiki.vn/may-tinh-xach-tay-lenovo-thinkpad-x280-i5-ha-ng-chi-nh-ha-ng-p21045531.html?__s=ssdp&itm_medium=CPC&itm_source=tiki-reco&spid=59491436&itm_campaign=tiki-reco_UNK_DT_UNK_UNK_tiki-listing_UNK_p-category-mpid-listing-v1_202110220600_MD_PID.59491436,"Máy tính xách tay Lenovo ThinkPad X280,i5  Hàng chính hãng",Lenovo,,20500000,,,,,,,,,,,,,,,,,,,,,,,,,,,,,,,,,,,,,
https://tiki.vn/edxis-chromebook11-s20-c-hang-nhap-khau-p95996882.html?__s=ssdp&itm_medium=CPC&itm_source=tiki-reco&spid=95996883&itm_campaign=tiki-reco_UNK_DT_UNK_UNK_tiki-listing_UNK_p-category-mpid-listing-v1_202110220600_MD_PID.95996883,EDXIS CHROMEBOOK11 (S20-C) - Hàng nhập khẩu,Intel,,14087040,Singapore,china,,,,,,,,,,,,,,,,,,,,,,,,,,,,,,,,,,,
https://tiki.vn/surface-pro-6-intel-core-i7-ram-16gb-ssd-512gb-new-hang-chinh-hang-p47410833.html?__s=ssdp&itm_medium=CPC&itm_source=tiki-reco&spid=47410834&itm_campaign=tiki-reco_UNK_DT_UNK_UNK_tiki-listing_UNK_p-category-mpid-listing-v1_202110220600_MD_PID.47410834,Surface Pro 6 Intel Core I7 Ram 16Gb Ssd 512Gb (New)- Hàng chính hãng,Surface,,34790000,Mỹ,Mỹ,,,,,,,,,,,,,,,,,,,,,,,,,,,,,,,,,,,
https://tiki.vn/sac-danh-cho-laptop-asus-zenbook-ux430ua-asus-zenbook-ux430uq-p125433528.html?__s=ssdp&itm_medium=CPC&itm_source=tiki-reco&spid=125433534&itm_campaign=tiki-reco_UNK_DT_UNK_UNK_tiki-listing_UNK_p-category-mpid-listing-v1_202110220600_MD_PID.125433534,Sạc dành cho Laptop ASUS ZENBOOK UX430UA ASUS ZENBOOK UX430UQ - Hàng Nhập khẩu,HI PC,,314950,Việt Nam,Việt Nam,,,,,,,,,,,,,,,,,,,,,,,,,,,,,,,,,,,
https://tiki.vn/cap-ket-noi-chuan-usb-2-0-qua-chan-simline-sata-cua-o-dia-dvd-p92555400.html?__s=ssdp&itm_medium=CPC&itm_source=tiki-reco&spid=92555404&itm_campaign=tiki-reco_UNK_DT_UNK_UNK_tiki-listing_UNK_p-category-mpid-listing-v1_202110220600_MD_PID.92555404,Cáp Kết Nối Chuân USB 2.0 Qua Chân Simline Sata Của Ổ Đĩa DVD,OEM,,115700,Việt Nam,Việt Nam,,,,,,,,,,,,,,,,,,,,,,,,,,,,,,,,,,,
https://tiki.vn/laptop-dell-vostro-3400-v4i7015w-core-i7-1165g7-8gb-512gb-2gb-mx330-win10-hang-chinh-hang-p118528503.html?__s=ssdp&itm_medium=CPC&itm_source=tiki-reco&spid=118528504&itm_campaign=tiki-reco_UNK_DT_UNK_UNK_tiki-listing_UNK_p-category-mpid-listing-v1_202110220600_MD_PID.118528504,Laptop Dell Vostro 3400 V4I7015W (Core i7-1165G7/ 8GB/ 512GB/ 2GB MX330/ Win10) - Hàng Chính Hãng,Dell,,23489900,Mỹ,Trung Quốc,,Bluetooth 5.0,,,"Card rời - NVIDIA GeForce MX330, 2 GB",,,,Intel Core i7 Tiger Lake 1165G7,Tốc độ CPU:  2.80 GHz / Tốc độ tối đa:  Turbo Boost 4.7 GHz,"
Kích thước & Trọng lượng


Chiều cao: 0,71 ""- 0,78"" (18,1 mm - 19,0 mm)
Chiều rộng: 12,94 ""(328,7 mm
Chiều sâu: 9,43"" (239,5 mm)
Trọng lượng khởi điểm: 1,59 kg (3,49 lb) 
","14"" Full HD (1920 x 1080) Chống chói Anti Glare",512Gb SSD NVMe,,"3-cell Li-ion, 42 Wh",8GB DDR4 3200Mhz,,,,,,Windows 10 Home SL,Wi-Fi 802.11 a/b/g/n/ac,,,V4I7015W,,,,,Bluetooth 5.0 / Wi-Fi 802.11 a/b/g/n/ac,,,,
https://tiki.vn/surface-pro-7-core-i5-ram-8gb-ssd-256gb-brand-new-nhap-khau-p48385090.html?__s=ssdp&itm_medium=CPC&itm_source=tiki-reco&spid=48385094&itm_campaign=tiki-reco_UNK_DT_UNK_UNK_tiki-listing_UNK_p-category-mpid-listing-v1_202110220600_MD_PID.48385094,Surface Pro 7 Core I5 Ram 8Gb Ssd 256Gb Brand New - Nhập Khẩu,Surface,,25490000,Mỹ,Mỹ,,,,,,,,,,,,,,,,,,,8GB,,,,,~ 10.5 giờ (theo công bố của Microsoft),,,,,,,,,,,
https://tiki.vn/apple-macbook-pro-2020-m1-13-inchs-apple-m1-8gb-256gb-hang-chinh-hang-p73795655.html?__s=ssdp&itm_medium=CPC&itm_source=tiki-reco&spid=121109308&itm_campaign=tiki-reco_UNK_DT_UNK_UNK_tiki-listing_UNK_p-category-mpid-listing-v1_202110220600_MD_PID.121109308,Apple MacBook Pro 2020 M1 - 13 Inchs (Apple M1/ 8GB/ 256GB) - Hàng Chính Hãng,Apple,,33490000,Mỹ,Trung Quốc,"Stereo speakers with high dynamic range, Three microphones, 3.5 mm Headphone jack",Bluetooth 5.0 wireless technology,,720p FaceTime HD camera,The 8-core GPU in M1 chip,,Apple M1,"Two Thunderbolt 3 / USB 4 ports; Support for Charging, DisplayPort, ThunderBolt (up to 40Gbps), USB 3.1 Gen 2 (up to 10 Gbps)","Apple M1 chip with 8-core CPU, 8-core GPU, and 16-core Neural Engine",,1.56 cm x 30.41 cm x 21.24 cm,"LED-backlit display with IPS technology; 2560-by-1600 native resolution at 227 pixels per inch with support for millions of colors 500 nits brightness; Wide color gamut (P3), True Tone technology",256GB SSD,SSD,"58.2-watt-hour lithium-polymer, 61W USB-C Power Adapter",,,1.4 kg,8GB unified memory,WQXGA (2560 x 1600),13.3 inch,MacOS,802.11ax WI-FI 6 wireless networking; IEEE 802.11a/b/g/n/ac compatible; Bluetooth 5.0 wireless technology,Khoảng 10 tiếng,,Pro 2020 M1,,,,,,,,,
https://tiki.vn/may-tinh-laptop-surface-book-2-15-inch-core-i7-ram-16gb-1tb-new-hang-chinh-hang-p48393012.html?__s=ssdp&itm_medium=CPC&itm_source=tiki-reco&spid=48393014&itm_campaign=tiki-reco_UNK_DT_UNK_UNK_tiki-listing_UNK_p-category-mpid-listing-v1_202110220600_MD_PID.48393014,Máy tính laptop Surface Book 2 15 Inch Core I7 Ram 16Gb 1Tb (New) - Hàng chính hãng,Surface,,60000000,Mỹ,Mỹ,,,,,,,,,,,,,,,,,,,16GB,,,,,17h liên tục,,,,,,,,,,,
https://tiki.vn/apple-macbook-air-2020-m1-13-inchs-apple-m1-8gb-256gb-hang-chinh-hang-p121245281.html?__s=ssdp&itm_medium=CPC&itm_source=tiki-reco&spid=121245287&itm_campaign=tiki-reco_UNK_DT_UNK_UNK_tiki-listing_UNK_p-category-mpid-listing-v1_202110220600_MD_PID.121245287,Apple Macbook Air 2020 M1 - 13 Inchs (Apple M1/ 8GB/ 256GB) - Hàng Chính Hãng,Apple,,27090000,Trung Quốc,Trung Quốc,Stereo speakers,Bluetooth 5.0 wireless technology,,	720p HD,Apple M1 GPU 7 cores,,,,M1,,,Retina 13.3 inch (2560x1600) IPS Led Backlit True Tone,256GB,SSD,lithium‑polymer,8GB of 3733MHz LPDDR4X onboard memory,,1.4 kg,8GB,,,Mac OS,802.11ax Wi-Fi 6-Tương thích IEEE 802.11a / b / g / n / ac,"* Up to 15 hours wireless web
* Up to 18 hours Apple TV app movie playback
* Built-in 49.9‑watt‑hour lithium‑polymer battery
* 30W USB-C Power Adapter",,,,Không,,,Wifi 802.11ac - Bluetooth 5.0,,,,
https://tiki.vn/laptop-lenovo-thinkpad-t490s-20nxs00200-core-i7-8565u-dos-14-fhd-ips-hang-chinh-hang-p22044777.html?__s=ssdp&itm_medium=CPC&itm_source=tiki-reco&spid=59402998&itm_campaign=tiki-reco_UNK_DT_UNK_UNK_tiki-listing_UNK_p-category-mpid-listing-v1_202110220600_MD_PID.59402998,Laptop Lenovo ThinkPad T490s 20NXS00200 Core i7-8565U/ Dos (14 FHD IPS) - Hàng Chính Hãng,Lenovo,,26500000,,,Dolby Audio Premium,v4.1 with vPro,,720p HD,Intel UHD Graphics 620,,8565U,"2x USB 3.1, 1x USB 3.1 Gen 1 Type-C, 1x USB 3.1 Gen 2 Type-C / Intel Thunderbolt 3, HDMI, RJ-45, Finger Print",Intel Core i7,1.8GHz up to 4.6GHz 8MB,,"IPS, Anti-Glare",256GB,SSD M.2 PCIe NVMe,3 Cell 57WHr,DDR4 2400MHz,Gigabit Ethernet,,8GB,Full HD (1920 x 1080),14 inch,Free DOS,Intel Dual Band 8265 Wireless-AC (2x2),,,,,,Tích hợp,,,,,,
https://tiki.vn/laptop-dell-vostro-3405-v4r53500u003w-amd-r5-3500u-8gb-1x8gb-ddr4-2400mhz-512ssd-m2-pcie-nvme-14-fhd-win10-hang-chinh-hang-p70692002.html?__s=ssdp&itm_medium=CPC&itm_source=tiki-reco&spid=74746004&itm_campaign=tiki-reco_UNK_DT_UNK_UNK_tiki-listing_UNK_p-category-mpid-listing-v1_202110220600_MD_PID.74746004,Laptop Dell Vostro 3405 V4R53500U003W (AMD R5-3500U/ 8GB (1x8GB) DDR4 2400Mhz/ 512SSD M2 PCIe NVMe/ 14 FHD/ Win10) - Hàng Chính Hãng,Dell,,18200000,Mỹ,Trung Quốc,,V4.2,2400MHz,Integrated Widescreen HD (1280 x 720 at 30 fps) Webcam with Single Digital Microphone,AMD Radeon Graphics,1 microSD card slot,3500U ,"2 USB 3.2 Gen1 Type-A ports, 1 USB 2.0 port, 1 HDMI 1.4 port, 1x jack 3.5mm",AMD Ryzen 5,"2.10GHz upto 3.70GHz, 4 MB cache, 4 cores 8 threads",,,512GB,SSD,3 cell - 45Whr,DDR4,1 Flip-Down RJ-45 port 10/100 Mbps,1.6kg,8GB,Full HD (1920 x 1080),14 inch,Windows 10 SL,802.11ac,,,,,,Rời,,,,,,
https://tiki.vn/laptop-asus-rog-zephyrus-g14-ga401qe-k2097t-amd-r9-5900hs-16gb-8x2-ddr4-3200mhz-1tb-ssd-pcie-g3x4-gtx-3050ti-4gb-gddr6-14-wqhd-ips-120hz-win10-hang-chinh-hang-p132820694.html?__s=ssdp&itm_medium=CPC&itm_source=tiki-reco&spid=132820696&itm_campaign=tiki-reco_UNK_DT_UNK_UNK_tiki-listing_UNK_p-category-mpid-listing-v1_202110220600_MD_PID.132820696,"Laptop Asus ROG Zephyrus G14 GA401QE-K2097T (AMD R9-5900HS/ 16GB (8x2) DDR4 3200MHz/ 1TB SSD PCIE G3X4/ GTX 3050Ti 4GB GDDR6/ 14 WQHD IPS, 120Hz/ Win10) - Hàng Chính Hãng",Asus,Tiki Trading,41919000,Đài Loan,Trung Quốc,"2x 2.5W speaker with smart AMP technology, Dolby Atmos Software",v5.0,,,NVIDIA GeForce GTX 3050Ti 4GB GDDR6 With ROG Boost up to 1585MHz at 60W (75W with Dynamic Boost),,,"1x Type C USB 3.1 Gen 2 with DisplayPort and Power Delivery up to 100W, 1x USB 3.1 Gen 2 Type-C, 2x USB 3.2 Gen 1 Type-A ,1x HDMI 2.0b, 1x 3.5mm Combo Audio Jack , FingerPrint",AMD Ryzen 9 5900HS 3.0GHz up to 4.6GHz 16MB,3.0GHz up to 4.6GHz,32.4 x 22 x 1.99 (cm)," IPS with 72% NTSC, 120Hz, 100% sRGB, Pantone Validated, 75% AdobeRGB, 300nits",1TB SSD PCIE G3X4,,4 Cell 76WHr,,,1.73 kg,"16GB (8x2) DDR4 3200MHz (1x SO-DIMM socket, up to 32GB SDRAM)",,14 inch,	Windows 10 Home,Intel Wi-Fi 6 with Gig+ performance (802.11AX) (2x2),,,GA401QE-K2097T ,,,,,,,,,
https://tiki.vn/microsoft-surface-pro-2018-core-i5-8250u-8g-256gb-hang-chinh-hang-p8286081.html?__s=ssdp&itm_medium=CPC&itm_source=tiki-reco&spid=20095191&itm_campaign=tiki-reco_UNK_DT_UNK_UNK_tiki-listing_UNK_p-category-mpid-listing-v1_202110220600_MD_PID.20095191,Microsoft Surface Pro 2018 - Core i5-8250U/8G/256GB - Hàng Chính Hãng,Microsoft,NewTechShop,27445000,,,Loa Stereo (Dolby Audio Premium),4.1,,"Camera sau: 8.0MP autofocus, quay video 1080p HD, Camera trước: 5.0 MP camera trước, Quay video 1080p HD, Công nghệ Windows Hello nhận diện khuôn mặt",Intel UHD Graphics 620,MicroSDXC,8250U,"USB 3.0, 3.5 mm headphone jack, Mini DisplayPort, Surface Connect port, Surface Type Cover port, tương thích với Surface Dial",Intel Core 8th Gen i5,,29.21 x 20.142 x 0.85 mm,"267 ppi Touch, IPS",256GB,SSD,Lithium-Polymer,,,775g,8GB,QHD+ (2736 x 1824),12.3 inch,Windows 10 Home, IEEE 802.11 a/b/g/n/ac compatible,13.5 giờ sử dụng,"Chuẩn WIFI: 802.11 ac
Kết nối không dây: Bluetooth 4.1",,,,Tích hợp,,,,,,
https://tiki.vn/apple-macbook-air-2020-m1-13-inchs-apple-m1-16gb-256gb-hang-chinh-hang-p88231354.html?__s=ssdp&itm_medium=CPC&itm_source=tiki-reco&spid=94633952&itm_campaign=tiki-reco_UNK_DT_UNK_UNK_tiki-listing_UNK_p-category-mpid-listing-v1_202110220600_MD_PID.94633952,Apple MacBook Air 2020 M1 - 13 Inchs (Apple M1/ 16GB/ 256GB) - Hàng Chính Hãng,Apple,,31990000,Mỹ,Trung Quốc,,v5.0,,,7 nhân GPU,,,2 x Thunderbolt 3 (USB-C),Apple M1,,,"True Tone Technology, 400 nits, Công nghệ IPS, LED Backlit",256GB,,PIN liền,,,,16GB,,13.3 inch,,Wi-Fi 6 AX201,,,,,,,,,,,,
https://tiki.vn/laptop-lg-gram-2021-17zd90p-g-ax71a5-core-i7-1165g7-16gb-lpddr4x-256gb-ssd-nvme-17-wqxga-ips-nonos-hang-chinh-hang-p92621084.html?__s=ssdp&itm_medium=CPC&itm_source=tiki-reco&spid=92621085&itm_campaign=tiki-reco_UNK_DT_UNK_UNK_tiki-listing_UNK_p-category-mpid-listing-v1_202110220600_MD_PID.92621085,Laptop LG Gram 2021 17ZD90P-G.AX71A5 (Core i7-1165G7/ 16GB LPDDR4X/ 256GB SSD NVMe/ 17 WQXGA IPS/ NonOS) - Hàng Chính Hãng,LG,Tiki Trading,44900000,Hàn Quốc,Trung Quốc,HD Webcam with Dual Mic,v5.1,4266MHz,HD Webcam with Dual Mic,Intel Iris Xe Graphics,"UFS, Micro SD",,"2x USB 3.2 Gen2, 2x USB Type-C Thunderbolt 4, 1x HDMI",Intel Core i7-1165G7,2.8GHz up to 4.7GHz 12MB,380.2 x 260.1 x 17.8 mm,"IPS, DCI-P3 99%","256GB PCIe NVMe M.2 SSD (2 slot, còn trống 1 khe M.2)",SSD,80WHr 10.336mAh,LPDDR4X,10/100 with RJ45 Gender,1.35kg,16GB (8GBx2,WQXGA (2560 x 1600),17 inch,FreeDos,Intel Wi-Fi 6 AX201D2W,,,,,,Tích hợp,,,,,,
https://tiki.vn/lenovo-ideapad-gaming-3-15imh05-i7-10750h-8gb-512gb-4gb-gtx1650ti-120hz-win10-81y4013uvn-hang-chinh-hang-p121405779.html?__s=ssdp&itm_medium=CPC&itm_source=tiki-reco&spid=121405780&itm_campaign=tiki-reco_UNK_DT_UNK_UNK_tiki-listing_UNK_p-category-mpid-listing-v1_202110220600_MD_PID.121405780,Laptop Lenovo Ideapad Gaming 3 15IMH05 i7 10750H/8GB/512GB/4GB GTX1650Ti/120Hz/Win10 (81Y4013UVN) - Hàng chính hãng,Lenovo,,25990000,Trung Quốc,Trung Quốc, Dolby Audio,Bluetooth 5.0,, HD webcam, Card rời - NVIDIA GeForce GTX 1650Ti,,,Jack tai nghe 3.5 mm  2 x USB 3.2  HDMI  LAN (RJ45)  USB Type-C,Intel Core i7 Comet Lake - 10750H,2.60 GHz Tốc độ tối đa Turbo Boost 5.0 GHz,,Tấm nền IPS  Chống chói Anti-Glare  250 nits,SSD 512 GB NVMe PCIeHỗ trợ khe cắm HDD SATA,, 45 Wh, DDR4 (2 khe),LAN (RJ45),2.2 kg, 8 GB,,,"
Windows 10 Home SL",Wi-Fi 6 (802.11ax),,,15IMH05 ,,,,4 GB," Bluetooth 5.0, Wi-Fi 6 (802.11ax)",,,,
https://tiki.vn/laptop-msi-stealth-15m-a11uek-232vn-core-i7-11375h-16gb-8gbx2-ddr4-3200mhz-512gb-ssd-pcie-g3x4-rtx-3060-6gb-gddr6-15-6-fhd-ips-144hz-win10-hang-chinh-hang-p129356511.html?__s=ssdp&itm_medium=CPC&itm_source=tiki-reco&spid=129356512&itm_campaign=tiki-reco_UNK_DT_UNK_UNK_tiki-listing_UNK_p-category-mpid-listing-v1_202110220600_MD_PID.129356512,"Laptop MSI Stealth 15M A11UEK-232VN (Core i7-11375H/ 16GB (8GBx2) DDR4 3200MHz/ 512GB SSD PCIE G3X4/ RTX 3060 6GB GDDR6/ 15.6 FHD IPS, 144Hz/ Win10) - Hàng Chính Hãng",MSI,,38919000,Đài Loan,Trung Quốc,NAHIMIC 3 (2x 2W Speaker),v5.1,3200MHz,HD type (30fps@720p),"NVIDIA GeForce RTX 3060 6GB GDDR6, Up to 1357MHz Boost Clock, 65W Maximum Graphics Power with Dynamic Boost.",,,"1x Type-C (USB4 / DP / Thunderbolt4) with PD charging, 1x Type-C (USB3.2 Gen2 / DP), 2x Type-A USB3.2 Gen1, 1x (4K @ 60Hz) HDMI",Intel Core i7-11375H ,3.0GHz up to 5.0GHz 12MB,358 x 248 x 15.95 (mm),IPS-Level 144Hz 45%NTSC Thin Bezel,512GB SSD PCIE G3X4,SSD,3Cell 52WHr,DDR4,Killer Gb LAN,1.69 kg,"16GB (8GBx2) DDR4 3200MHz (2x SO-DIMM socket, up to 64GB SDRAM)",,15.6 inch,Windows 10 Home,Intel Wi-Fi 6 AX201(2*2 ax),,,,,,Rời,,,,,,
https://tiki.vn/microsoft-surface-pro-7-model-qww-00001-i7-16gb-256gb-kem-ban-phim-material-black-new-seal-hang-nhap-khau-p76472905.html?__s=ssdp&itm_medium=CPC&itm_source=tiki-reco&spid=76472906&itm_campaign=tiki-reco_UNK_DT_UNK_UNK_tiki-listing_UNK_p-category-mpid-listing-v1_202110220600_MD_PID.76472906,Microsoft Surface Pro 7 Model QWW-00001  I7/16Gb/ 256Gb - Kèm bàn phím- Material black-New seal-  Hàng nhập khẩu,Microsoft,,38900000,Mỹ,Trung Quốc,2 stereo speaker, Bluetooth 4.1,,"5MP and 1080p HD front- and rear-facing cameras,8.0MP rear-facing autofocus camera with 1080p HD video",VGA:  Intel Iris Plus Graphics,Không,Intel," x Surface Connect, 1 x Cover port, microSDXC, 1 x USB 3.0, 1 x USB 3.1 Type-C", Quad-core 10th Gen Intel Core i7-1065G7 Processor,"1.30Ghz up to 3.90GHz, 8MB Cache)",,12.3” PixelSense 2736 x 1824 (267 PPI) Touch,256,SSD,LITIUM,DDR4,Không,0.79 kg,16GB,,,Windows 10 Home bản quyền + Microsoft Office 365 30-day trial (bản dùng thử 30 ngày),802.11ac Wi-Fi,10.5h,802.11ac Wi-Fi,QWW-00001`,,Không,,4gb,Không,,4h, Material black,
https://tiki.vn/microsoft-surface-pro-2018-core-i7-8650u-8g-256gb-kju-00016-hang-chinh-hang-p8286686.html?__s=ssdp&itm_medium=CPC&itm_source=tiki-reco&spid=20149935&itm_campaign=tiki-reco_UNK_DT_UNK_UNK_tiki-listing_UNK_p-category-mpid-listing-v1_202110220600_MD_PID.20149935,Microsoft Surface Pro 2018 - Core i7-8650U/8G/256GB (KJU-00016) - Hàng Chính Hãng,Microsoft,NewTechShop,38080000,,,Loa Stereo (Dolby Audio Premium),V4.1,,"Camera sau: 8.0MP autofocus, quay video 1080p HD, Camera trước: 5.0 MP camera trước, Quay video 1080p HD, Công nghệ Windows Hello nhận diện khuôn mặt",Intel UHD Graphics 620,MicroSDXC,8650U,"USB 3.0, 3.5 mm headphone jack, Mini DisplayPort, Surface Connect port, Surface Type Cover port, tương thích với Surface Dial",Intel Core i7,1.9GHz Turbo Boost 4.2GHz,29.21 x 20.142 x 0.85 mm,"267 ppi Touch, IPS",256GB,SSD ,Lithium-Polymer,,Không,775g,8GB,QHD+ (2736 x 1824),12.3 inch,Windows 10 Home,802.11 a / b / g / n / ac,13.5 giờ sử dụng,"Chuẩn WIFI: 802.11 ac
Kết nối không dây: Bluetooth 4.1",KJU-00016,Trung Quốc,Không,Tích hợp,,,,,,
https://tiki.vn/microsoft-surface-pro-x-13-sq1tm-8gb-128gb-ssd-wifi-4g-lte-black-hang-nhap-khau-p50693558.html?__s=ssdp&itm_medium=CPC&itm_source=tiki-reco&spid=58310494&itm_campaign=tiki-reco_UNK_DT_UNK_UNK_tiki-listing_UNK_p-category-mpid-listing-v1_202110220600_MD_PID.58310494,Microsoft Surface Pro X (13/ SQ1TM/ 8GB/ 128GB SSD/ WiFi + 4G LTE/ Black) - Hàng Nhập Khẩu,Microsoft,Detico,23500000,Mỹ,Trung Quốc,,Bluetooth 5.0,3733Mbps," Camera trước 5.0 MP 1080p HD, hỗ trợ tính năng nhận diện khuôn mặt Windows Hello Camera sau 10.0 MP, tự động lấy nét ",Microsoft SQ1 Adreno 685,,,"2 USB C,1 khe nano SIM, 1 cổng sạc Surface Connect, 1 cổng gắn bàn phím Cover",Microsoft SQ1,,287 mm x 208 mm x 7.3 mm,,128GB,SSD,,LPDDR4x RAM,,774g,8GB,,,,Wifi 5,~13 giờ,,,,,,,Qualcomm Snapdragon X24 LTE Modem,,,,
https://tiki.vn/laptop-hp-probook-450-g8-2h0v4pa-i5-1135g7-8gb-ram-256gb-ssd-15-6-fhd-fp-win-bac-hang-chinh-hang-p108591546.html?__s=ssdp&itm_medium=CPC&itm_source=tiki-reco&spid=108591553&itm_campaign=tiki-reco_UNK_DT_UNK_UNK_tiki-listing_UNK_p-category-mpid-listing-v1_202110220600_MD_PID.108591553,"Laptop HP ProBook 450 G8 2H0V4PA i5 1135G7 | 8GB RAM | 256GB SSD | 15.6"" FHD | FP | Win | Bạc - Hàng Chính Hãng",HP,,19990000,Việt Nam,Việt Nam,,,,,,,,,,,,,,,,,,1.74kg,,,,Windows,,,,,,,,,,,,,
https://tiki.vn/laptop-acer-aspire-a315-57g-524z-nx-hzrsv-009-i5-1035g1-8gbram-512gb-ssd-mx330-2g-15-6-inch-fhd-win-10-den-p120461391.html?__s=ssdp&itm_medium=CPC&itm_source=tiki-reco&spid=128876249&itm_campaign=tiki-reco_UNK_DT_UNK_UNK_tiki-listing_UNK_p-category-mpid-listing-v1_202110220600_MD_PID.128876249,Laptop Acer Aspire A315-57G-524Z (NX.HZRSV.009) (i5 1035G1/8GBRAM/512GB SSD/MX330 2G/15.6 inch FHD/ Win 10/Đen)(Hàng Chính Hãng),Acer,,17990000,Trung Quốc,Trung Quốc,,,,,,,,,,,,,,,,,,,,,,,,,,,,,,,,,,,
https://tiki.vn/laptop-acer-aspire-3-a315-34-p26u-nx-he3sv-00h-intel-pentium-n5030-15-6-inch-hang-nhap-khau-p77105222.html?__s=ssdp&itm_medium=CPC&itm_source=tiki-reco&spid=77105240&itm_campaign=tiki-reco_UNK_DT_UNK_UNK_tiki-listing_UNK_p-category-mpid-listing-v1_202110220600_MD_PID.77105240,Laptop Acer Aspire 3 A315 34 P26U (NX.HE3SV.00H. Intel Pentium N5030 (15.6 inch) - Hàng Nhập Khẩu,Acer,,10290000,Trung Quốc,Trung Quốc,,Có,,Có,,,,,Intel Pentium Silver N5030,"1.1 GHz base frequency, up to 3.1 GHz",,, 256GB M.2 PCIe NVMe Solid State Drive ,,3 Cell 36Whr,DDR4,,1.7,"4GB, DDR4 (On board +1 khe), 2666 MHz",,,,Có,,,A315 34 P26U,,Option,,,,,,,Acer
https://tiki.vn/laptop-dell-vostro-3405-v4r53500u003w-r5-3500u-8gb-ram-512gb-ssd-14-0-inch-fhd-win10-den-hang-chinh-hang-p133697603.html?__s=ssdp&itm_medium=CPC&itm_source=tiki-reco&spid=133697604&itm_campaign=tiki-reco_UNK_DT_UNK_UNK_tiki-listing_UNK_p-category-mpid-listing-v1_202110220600_MD_PID.133697604,Laptop Dell Vostro 3405 (V4R53500U003W) (R5 3500U 8GB RAM/512GB SSD/14.0 inch FHD/Win10/Đen) - Hàng chính hãng,Dell,,16890000,Mỹ,Mỹ,,,,,,,,,,,,,,,,,,,,,,,,,,,,,,,,,,,
https://tiki.vn/apple-mac-mini-m1-2020-13-inchs-8gb-16gb-256gb-512gb-hang-chinh-hang-p124903733.html?__s=ssdp&itm_medium=CPC&itm_source=tiki-reco&spid=73788534&itm_campaign=tiki-reco_UNK_DT_UNK_UNK_tiki-listing_UNK_p-category-mpid-listing-v1_202110220600_MD_PID.73788534,Apple Mac Mini M1 2020 - 13 Inchs (8GB / 16GB - 256GB / 512GB) - Hàng Chính Hãng,Apple,,17500000,Mỹ,Trung Quốc,,Bluetooth 5.0 wireless technology,,,8-core GPU,,"Apple M1 chip with 8-core CPU, 8-core GPU, and 16-core Neural Engine","Two Thunderbolt, Two USB-A ports, HDMI 2.0 port, Gigabit Ethernet port, 3.5 mm headphone jack",,,3.6 cm x 19.7 cm x 19.7 cm,,256GB,SSD,,,IEEE 802.11a/b/g/n/ac compatible,1.2 kg,8GB,,,MacOS Big Sur,802.11ax Wi-Fi 6 wireless networking,,,,,,,,,,,,
https://tiki.vn/microsoft-surface-laptop-core-i5-win10-s-13-5-inch-do-hang-nhap-khau-p814103.html?__s=ssdp&itm_medium=CPC&itm_source=tiki-reco&spid=20413401&itm_campaign=tiki-reco_UNK_DT_UNK_UNK_tiki-listing_UNK_p-category-mpid-listing-v1_202110220600_MD_PID.20413401,Microsoft Surface Laptop Core i5 / Win10 S 13.5 inch 8GB RAM (Đỏ) - Hàng Nhập Khẩu,Microsoft,NewTechShop,27700000,,,Omnisonic speakers with Dolby® Audio™ Premium,Bluetooth 4.0 LE wireless technology,,720p HD camera (front-facing),Intel HD Graphics 620 ,,,"USB 3.0, microSD, headphone/mic jack 3.5mm, Mini DisplayPort, Cover port, Surface Connect",Intel Core i5,,(Dài x Rộng x Dày) 308.1 x 223.27 x 14.48 mm,IPS LCD,256GB,SSD,Đang cập nhật,,,1.25g,8GB,2256 x 1504 pixels,13.5 inch,Window 10 S (Có thể nâng cấp Windows 10 Pro),802.11ac Wi-Fi wireless networking; IEEE 802.11a/b/g/n compatible,14.5 giờ,,,Mỹ,Không,,,,,,,
https://tiki.vn/apple-macbook-pro-touch-bar-2019-mv962-13-inchs-i5-8gb-256gb-hang-chinh-hang-p37889069.html?__s=ssdp&itm_medium=CPC&itm_source=tiki-reco&spid=49723037&itm_campaign=tiki-reco_UNK_DT_UNK_UNK_tiki-listing_UNK_p-category-mpid-listing-v1_202110220600_MD_PID.49723037,Apple Macbook Pro Touch Bar 2019 MV962 - 13 Inchs (i5/ 8GB/ 256GB) - Hàng Chính Hãng,Apple,Antam Trading,44450000,,,Stereo speakers with high dynamic range,Bluetooth 5.0,2133MHz,FaceTime HD camera,Intel Iris Plus Graphics 655,,2.4GHz Quad-core Intel Core I5,"4 Cổng Thunderbolt 3 (USB-Type C), Cổng âm thanh 3.5mm",Intel Core I5,Turbo Boost up to 4.1GHz,1.49 x 30.41 x 21.24 cm,Màn mình rộng LED Retina,,,,SSD,,1.37kg,256GB,WQXGA (2560 x 1600),13.3 inch,Preinstalled macOS Mojave,WIFI 802.11 ac,,,,,,Tích hợp,,,,,,
https://tiki.vn/microsoft-surface-laptop-3-core-i5-1035g7-13-hang-nhap-khau-p49206793.html?__s=ssdp&itm_medium=CPC&itm_source=tiki-reco&spid=51090770&itm_campaign=tiki-reco_UNK_DT_UNK_UNK_tiki-listing_UNK_p-category-mpid-listing-v1_202110220600_MD_PID.51090770,"Microsoft Surface Laptop 3 (Core i5-1035G7/13"") - Hàng Nhập Khẩu",Microsoft,NewTechShop,24490000,Mỹ,Trung Quốc,,5.0,,"Chính: 720p HD, Windows Hello; Phụ: 10 MP, quay video Full HD",Intel Iris Plus Graphics,,,"1 x USB-C, 1 x USB-A, 3.5 mm headphone jack, 1 x Surface Connect port, Compatible with Surface Dial off-screen interaction*",Quad-core 10th Gen Intel Core i5-1035G7 Processor,,308.1 x 223.27 x 14.48 mm,"PixelSense, Kính cường lực Gorilla Glass 3",128GB, SSD,, LPDDR4x RAM,,1283 g,8 GB,2256 x 1504 pixels,13 inch,Windows 10 Home,Wi-Fi 802.11 a / b / g / n / ac,11.5 tiếng sử dụng,,,,,,,,,,16 triệu màu,
https://tiki.vn/laptop-lenovo-ideapad-gaming-3-15ihu6-82k100fbvn-core-i7-11370h-8gb-ddr4-3200hz-rtx-3050-4gb-gddr6-512gb-ssd-m-2-2242-pcie-nvme-15-6-fhd-ips-120hz-win10-hang-chinh-hang-p122202413.html?__s=ssdp&itm_medium=CPC&itm_source=tiki-reco&spid=122202414&itm_campaign=tiki-reco_UNK_DT_UNK_UNK_tiki-listing_UNK_p-category-mpid-listing-v1_202110220600_MD_PID.122202414,"Laptop Lenovo Ideapad Gaming 3 15IHU6 82K100FBVN (Core i7-11370H/ 8GB DDR4-3200Hz/ RTX 3050 4GB GDDR6/ 512Gb SSD M.2 2242 PCIe NVMe/ 15.6 FHD IPS, 120Hz/ Win10) - Hàng Chính Hãng",Lenovo,,26679000,Trung Quốc,Trung Quốc,	Nahimic Audio,v5.0,,720p with Camera Shutter,"NVIDIA GeForce RTX 3050 4GB GDDR6 Boost Clock 1500 / 1740MHz, TGP 90W",,,"1x USB-C 3.2 Gen 1 (support data transfer only), 2x USB 3.2 Gen 1, 1x HDMI 2.0, 1x RJ-45, 1x headphone / microphone combo jack (3.5mm), 1x power connector",Intel Core i7-11370H 3.0GHz up to 4.8GHz 12MB,,,"IPS 250nits Anti-glare, 120Hz, 45% NTSC, DC dimmer",512GB SSD M.2 2242 PCIe 3.0x4 NVMe (Còn trống 1 khe 2.5 SATA3),,3 Cell 45WHr,,	100/1000M,	2.25 kg,"	8GB (8x1) DDR4 3200MHz (2x SO-DIMM socket, up to 16GB SDRAM)",,,,802.11AX (2x2),,,82K100FBVN ,,,,,,,,,
https://tiki.vn/laptop-dell-inspiron-15-3511-p112f001bbl-core-i5-1135g7-4gb-ddr4-512gb-ssd-nvme-pcie-15-6-fhd-win10-officeh-s-2019-hang-chinh-hang-p127257853.html?__s=ssdp&itm_medium=CPC&itm_source=tiki-reco&spid=127257854&itm_campaign=tiki-reco_UNK_DT_UNK_UNK_tiki-listing_UNK_p-category-mpid-listing-v1_202110220600_MD_PID.127257854,Laptop Dell Inspiron 15 3511 P112F001BBL (Core i5-1135G7/ 4GB DDR4/ 512GB SSD NVMe PCIe/ 15.6 FHD/ Win10 + OfficeH&S 2019) - Hàng Chính Hãng,Dell,,18729000,Mỹ,Trung Quốc,,BT 5.0,,,Intel(R) Iris Xe Graphics,,,,"Intel Core i5-1135G7 (8MB Cache, 2.4GHz, Turbo Boost 4.2GHz)",,,15.6-inch FHD (1920 x 1080) Anti-glare LED Backlight Non-Touch Narrow Border WVA Display,512GB M.2 PCIe NVMe SSD,,3 Cell 41WHr,4GB (1x4GB) DDR4 2666MHz,,,,,,Win10 Home SL,WLAN 802.11ac,3 Cell 41WHr,,P112F001BBL,,,,,,,,,
https://tiki.vn/laptop-gigabyte-g5-md-51s1223sh-core-i5-11400h-16gb-8x2-ddr4-3200mhz-512gb-ssd-m-2-pcie-g3x4-rtx-3050ti-4gb-gddr6-15-6-fhd-ips-144hz-3ms-win10-hang-chinh-hang-p114586774.html?__s=ssdp&itm_medium=CPC&itm_source=tiki-reco&spid=114586775&itm_campaign=tiki-reco_UNK_DT_UNK_UNK_tiki-listing_UNK_p-category-mpid-listing-v1_202110220600_MD_PID.114586775,"Laptop Gigabyte G5 MD-51S1123SH (Core i5-11400H/ 16GB (8x2) DDR4 3200MHz/ 512GB SSD M.2 PCIE G3X4/ RTX 3050Ti 4GB GDDR6/ 15.6 FHD IPS, 144Hz, 3ms/ Win10) - Hàng Chính Hãng",Gigabyte,,27899000,Đài Loan,Trung Quốc,DTS:X Ultra,V5.2,3200MHz,HD Camera,"NVIDIA GeForce RTX 3050Ti 4GB GDDR6 Boost Clock 1500 MHz, Maximum Graphics Power 75 W",,,"1x USB 3.2 Gen 2 Type-C, 1x USB3.2 Gen1 Type-A, 1x USB3.2 Gen2 Type-A,1x USB2.0 Type-A, 1x HDMI 2.0 (with HDCP), 1x mini DP 1.4, 1x Audio combo jack, 1x Microphone jack, 1x DC-in Jack, 1x RJ-45",Intel Core i5-11400H,2.7GHz up to 4.5GHz 12MB,361 x 258 x 24.9 (mm),"IPS, Anti-Glare with 72% NTSC, 100% sRGB, 144Hz, 3ms, 300nits","512GB SSD M.2 PCIE G3X4 (Còn trống 1 khe SSD M.2 PCIE và 1 khe 2.5"" SATA)",SSD,4 Cell 48.96 WHrs,DDR4,RTL8411B REALTEK (1G) Ethernet,2.2 kg,"16GB (8x2) DDR4 3200MHz (2x SO-DIMM socket, up to 64GB SDRAM)",Full HD (1920 x 1080),15.6 inch,Windows 10 Home,"Intel AX200 Wireless (802.11ax, a/b/g/n/ac/ax compatible)",,,,,,,,,,,,
https://tiki.vn/laptop-asus-fx516pe-i7-11370h-8gb-512gb-4gb-rtx3050ti-15-6-f-144hz-win10-hn005t-xam-p122474835.html?__s=ssdp&itm_medium=CPC&itm_source=tiki-reco&spid=122474838&itm_campaign=tiki-reco_UNK_DT_UNK_UNK_tiki-listing_UNK_p-category-mpid-listing-v1_202110220600_MD_PID.122474838,"Laptop Asus FX516PE i7 11370H/8GB/512GB/4GB RTX3050Ti/15.6""F/144Hz/Win10/(HN005T)/Xám - Hàng chính hãng",Asus,,29490000,Đài Loan,Trung Quốc,"Stereo speakers, DTS X:Ultra Audio",Có,,Không tích hợp,Card rời - NVIDIA GeForce RTX3050Ti,,,Jack tai nghe 3.5 mm  Thunderbolt 4 USB-C  3 x USB 3.2  HDMI  LAN (RJ45), Intel Core i7 Tiger Lake - 11370H,3.30 GHz Tốc độ tối đa Turbo Boost 4.8 GHz,,Tấm nền IPS  Chống chói Anti Glare  Adaptive-Sync  250 nits  Tần có quét 144 Hz," SSD 512 GB NVMe PCIe, Hỗ trợ thêm 1 khe cắm SSD M.2 PCIe mở rộng",,4-cell Li-ion,DDR4 2 khe (1 khe 8GB onboard + 1 khe trống),LAN (RJ45),2 kg,8 GB,,,Windows 10 Home SL,Có,,"LAN (RJ45), 
Wi-Fi 6 (802.11ax)",TUF Gaming FX516PE i7,,,,4 GB,"Wi-Fi 6 (802.11ax), Bluetooth 5.1",,76 Wh,,
https://tiki.vn/laptop-asus-rog-strix-g15-g513qr-hq096t-amd-r9-5900hx-16gb-8x2-ddr4-3200mhz-1tb-ssd-pcie-g3x4-rtx-3070-8gb-gddr6-15-6-fhd-ips-non-glare-300hz-3ms-win10-hang-chinh-hang-p132820319.html?__s=ssdp&itm_medium=CPC&itm_source=tiki-reco&spid=132820321&itm_campaign=tiki-reco_UNK_DT_UNK_UNK_tiki-listing_UNK_p-category-mpid-listing-v1_202110220600_MD_PID.132820321,"Laptop Asus ROG Strix G15 G513QR-HQ096T (AMD R9-5900HX/ 16GB (8x2) DDR4 3200MHz/ 1TB SSD PCIE G3X4/ RTX 3070 8GB GDDR6/ 15.6 FHD, IPS Non-Glare, 300Hz/3ms/ Win10) - Hàng Chính Hãng",Asus,Tiki Trading,46569000,Đài Loan,Trung Quốc,Dolby Atmos,v5.1,3200MHz,,NVIDIA GeForce RTX 3070 8GB GDDR6 With ROG Boost up to 1660MHz at 115W (130W with Dynamic Boost),,,"1x Type C USB 3.2 Gen 2 with Power Delivery and Display Port, 3x USB 3.2 Gen 1 Type-A, 1x HDMI 2.0b, 1x 3.5mm Combo Audio Jack, 1x RJ45 LAN Jack",AMD Ryzen 9 5900HX ,3.3GHz up to 4.6GHz 16MB,35.4 x 25.9 x 2.26 ~ 2.72 (cm),"IPS Non-Glare, NanoEdge, 100% sRGB, 300nits, 300Hz/3ms, Adaptive-Sync",1TB SSD PCIE G3X4 (Còn trống 1 khe SSD M.2 PCIE),,4 Cell 90WHrs,DDR4,10/100/1000 Base T,2.3 kg,"16GB (8x2) DDR4 3200MHz (2x SO-DIMM socket, up to 32GB SDRAM)",Full HD (1920 x 1080),15.6 inch,Windows 10 Home,Intel 802.11ax (2x2) Wi-Fi 6 (Gig+),,,,,,Rời,,,,,,
https://tiki.vn/bo-dan-jcpal-5-in-1-cho-new-macbook-pro-13-nam-2020-2021-macbook-pro-m1-model-a2251-a2289-a2338-p105038687.html?__s=ssdp&itm_medium=CPC&itm_source=tiki-reco&spid=105038700&itm_campaign=tiki-reco_UNK_DT_UNK_UNK_tiki-listing_UNK_p-category-mpid-listing-v1_202110220600_MD_PID.105038700,"Bộ dán JCPAL 5 in 1 cho New Macbook Pro 13"" năm (2020-2021), Macbook Pro M1 ( model A2251 ,A2289 , A2338))",OEM,,550000,Việt Nam,Việt Nam,,,,,,,,,,,,,,,,,,,,,,,,,,,,,,,,,,,
https://tiki.vn/laptop-hp-probook-430-g8-2h0n8pa-core-i5-1135g7-8gb-ddr4-3200mhz-256gb-ssd-pcie-nvme-13-3-fhd-ips-win10-hang-chinh-hang-p97034083.html?__s=ssdp&itm_medium=CPC&itm_source=tiki-reco&spid=97034084&itm_campaign=tiki-reco_UNK_DT_UNK_UNK_tiki-listing_UNK_p-category-mpid-listing-v1_202110220600_MD_PID.97034084,Laptop HP ProBook 430 G8 2H0N8PA (Core i5-1135G7/ 8GB DDR4 3200MHz/ 256GB SSD PCIe NVMe/ 13.3 FHD IPS/ Win10) - Hàng Chính Hãng,HP,,19729000,Mỹ,Trung Quốc,2 Integrated stereo speakers,v5.0,,720p HD Camera; IR Camera,Intel Iris Xᵉ Graphics,microSD,,"2x SuperSpeed USB Type-A 5Gbps signaling rate (1 charging, 1 power); 1x SuperSpeed USB Type-C 10Gbps signaling rate (USB Power Delivery, DisplayPort 1.4); 1x headphone/microphone combo; 1x HDMI 1.4b; 1x AC power; FingerPrint",Intel Core i5-1135G7 2.4GHz up to 4.2GHz 8MB,,,"13.3"" FHD (1920 x 1080) IPS, narrow bezel, anti-glare, 250 nits, 45% NTSC",256GB SSD PCIe NVMe SSD (1 slot),,3 Cell 45WHr,,,1.28 kg,"8GB DDR4 3200MHz (2x SO-DIMM socket, up to 32GB SDRAM)",Full HD (1920 x 1080),13.3 inch,Windows 10 Home,Intel AX201 Wi-Fi 6 (2x2),,,,,,,,,,,,
https://tiki.vn/pin-may-tinh-dell-precision-3510-type-g9g1h-4f5yv-84wh-pin-dell-latitude-5570-p117833976.html?__s=ssdp&itm_medium=CPC&itm_source=tiki-reco&spid=117833977&itm_campaign=tiki-reco_UNK_DT_UNK_UNK_tiki-listing_UNK_p-category-mpid-listing-v1_202110220600_MD_PID.117833977,Pin Máy Tính dành cho Dell Precision 3510 (Type G9G1H 4F5YV 84WH) - Pin Dell Latitude 5570,OEM,,1517500,Việt Nam,Việt Nam,,,,,,,,,,,,,,,,,,,,,,,,,,,,,,,,,,,
https://tiki.vn/vivobook-asus-r564ja-uh31t-core-i3-1005g1-ram-4gb-ssd-128gb-15-6-full-hd-touchscreen-win-10-p124838988.html?__s=ssdp&itm_medium=CPC&itm_source=tiki-reco&spid=124838989&itm_campaign=tiki-reco_UNK_DT_UNK_UNK_tiki-listing_UNK_p-category-mpid-listing-v1_202110220600_MD_PID.124838989,Vivobook ASUS  R564JA-UH31T Core i3-1005G1 / RAM 4GB / SSD 128GB / 15.6 Full HD Touchscreen / Win 10- Hàng nhập khẩu,Asus,,15950000,Đài Loan,Mỹ,,,,,,,,,,,,,,,,,,,,,,,,,,,,,,,,,,,
https://tiki.vn/apple-macbook-pro-m1-2020-13-inchs-8gb-16gb-256gb-512gb-hang-chinh-hang-p125013938.html?__s=ssdp&itm_medium=CPC&itm_source=tiki-reco&spid=73795664&itm_campaign=tiki-reco_UNK_DT_UNK_UNK_tiki-listing_UNK_p-category-mpid-listing-v1_202110220600_MD_PID.73795664,Apple MacBook Pro M1 2020 - 13 Inchs (8GB / 16GB - 256GB / 512GB) - Hàng Chính Hãng,Apple,Tiki Trading,36590000,Mỹ,Trung Quốc,"Stereo speakers with high dynamic range, Three microphones, 3.5 mm Headphone jack",Bluetooth 5.0 wireless technology,,720p FaceTime HD camera,The 8-core GPU in M1 chip,,Apple M1,"Two Thunderbolt 3 / USB 4 ports; Support for Charging, DisplayPort, ThunderBolt (up to 40Gbps), USB 3.1 Gen 2 (up to 10 Gbps)","Apple M1 chip: 8-core CPU with 4 performance cores and 4 efficiency cores, 8-core GPU, 16-core Neural Engine",,,"LED-backlit display with IPS technology; 2560-by-1600 native resolution at 227 pixels per inch with support for millions of colors 500 nits brightness; Wide color gamut (P3), True Tone technology.",512GB SSD,,,,,1.4kg,8GB unified memory,,13.3 inch,,802.11ax WI-FI 6 wireless networking; IEEE 802.11a/b/g/n/ac compatible,,,Pro 2020 M1,,,,,,,,,
https://tiki.vn/laptop-lg-gram-2021-17z90p-g-ah78a5-core-i7-1165g7-16gb-lpddr4x-1tb-ssd-nvme-17-wqxga-ips-win10-hang-chinh-hang-p92621126.html?__s=ssdp&itm_medium=CPC&itm_source=tiki-reco&spid=92621127&itm_campaign=tiki-reco_UNK_DT_UNK_UNK_tiki-listing_UNK_p-category-mpid-listing-v1_202110220600_MD_PID.92621127,Laptop LG Gram 2021 17Z90P-G.AH78A5 (Core i7-1165G7/ 16GB LPDDR4X/ 1TB SSD NVMe/ 17 WQXGA IPS/ Win10) - Hàng Chính Hãng,LG,Tiki Trading,54900000,Hàn Quốc,Trung Quốc,HD Audio with DTS:X Ultra,v5.1,4266MHz,HD Webcam with Dual Mic,Intel Iris Xe Graphics,"UFS, Micro SD",,"2x USB 3.2 Gen2, 2x USB Type-C Thunderbolt 4, 1x HDMI",Intel Core i7-1165G7,2.8GHz up to 4.7GHz 12MB,380.2 x 260.1 x 17.8 mm,"IPS, DCI-P3 99%","1TB PCIe NVMe M.2 SSD (2 slot, còn trống 1 khe M.2)",SSD,80WHr 10.336mAh,LPDDR4X,10/100 with RJ45 Gender,1.35 kg,16GB (8GBx2),WQXGA (2560 x 1600),17 inch,Windows 10 Home,Intel Wi-Fi 6 AX201D2W,,,,,,Tích hợp,,,,,,
https://tiki.vn/laptop-lg-gram-2021-14z90p-g-ah75a5-core-i7-1165g7-16gb-lpddr4x-256gb-ssd-nvme-14-wuxga-ips-win10-hang-chinh-hang-p92613018.html?__s=ssdp&itm_medium=CPC&itm_source=tiki-reco&spid=92613020&itm_campaign=tiki-reco_UNK_DT_UNK_UNK_tiki-listing_UNK_p-category-mpid-listing-v1_202110220600_MD_PID.92613020,Laptop LG Gram 2021 14Z90P-G.AH75A5 (Core i7-1165G7/ 16GB LPDDR4X/ 256GB SSD NVMe/ 14 WUXGA IPS/ Win10) - Hàng Chính Hãng,LG,,47900000,Hàn Quốc,Trung Quốc,HD Audio with DTS X Ultra,v5.1,,HD Webcam with Dual Mic,Intel Iris Xe Graphics,,,"HP-Out(4Pole Headset, US type), USB 3.2 Gen2x1 (x2), HDMI,  USB 4 Gen3x2 Type C (x2, with Power Delivery, Display Port, Thunderbolt 4)","Intel 11th Generation i7(Quad Core) 'i7-1165G7 (2.8 GHz, Turbo up to 4.7 GHz, L3 Cache 12MB, 28W)",,313.4 x 215.2 x 16.8 mm,IPS,256GB SSD,,72 Wh Li-Ion,,,999g,16GB LPDDR4X (Dual Channel),,14 inch,,"Intel Wireless-AX201 (802.11ax, 2x2, Dual Band)",,,14Z90P-G.AH75A5,,,,,,,,,
https://tiki.vn/ban-phim-cho-acer-aspire-4210-4520-4710-5220-5310-5720-5235-6920-trang-hang-moi-100-p117806374.html?__s=ssdp&itm_medium=CPC&itm_source=tiki-reco&spid=117806378&itm_campaign=tiki-reco_UNK_DT_UNK_UNK_tiki-listing_UNK_p-category-mpid-listing-v1_202110220600_MD_PID.117806378,Bàn phím cho Acer Aspire 4210 4520 4710 5220 5310 5720 5235 6920 Trắng Hàng Mới 100%,OEM,,152000,Việt Nam,Việt Nam,,,,,,,,,,,,,,,,,,,,,,,,,,,,,,,,,,,
https://tiki.vn/laptop-hp-probook-450-g8-2z6l0pa-i5-1135g7-ram-8gb-256gb-ssd-nvidia-geforce-mx450-2gb-15-6-inch-fhd-freedos-hang-chinh-hang-p108591544.html?__s=ssdp&itm_medium=CPC&itm_source=tiki-reco&spid=108591549&itm_campaign=tiki-reco_UNK_DT_UNK_UNK_tiki-listing_UNK_p-category-mpid-listing-v1_202110220600_MD_PID.108591549,Laptop HP ProBook 450 G8 2Z6L0PA i5-1135G7 | RAM 8GB | 256GB SSD | NVIDIA Geforce MX450 2GB | 15.6 inch FHD | FreeDOS - Hàng Chính Hãng,HP,,21390000,Việt Nam,Việt Nam,,,,,,,,,,,,,,,,,,1.74kg,,,,FreeDOS,,,,,,,,,,,,,
https://tiki.vn/laptop-msi-prestige-15-a11scx-209vn-core-i7-1185g7-16gb-8gb-x2-ddr4-3200mhz-512gb-pcie-gen4x4-gtx-1650-4gb-gddr6-with-max-q-design-15-6-fhd-ips-win10-hang-chinh-hang-p73177243.html?__s=ssdp&itm_medium=CPC&itm_source=tiki-reco&spid=73177244&itm_campaign=tiki-reco_UNK_DT_UNK_UNK_tiki-listing_UNK_p-category-mpid-listing-v1_202110220600_MD_PID.73177244,Laptop MSI Prestige 15 A11SCX-209VN (Core i7-1185G7/ 16GB (8GB x2) DDR4 3200MHz/ 512GB PCIe Gen4x4/ GTX 1650 4GB GDDR6 with Max-Q Design/ 15.6 FHD IPS/ Win10) - Hàng Chính Hãng,MSI,,32079000,Đài Loan,Trung Quốc,Nahimic 3,v5.1,,IR HD type (30fps@720p),NVIDIA GeForce GTX 1650 4GB GDDR6 with Max-Q Design,Micro SD Card Reader,,2x Type-C (USB4 / DP / Thunderbolt4) with PD charging; 1x (4K @ 60Hz) HDMI; 2x Type-A USB3.2 Gen2,Intel Core i7-1185G7 3.0GHz up to 4.8GHz 12MB,,356.8 x 233.7 x 16.9 mm,"15.6"" FHD (1920 x 1080) IPS, 60Hz, Thin Bezel, Anti-Glare with 72% NTSC, 100% sRGB",512GB PCIe Gen4x4 (Còn trống 1 khe SSD M.2 PCIE Gen3x4),,4 Cell 82WHr,,,1.69 kg,"16GB (8GB x2) DDR4 3200MHz (2x SO-DIMM socket, up to 32GB SDRAM)",,15.6 inch,Windows 10 Home,Intel Wi-Fi 6 AX201 (2x2),,,,,,,,,,,,
