,Tên,Giá máy mới,Giá máy cũ,CPU,RAM,Tốc độ CPU,Tốc độ tối đa,Loại RAM,Tốc độ Bus RAM,Số nhân,Số luồng,Kích thước màn hình,Ổ cứng,Công nghệ màn hình,Độ phân giải,Công nghệ âm thanh,Card đồ họa,Cổng giao tiếp,WiFi,Bluetooth,Camera,Hệ điều hành,Kích thước,Trọng lượng,Thông tin Pin,Khe đọc thẻ nhớ,Nhà bán,Là máy cũ,width,height,thickness,hasThunderbolt,hasAntiGlare
0,Acer,31990000,0,i5,8,2.7,4.5,DDR4,3200.0,6.0,12.0,15.6,512GB,"Tấm nền IPS
LED Backlit
Acer ComfyView",1920 x 1080,Acer TrueHarmony DTS X:Ultra Audio,NVIDIA RTX,"Jack tai nghe 3.5 mm
3 x USB 3.2
HDMI
LAN (RJ45)
USB Type-C",Wi-Fi 6 (802.11ax) ,Bluetooth 5.1,HD,Windows,Dài 363.4 mm - Rộng 255 mm - Dày 23.9 mm,2.2,57,,Điện máy xanh,0,36.3,25.5,2.4,0.0,0.0
1,Apple,34990000,0,M1,8,,,,,,,13.3,256GB,"500 nits brightness
LED Backlit
Retina
True Tone Technology
Tấm nền IPS",2560 x 1600,"3 microphones
Dolby Atmos
Loa kép (2 kênh)",Intel,2 x Thunderbolt 3 (USB-C) Jack tai nghe 3.5 mm,Wi-Fi 6 (802.11ax),Bluetooth 5.0,HD,MacOS,Dài 304.1 mm - Rộng 212.4 mm - Dày 15.6 mm,1.4,,,Điện máy xanh,0,30.4,21.2,1.6,1.0,0.0
2,Apple,28990000,0,M1,8,,,,,,,13.3,256GB,"400 nits
Công nghệ IPS
LED Backlit
True Tone Technology",2560 x 1600,"3 microphones
Headphones
Loa kép (2 kênh)",Intel,2 x Thunderbolt 3 (USB-C) Jack tai nghe 3.5 mm,Wi-Fi 6 (802.11ax),Bluetooth 5.0,HD,MacOS,Dài 304.1 mm - Rộng 212.4 mm - Dày 4.1 mm đến 16.1 mm,1.29,,,Điện máy xanh,0,30.4,21.2,1.6,1.0,0.0
3,Apple,44990000,0,M1,16,,,,,,,13.3,512GB,"500 nits brightness
LED Backlit
Retina
True Tone Technology
Tấm nền IPS",2560 x 1600,"3 microphones
Dolby Atmos
Loa kép (2 kênh)",Intel,2 x Thunderbolt 3 (USB-C) Jack tai nghe 3.5 mm,Wi-Fi 6 (802.11ax),Bluetooth 5.0,HD,MacOS,Dài 304.1 mm - Rộng 212.4 mm - Dày 15.6 mm,1.4,,,Điện máy xanh,0,30.4,21.2,1.6,1.0,0.0
4,Acer,26490000,0,i5,16,2.7,4.5,DDR4,3200.0,6.0,12.0,15.6,512GB,"Tấm nền IPS
LED Backlit
Acer ComfyView",1920 x 1080,Acer TrueHarmony DTS X:Ultra Audio,NVIDIA RTX,"Jack tai nghe 3.5 mm
3 x USB 3.2
HDMI
LAN (RJ45)
USB Type-C",Wi-Fi 6 (802.11ax) ,Bluetooth 5.1,HD,Windows,Dài 363.4 mm - Rộng 255 mm - Dày 23.9 mm,2.2,57,,Điện máy xanh,0,36.3,25.5,2.4,0.0,0.0
5,HP,30490000,0,i7,8,2.8,4.7,DDR4,2933.0,4.0,8.0,13.3,512GB,"400 nits
Tấm nền IPS
Wled-backlit",1920 x 1080,Bang & Olufsen audio,Intel,"2 x USB 3.1
Jack tai nghe 3.5 mm
Thunderbolt 4 USB-C",Wi-Fi 6 (802.11ax),Bluetooth 5.0,HD,Windows,Dài 306.5 mm - Rộng 194.6 mm - Dày 16.9 mm,1.236,,Micro SD,Điện máy xanh,0,30.6,19.5,1.7,1.0,0.0
6,Asus,26690000,0,i5,8,2.7,4.5,DDR4,3200.0,6.0,12.0,17.3,512GB,"Tấm nền IPS
Chống chói Anti Glare
250 nits",1920 x 1080,DTS Audio,NVIDIA RTX,"Jack tai nghe 3.5 mm
Thunderbolt 4 USB-C
3 x USB 3.2
HDMI
LAN (RJ45)",Wi-Fi 6 (802.11ax),Bluetooth 5.2,HD,Windows,Dài 399 mm - Rộng 269 mm - Dày 23.9 mm,2.6,48,,Điện máy xanh,0,39.9,26.9,2.4,1.0,1.0
7,Asus,29490000,0,i7,8,3.3,4.8,DDR4,3200.0,4.0,8.0,15.6,512GB,"Tấm nền IPS
Chống chói Anti Glare
Adaptive-Sync
250 nits",1920 x 1080,Stereo speakers DTS X:Ultra Audio,NVIDIA RTX,"Jack tai nghe 3.5 mm
Thunderbolt 4 USB-C
3 x USB 3.2
HDMI
LAN (RJ45)",Wi-Fi 6 (802.11ax) ,Bluetooth 5.1,,Windows,Dài 360 mm - Rộng 252 mm - Dày 19.9 mm,2.0,76,,Điện máy xanh,0,36.0,25.2,2.0,1.0,1.0
8,Dell,30090000,0,i5,16,2.4,4.2,LPDDR4X,4267.0,4.0,8.0,14.0,512GB,"100% sRGB
Chống chói Anti Glare
Tấm nền IPS
Độ sáng 300 nits",2560 x 1600,High Definition (HD) Audio,NVIDIA MX,"2 x USB 3.2
HDMI
Jack tai nghe 3.5 mm
Thunderbolt 4 USB-C",Wi-Fi 6 (802.11ax) ,Bluetooth 5.1,HD,Windows,Dài 321.7 mm - Rộng 224.5 mm - Dày 16.75 mm,1.35,52,Micro SD,Điện máy xanh,0,32.2,22.4,1.7,1.0,1.0
9,Acer,24990000,0,i5,16,3.1,4.4,DDR4,3200.0,4.0,8.0,15.6,512GB,"Acer ComfyView
LED Backlit
TFT",1920 x 1080,DTS X:Ultra Audio,NVIDIA GTX,"3 x USB 3.2
HDMI
Jack tai nghe 3.5 mm
LAN (RJ45)
USB Type-C",Wi-Fi 6 (802.11ax) ,Bluetooth 5.1,HD,Windows,Dài 363.4 mm - Rộng 255 mm - Dày 23.9 mm,2.2,57,,Điện máy xanh,0,36.3,25.5,2.4,0.0,0.0
10,MSI,29090000,0,i5,,2.5,4.5,DDR4,3200.0,6.0,12.0,15.6,512GB,Chống chói Anti Glare Tấm nền IPS,1920 x 1080,Nahimic Audio Realtek High Definition Audio,NVIDIA RTX,"2 x USB 3.2
2 x USB Type-C
HDMI
Jack tai nghe 3.5 mm
LAN (RJ45)",Wi-Fi 6 (802.11ax) ,Bluetooth 5.1,HD,Windows,Dài 359 mm - Rộng 254 mm - Dày 21.7 mm,1.86,51,,Điện máy xanh,0,35.9,25.4,2.2,0.0,1.0
11,MSI,20990000,0,i5,8,2.5,4.5,DDR4,3200.0,6.0,12.0,15.6,512GB,Chống chói Anti Glare Công nghệ IPS,1920 x 1080,Hi-Res Audio Nahimic Audio,NVIDIA GTX,"3 x USB 3.2
HDMI
Jack tai nghe 3.5 mm
LAN (RJ45)
USB Type-C",Wi-Fi 6 (802.11ax) ,Bluetooth 5.1,HD,Windows,Dài 359 mm - Rộng 254 mm - Dày 21.7 mm,1.86,51,,Điện máy xanh,0,35.9,25.4,2.2,0.0,1.0
12,MSI,77990000,0,i7,32,2.3,4.6,DDR4,3200.0,8.0,16.0,15.6,,"100% DCI-P3
Tấm nền IPS
Chống chói Anti Glare",2560 x 1440,"Sound by Dynaudio
Hi-Res Audio
Nahimic Audio",NVIDIA RTX,"Jack tai nghe 3.5 mm
Thunderbolt 4 USB-C
3 x USB 3.2
HDMI
LAN (RJ45)
Mini DisplayPort
USB Type-C",Wi-Fi 6E (802.11ax),Bluetooth 5.2,FHD,Windows,Dài 358 mm - Rộng 267 mm - Dày 23.4 mm,2.38,99.9,SD,Điện máy xanh,0,35.8,26.7,2.3,1.0,1.0
13,MSI,64990000,0,i7,32,2.3,4.6,DDR4,3200.0,8.0,16.0,15.6,,"100% sRGB
Chống chói Anti Glare
Tấm nền IPS",1920 x 1080,Hi-Res Audio Nahimic Audio,NVIDIA RTX,"3 x USB 3.2
HDMI
Jack tai nghe 3.5 mm
LAN (RJ45)
Thunderbolt 4 USB-C
USB Type-C",Wi-Fi 6E (802.11ax),Bluetooth 5.2,IR,Windows,Dài 358.3 mm - Rộng 248 mm - Dày 19.8 mm,2.1,99.9,,Điện máy xanh,0,35.8,24.8,2.0,1.0,1.0
14,Dell,59490000,0,i7,16,2.8,4.7,LPDDR4X,4267.0,4.0,8.0,13.4,512GB,500 nits brightness InfinityEdge display,4 x 3840,Realtek High Definition Audio Waves MaxxAudio,Intel,2 x Thunderbolt 4 USB-C Jack tai nghe 3.5 mm,Wi-Fi 6 (802.11ax),Bluetooth 5.0 ,HD,Windows,Dài 295.7 mm - Rộng 198.7 mm - Dày 14.8 mm,1.27,,Micro SD,Điện máy xanh,0,29.6,19.9,1.5,1.0,0.0
15,MSI,59990000,0,i7,16,2.3,4.6,DDR4,3200.0,8.0,16.0,15.6,,"100% sRGB
Chống chói Anti Glare
Tấm nền IPS",1920 x 1080,"Hi-Res Audio
Nahimic Audio
Sound by Dynaudio",NVIDIA RTX,"3 x USB 3.2
HDMI
Jack tai nghe 3.5 mm
LAN (RJ45)
Mini DisplayPort
Thunderbolt 4 USB-C
USB Type-C",Wi-Fi 6E (802.11ax),Bluetooth 5.2,FHD,Windows,Dài 358 mm - Rộng 267 mm - Dày 23.4 mm,2.38,99.9,SD,Điện máy xanh,0,35.8,26.7,2.3,1.0,1.0
16,HP,55490000,0,i7,16,2.6,5.0,DDR4,2933.0,6.0,12.0,15.6,1TB,"Tấm nền IPS
Chống chói Anti Glare
LED Backlit
100% sRGB",1920 x 1080,"HP Audio Boost
Bang & Olufsen audio
DTS X:Ultra Audio",NVIDIA RTX,"Jack tai nghe 3.5 mm
HDMI
LAN (RJ45)
Thunderbolt 3
Mini DisplayPort
3x SuperSpeed USB A",Wi-Fi 6 (802.11ax),Bluetooth 5.0 ,HD,Windows,Dài 357.9 mm - Rộng 239.7 mm - Dày 22.5 mm,2.36,70.9,SD,Điện máy xanh,0,35.8,24.0,2.2,1.0,1.0
17,LG,54890000,0,i7,16,2.8,4.7,LPDDR4X,4266.0,4.0,8.0,17.0,1TB,"60Hz
Chống chói Anti Glare
Tấm nền IPS",2560 x 1600,DTS X:Ultra Audio,Intel,"2 x Thunderbolt 4 USB-C
2 x USB 3.2
HDMI
Jack tai nghe 3.5 mm",Wi-Fi 6 (802.11ax),Bluetooth 5.1 ,HD,Windows,Dài 380.2 mm - Rộng 260.1 mm - Dày 17.8 mm,1.35,80,Micro SD,Điện máy xanh,0,38.0,26.0,1.8,1.0,1.0
18,LG,52890000,0,i7,16,2.8,4.7,LPDDR4X,4266.0,4.0,8.0,17.0,512GB,"60Hz
Chống chói Anti Glare
Tấm nền IPS",2560 x 1600,DTS X:Ultra Audio,Intel,"2 x Thunderbolt 4 USB-C
2 x USB 3.2
HDMI
Jack tai nghe 3.5 mm",Wi-Fi 6 (802.11ax),Bluetooth 5.1 ,HD,Windows,Dài 380.2 mm - Rộng 260.1 mm - Dày 17.8 mm,1.35,80,Micro SD,Điện máy xanh,0,38.0,26.0,1.8,1.0,1.0
19,MSI,52990000,0,i7,16,2.3,4.6,DDR4,3200.0,8.0,16.0,17.3,1TB,Tấm nền IPS,1920 x 1080,Nahimic Audio,NVIDIA RTX,"Jack tai nghe 3.5 mm
3 x USB 3.2
HDMI
LAN (RJ45)
Mini DisplayPort",Wi-Fi 6 (802.11ax),Bluetooth 5.2 ,HD,Windows,Dài 397 mm - Rộng 284 mm - Dày 25.9 mm,2.9,65,SD,Điện máy xanh,0,39.7,28.4,2.6,0.0,0.0
20,Apple,52990000,0,M1,16,,,,,,,13.3,1TB,"500 nits brightness
LED Backlit
Retina
True Tone Technology
Tấm nền IPS",2560 x 1600,"3 microphones
Dolby Atmos
Loa kép (2 kênh)",Intel,2 x Thunderbolt 3 (USB-C) Jack tai nghe 3.5 mm,Wi-Fi 6 (802.11ax),Bluetooth 5.0 ,HD,MacOS,Dài 304.1 mm - Rộng 212.4 mm - Dày 15.6 mm,1.4,,,Điện máy xanh,0,30.4,21.2,1.6,1.0,0.0
21,LG,50890000,0,i7,16,2.8,4.7,LPDDR4X,4266.0,4.0,8.0,16.0,512GB,Chống chói Anti Glare Tấm nền IPS,2560 x 1600,DTS X:Ultra Audio,Intel,"2 x Thunderbolt 4 USB-C
2 x USB 3.2
HDMI
Jack tai nghe 3.5 mm",Wi-Fi 6 (802.11ax),Bluetooth 5.1 ,HD,Windows,Dài 355.9 mm - Rộng 243.4 mm - Dày 16.8 mm,1.19,80,Micro SD,Điện máy xanh,0,35.6,24.3,1.7,1.0,1.0
22,Acer,49990000,0,i7,16,2.3,4.6,DDR4,3200.0,8.0,16.0,15.6,512GB,"Acer ComfyView
Công nghệ IPS
LED Backlit
TFT",2560 x 1440,DTS X:Ultra Audio,NVIDIA RTX,"3 x USB 3.2
HDMI
Jack tai nghe 3.5 mm
LAN (RJ45)
Mini DisplayPort
Thunderbolt 4 USB-C",Wi-Fi 6 (802.11ax),Bluetooth 5.1 ,HD,Windows,Dài 353 mm - Rộng 255 mm - Dày 19.9 mm,2.0,59,,Điện máy xanh,0,35.3,25.5,2.0,1.0,0.0
23,Lenovo,49490000,0,i7,16,3.0,4.8,DDR4,4266.0,4.0,8.0,14.0,1TB,"500 nits Glossy
90% DCI-P3
HDR Vesa400
Tấm nền IPS",4 x 3840,Dolby Atmos Stereo speakers,Intel,"1 x USB 3.2
2 x Thunderbolt 4 USB-C
Jack tai nghe 3.5 mm",Wi-Fi 6 (802.11ax),Bluetooth 5.1 ,HD,Windows,Dài 319.4 mm - Rộng 216.4 mm - Dày 15.7 mm,1.37,60,,Điện máy xanh,0,31.9,21.6,1.6,1.0,0.0
24,LG,48890000,0,i7,16,2.8,4.7,LPDDR4X,4266.0,4.0,8.0,16.0,256GB,Chống chói Anti Glare Tấm nền IPS,2560 x 1600,DTS X:Ultra Audio,Intel,"2 x Thunderbolt 4 USB-C
2 x USB 3.2
HDMI
Jack tai nghe 3.5 mm",Wi-Fi 6 (802.11ax),Bluetooth 5.1 ,HD,Windows,Dài 355.9 mm - Rộng 243.4 mm - Dày 16.8 mm,1.19,80,Micro SD,Điện máy xanh,0,35.6,24.3,1.7,1.0,1.0
25,LG,47890000,0,i7,16,2.8,4.7,LPDDR4X,4266.0,4.0,8.0,14.0,512GB,Chống chói Anti Glare Tấm nền IPS,1920 x 1200,DTS X:Ultra Audio,Intel,"2 x Thunderbolt 4 USB-C
2 x USB 3.2
HDMI
Jack tai nghe 3.5 mm",Wi-Fi 6 (802.11ax),Bluetooth 5.1 ,HD,Windows,Dài 313.4 mm - Rộng 215.2 mm - Dày 16.8 mm,0.9990000000000001,72,Micro SD,Điện máy xanh,0,31.3,21.5,1.7,1.0,1.0
26,MSI,46490000,0,i7,16,2.9,5.0,LPDDR4X,2133.0,4.0,8.0,16.0,1TB,100% DCI-P3 Tấm nền IPS,2560 x 1600,Nahimic Audio,NVIDIA RTX,"2 x Thunderbolt 4 USB-C
2 x USB 3.2
HDMI
Jack tai nghe 3.5 mm",Wi-Fi 6E (802.11ax),Bluetooth 5.2 ,HD IR,Windows,Dài 358.2 mm - Rộng 258.5 mm - Dày 16.9 mm,1.9,82,Micro SD,Điện máy xanh,0,35.8,25.9,1.7,1.0,0.0
27,Asus,44990000,0,R9,16,3.0,4.6,DDR4,3200.0,8.0,16.0,14.0,1TB,"100% DCI-P3
Chống chói Anti Glare
Công nghệ IPS
Độ sáng 300 nits",2560 x 1440,Công nghệ Smart AMP Dolby Atmos,NVIDIA RTX,"1x USB 3.2 Gen 2 Type-C support DisplayPort / power delivery / G-SYNC
2 x USB 3.2
HDMI
Jack tai nghe 3.5 mm
USB Type-C",Wi-Fi 6 (802.11ax),Bluetooth 5.1 ,,Windows,Dài 324 mm - Rộng 220 mm - Dày 19.9 mm,1.7,76,,Điện máy xanh,0,32.4,22.0,2.0,0.0,1.0
28,Acer,43990000,0,i7,16,2.3,4.6,DDR4,3200.0,8.0,16.0,15.6,512GB,"Acer ComfyView
Công nghệ IPS
LED Backlit
TFT",2560 x 1440,DTS X:Ultra Audio,NVIDIA RTX,"3 x USB 3.2
HDMI
Jack tai nghe 3.5 mm
LAN (RJ45)
Mini DisplayPort
Thunderbolt 4 USB-C",Wi-Fi 6 (802.11ax),Bluetooth 5.1 ,HD,Windows,Dài 353 mm - Rộng 255 mm - Dày 19.9 mm,2.0,59,,Điện máy xanh,0,35.3,25.5,2.0,1.0,0.0
29,HP,41390000,0,i7,16,2.8,4.7,DDR4,3200.0,4.0,8.0,13.3,512GB,Tấm nền IPS Wled-backlit,1920 x 1080,Bang & Olufsen audio,Intel,"2 x Thunderbolt 4 USB-C
2 x USB 3.1
HDMI
Jack tai nghe 3.5 mm",Wi-Fi 6 (802.11ax),Bluetooth 5.0 ,HD,Windows,Dài 307.6 mm - Rộng 205 mm - Dày 17.8 mm,1.476,53,,Điện máy xanh,0,30.8,20.5,1.8,1.0,0.0
30,MSI,39490000,0,i7,16,3.0,4.8,DDR4,2133.0,4.0,8.0,13.4,1TB,"100% sRGB
500 nits Glossy
Tấm nền IPS",1920 x 1200,Hi-Res Audio Nahimic Audio,Intel,"1 x USB 3.2
2 x Thunderbolt 4 USB-C
Jack tai nghe 3.5 mm
USB Type-C",Wi-Fi 6E (802.11ax),Bluetooth 5.2 ,HD IR,Windows,Dài 300.2 mm - Rộng 222.25 mm - Dày 14.9 mm,1.35,70,Micro SD,Điện máy xanh,0,30.0,22.2,1.5,1.0,0.0
31,Asus,39490000,0,i7,16,2.8,4.7,LPDDR4X,4267.0,4.0,8.0,14.0,1TB,"100% sRGB
400 nits
Chống chói Anti Glare
LED Backlit
Tấm nền IPS",1920 x 1080,Audio by Harman/Kardon,Intel,"1 x USB 3.2
2 x Thunderbolt 4 USB-C
HDMI
Jack tai nghe 3.5 mm",Wi-Fi 6 (802.11ax),Bluetooth 5.0 ,HD IR,Windows,Dài 324 mm - Rộng 222 mm - Dày 17.3 mm,1.62,70,Micro SD,Điện máy xanh,0,32.4,22.2,1.7,1.0,1.0
32,Acer,38990000,0,i7,16,2.3,4.6,DDR4,3200.0,8.0,16.0,15.6,512GB,"Acer ComfyView
LED Backlit
Tấm nền IPS",2560 x 1440,Acer TrueHarmony DTS X:Ultra Audio,NVIDIA RTX,"3 x USB 3.2
HDMI
Jack tai nghe 3.5 mm
LAN (RJ45)
Mini DisplayPort
USB Type-C",Wi-Fi 6 (802.11ax),Bluetooth 5.1 ,HD,Windows,Dài 363 mm - Rộng 255 mm - Dày 22.9 mm,2.3,59,,Điện máy xanh,0,36.3,25.5,2.3,0.0,0.0
33,Apple,39990000,0,M1,8,,,,,,,13.3,512GB,"500 nits brightness
LED Backlit
Retina
True Tone Technology
Tấm nền IPS",2560 x 1600,"3 microphones
Dolby Atmos
Loa kép (2 kênh)",Intel,2 x Thunderbolt 3 (USB-C) Jack tai nghe 3.5 mm,Wi-Fi 6 (802.11ax),Bluetooth 5.0 ,HD,MacOS,Dài 304.1 mm - Rộng 212.4 mm - Dày 15.6 mm,1.4,,,Điện máy xanh,0,30.4,21.2,1.6,1.0,0.0
34,Apple,39490000,0,M1,16,,,,,,,13.3,512GB,"400 nits
Công nghệ IPS
LED Backlit
True Tone Technology",2560 x 1600,"3 microphones
Headphones
Loa kép (2 kênh)",Intel,2 x Thunderbolt 3 (USB-C) Jack tai nghe 3.5 mm,Wi-Fi 6 (802.11ax),Bluetooth 5.0 ,HD,MacOS,Dài 304.1 mm - Rộng 212.4 mm - Dày 4.1 đến 16.1 mm,1.29,,,Điện máy xanh,0,30.4,21.2,1.6,1.0,0.0
35,Asus,36490000,0,i7,16,2.8,4.7,LPDDR4X,4267.0,4.0,8.0,14.0,1TB,"100% sRGB
400 nits
Chống chói Anti Glare
LED Backlit
Màn hình Wide View",1920 x 1080,Audio by Harman/Kardon,Intel,"1 x USB 3.2
2 x Thunderbolt 4 USB-C
HDMI
Jack tai nghe 3.5 mm
Micro HDMI",Wi-Fi 6 (802.11ax),Bluetooth 5.2 ,HD IR,Windows,Dài 320 mm - Rộng 203 mm - Dày 14.9 mm,1.01,,,Điện máy xanh,0,32.0,20.3,1.5,1.0,1.0
36,Lenovo,34490000,0,i7,16,2.8,4.7,LPDDR4X,4266.0,4.0,8.0,13.3,1TB,"100% sRGB
300 nits Glossy
Chống chói Anti Glare
Dolby Vision
Tấm nền IPS",2560 x 1600,Audio by Harman/Kardon Dolby Atmos,Intel,"2 x Thunderbolt 4 USB-C
Jack tai nghe 3.5 mm
USB Type-C",Wi-Fi 6 (802.11ax),Bluetooth 5.0 ,HD IR,Windows,Dài 295.88 mm - Rộng 208.85 mm - Dày 15 mm,0.966,50,,Điện máy xanh,0,29.6,20.9,1.5,1.0,1.0
37,HP,33790000,0,i7,16,2.8,4.7,DDR4,2933.0,4.0,8.0,13.3,1TB,"400 nits
60Hz
Tấm nền IPS
Wled-backlit",1920 x 1080,Bang & Olufsen audio,Intel,2 x USB 3.1 Thunderbolt 3,Wi-Fi 6 (802.11ax),Bluetooth 5.0 ,HD,Windows,Dài 306.5 mm - Rộng 194.6 mm - Dày 16.9 mm,1.236,,Micro SD,Điện máy xanh,0,30.6,19.5,1.7,1.0,0.0
38,Asus,33490000,0,i7,16,2.8,4.7,LPDDR4X,4266.0,4.0,8.0,13.3,512GB,"100% DCI-P3
400 nits
OLED",1920 x 1080,Audio by Harman/Kardon SonicMaster audio,Intel,"1 x USB 3.2
2 x Thunderbolt 4 USB-C
HDMI",Wi-Fi 6 (802.11ax),Bluetooth 5.0 ,HD IR,Windows,Dài 305 mm - Rộng 211 mm - Dày 11.9 mm,1.3,67,,Điện máy xanh,0,30.5,21.1,1.2,1.0,0.0
39,Apple,34990000,0,M1,8,,,,,,,13.3,512GB,"400 nits
Công nghệ IPS
LED Backlit
True Tone Technology",2560 x 1600,"3 microphones
Headphones
Loa kép (2 kênh)",Intel,2 x Thunderbolt 3 (USB-C) Jack tai nghe 3.5 mm,Wi-Fi 6 (802.11ax),Bluetooth 5.0 ,HD,MacOS,Dài 304.1 mm - Rộng 212.4 mm - Dày 4.1 mm đến 16.1 mm,1.29,,,Điện máy xanh,0,30.4,21.2,1.6,1.0,0.0
40,Dell,32890000,0,R7,16,3.2,4.4,DDR4,3200.0,8.0,16.0,15.6,512GB,Chống chói Anti Glare WVA,1920 x 1080,Nahimic Audio,NVIDIA RTX,"1 x USB 3.2
2 x USB 2.0
HDMI
Jack tai nghe 3.5 mm
LAN (RJ45)
USB Type-C",Wi-Fi 6 (802.11ax),Bluetooth 5.2 ,HD,Windows,Dài 357.2 mm - Rộng 272.1 mm - Dày 26.9 mm,2.81,56,,Điện máy xanh,0,35.7,27.2,2.7,0.0,1.0
41,MSI,32490000,0,i7,16,2.6,5.0,DDR4,2666.0,6.0,12.0,15.6,512GB,Tấm nền IPS,1920 x 1080,Stereo speakers,NVIDIA GTX,"Jack tai nghe 3.5 mm
3 x USB 3.2
HDMI
LAN (RJ45)
Mini DisplayPort
USB Type-C",Wi-Fi 6 (802.11ax) ,Bluetooth 5.1,HD,Windows,Dài 359 mm - Rộng 254 mm - Dày 21.7 mm,2.3,,SD,Điện máy xanh,0,35.9,25.4,2.2,0.0,0.0
42,Asus,32490000,0,i7,8,3.3,4.8,DDR4,3200.0,4.0,8.0,15.6,512GB,"Adaptive-Sync
Chống chói Anti Glare
Tấm nền IPS",1920 x 1080,DTS Audio,NVIDIA RTX,"3 x USB 3.2
HDMI 2.0
Jack tai nghe 3.5 mm
LAN (RJ45)
Thunderbolt 4 USB-C",Wi-Fi 6 (802.11ax),Bluetooth 5.1,,Windows,Dài 360 mm - Rộng 252 mm - Dày 19.9 mm,2.0,76,,Điện máy xanh,0,36.0,25.2,2.0,1.0,1.0
43,Apple,33990000,0,M1,16,,,,,,,13.3,256GB,"400 nits
Công nghệ IPS
LED Backlit
True Tone Technology",2560 x 1600,"3 microphones
Headphones
Loa kép (2 kênh)",Intel,2 x Thunderbolt 3 (USB-C) Jack tai nghe 3.5 mm,Wi-Fi 6 (802.11ax),Bluetooth 5.0 ,HD,MacOS,Dài 304.1 mm - Rộng 212.4 mm - Dày 4.1 mm đến 16.1 mm,1.29,,,Điện máy xanh,0,30.4,21.2,1.6,1.0,0.0
44,Asus,32490000,0,i5,8,2.4,4.2,LPDDR4X,4267.0,4.0,8.0,14.0,512GB,"100% sRGB
400 nits
Chống chói Anti Glare
LED Backlit
Tấm nền IPS",1920 x 1080,Audio by Harman/Kardon,Intel,"1 x USB 3.2
2 x Thunderbolt 4 USB-C
HDMI
Jack tai nghe 3.5 mm",Wi-Fi 6 (802.11ax),Bluetooth 5.0 ,HD IR,Windows,Dài 324 mm - Rộng 222 mm - Dày 17.3 mm,1.62,70,Micro SD,Điện máy xanh,0,32.4,22.2,1.7,1.0,1.0
45,Asus,32490000,0,i7,16,3.3,4.8,DDR4,3200.0,4.0,8.0,15.6,512GB,"Adaptive-Sync
Chống chói Anti Glare
Tấm nền IPS",1920 x 1080,DTS Audio,NVIDIA RTX,"3 x USB 3.2
HDMI 2.0
Jack tai nghe 3.5 mm
LAN (RJ45)
Thunderbolt 4 USB-C",Wi-Fi 6 (802.11ax),Bluetooth 5.1 ,,Windows,Dài 360 mm - Rộng 252 mm - Dày 19.9 mm,2.0,76,,Điện máy xanh,0,36.0,25.2,2.0,1.0,1.0
46,Dell,32490000,0,i7,16,2.8,4.7,DDR4,4267.0,4.0,8.0,13.3,512GB,100% sRGB WVA,4 x 3840,Realtek ALC3204,Intel,"Jack tai nghe 3.5 mm
Thunderbolt 4 USB-C
1 x USB 3.2
HDMI",Wi-Fi 6 (802.11ax),Bluetooth 5.0 ,HD,Windows,Dài 305 mm - Rộng 206 mm - Dày 16.7 mm,1.37,60,Micro SD,Điện máy xanh,0,30.5,20.6,1.7,1.0,0.0
47,MSI,31990000,0,i7,16,2.6,5.0,DDR4,3200.0,6.0,12.0,15.6,512GB,LED Tấm nền IPS,1920 x 1080,Nahimic Audio,NVIDIA RTX,"Jack tai nghe 3.5 mm
2 x USB 3.2
HDMI
LAN (RJ45)
2 x USB Type-C",Wi-Fi 6 (802.11ax),Bluetooth 5.1 ,HD,Windows,Dài 359 mm - Rộng 254 mm - Dày 21.7 mm,1.86,51,,Điện máy xanh,0,35.9,25.4,2.2,0.0,0.0
48,Dell,31490000,0,i7,16,2.6,5.0,DDR4,2933.0,6.0,12.0,15.6,512GB,LED WVA,1920 x 1080,Nahimic 3,NVIDIA GTX,"Jack tai nghe 3.5 mm
1 x USB 3.2
HDMI
LAN (RJ45)
Thunderbolt 3
2 x USB 2.0
Mini DisplayPort",Wi-Fi 6 (802.11ax),Bluetooth 5.0 ,HD,Windows,Dài 364.46 mm - Rộng 254 mm - Dày 30.96 mm,2.58,68,SD,Điện máy xanh,0,36.4,25.4,3.1,1.0,0.0
49,Dell,31490000,0,i7,16,2.6,5.0,DDR4,2933.0,6.0,12.0,15.6,512GB,LED WVA,1920 x 1080,Nahimic 3,NVIDIA GTX,"1 x USB 3.2
2 x USB 2.0
HDMI
Jack tai nghe 3.5 mm
LAN (RJ45)
Thunderbolt 3",Wi-Fi 6 (802.11ax),Bluetooth 5.0 ,HD,Windows,Dài 364.46 mm - Rộng 254 mm - Dày 30.96 mm,2.58,68,SD,Điện máy xanh,0,36.4,25.4,3.1,1.0,0.0
50,Asus,31490000,0,i7,8,2.3,4.6,DDR4,3200.0,8.0,16.0,17.3,512GB,"Tấm nền IPS
Chống chói Anti Glare
250 nits",1920 x 1080,DTS Audio,NVIDIA RTX,"Jack tai nghe 3.5 mm
Thunderbolt 4 USB-C
3 x USB 3.2
HDMI
LAN (RJ45)",Wi-Fi 6 (802.11ax),Bluetooth 5.2 ,HD,Windows,Dài 399 mm - Rộng 269 mm - Dày 23.9 mm,2.6,48,,Điện máy xanh,0,39.9,26.9,2.4,1.0,1.0
51,Dell,30490000,0,R7,8,3.2,4.4,DDR4,3200.0,8.0,16.0,15.6,512GB,Chống chói Anti Glare WVA,1920 x 1080,Nahimic Audio,NVIDIA RTX,"1 x USB 3.2
2 x USB 2.0
HDMI
Jack tai nghe 3.5 mm
LAN (RJ45)
USB Type-C",Wi-Fi 6 (802.11ax),Bluetooth 5.2 ,HD,Windows,Dài 357.2 mm - Rộng 272.1 mm - Dày 26.9 mm ,2.81,56,,Điện máy xanh,0,35.7,27.2,2.7,0.0,1.0
52,Asus,30190000,0,i7,16,2.8,4.7,LPDDR4X,4266.0,4.0,8.0,14.0,512GB,"Tấm nền IPS
Chống chói Anti Glare
LED Backlit
100% sRGB
400 nits",1920 x 1080,Audio by Harman/Kardon,Intel,"2 x Thunderbolt 4 USB-C
1 x USB 3.2
HDMI",Wi-Fi 6 (802.11ax),Bluetooth 5.0 ,HD IR,Windows,Dài 319 mm - Rộng 208 mm - Dày 13.9 mm,1.17,67,Micro SD,Điện máy xanh,0,31.9,20.8,1.4,1.0,1.0
53,Dell,30090000,0,i5,8,2.5,4.5,DDR4,2933.0,4.0,8.0,15.6,512GB,"LED Backlight - AntiGlare
100% sRGB
Độ sáng 300 nits
WVA",1920 x 1080,Realtek High Definition Audio,NVIDIA GTX,"Jack tai nghe 3.5 mm
2 x USB 3.2
HDMI
USB Type-C",Wi-Fi 6 (802.11ax),Bluetooth 5.1 ,HD,Windows,Dài 356.1 mm - Rộng 234.5 mm - Dày 18.9 mm,1.9,56,Micro SD,Điện máy xanh,0,35.6,23.4,1.9,0.0,0.0
54,MSI,29790000,0,i7,8,2.3,4.6,DDR4,3200.0,8.0,16.0,15.6,512GB,LED Tấm nền IPS,1920 x 1080,Nahimic Audio,NVIDIA RTX,"Jack tai nghe 3.5 mm
2 x USB 3.2
HDMI
LAN (RJ45)
USB 2.0
USB Type-C",Wi-Fi 6 (802.11ax),Bluetooth 5.2 ,HD,Windows,Dài 359 mm - Rộng 259 mm - Dày 24.9 mm,2.1,53,,Điện máy xanh,0,35.9,25.9,2.5,0.0,0.0
55,Gigabyte,29590000,0,i5,16,2.5,4.5,DDR4,3200.0,6.0,12.0,15.6,512GB,Chống chói Anti Glare Công nghệ IPS,1920 x 1080,DTS X:Ultra Audio,NVIDIA RTX,"2 x USB 3.2
HDMI
Jack tai nghe 3.5 mm
LAN (RJ45)
Mini DisplayPort
USB 2.0
USB Type-C",Wi-Fi 6 (802.11ax),Bluetooth 5.2 ,HD,Windows,Dài 361 mm - Rộng 258 mm - Dày 24.9 mm,2.2,41,SD,Điện máy xanh,0,36.1,25.8,2.5,0.0,1.0
56,Gigabyte,29590000,0,i5,16,2.7,4.5,DDR4,3200.0,6.0,12.0,15.6,512GB,Chống chói Anti Glare Công nghệ IPS,1920 x 1080,DTS X:Ultra Audio,NVIDIA RTX,"2 x USB 3.2
HDMI
Jack tai nghe 3.5 mm
LAN (RJ45)
Mini DisplayPort
USB 2.0
USB Type-C",Wi-Fi 6 (802.11ax),Bluetooth 5.2 ,HD,Windows,Dài 361 mm - Rộng 258 mm - Dày 24.9 mm,2.2,41,SD,Điện máy xanh,0,36.1,25.8,2.5,0.0,1.0
57,Dell,29490000,0,i7,16,2.6,5.0,DDR4,2933.0,6.0,12.0,15.6,512GB,LED WVA,1920 x 1080,Nahimic 3,NVIDIA GTX,"1 x USB 3.2
2 x USB 2.0
HDMI
Jack tai nghe 3.5 mm
LAN (RJ45)
USB Type-C",Wi-Fi 802.11 a/b/g/n/ac,Bluetooth 5.0 ,HD,Windows,Dài 364.46 mm - Rộng 254 mm - Dày 30.96 mm,2.58,51,SD,Điện máy xanh,0,36.4,25.4,3.1,0.0,0.0
58,Lenovo,29490000,0,i7,8,1.8,4.9,DDR4,2666.0,4.0,8.0,13.0,512GB,"Tấm nền IPS
450 nits Glossy
Dolby Vision",2160 x 1350,Dolby AudioPremium,Intel,"2 x USB Type-C (Power Delivery and DisplayPort)
USB Type-C
Jack tai nghe 3.5 mm",Wi-Fi 6 (802.11ax),Bluetooth 5.0 ,IR,Windows,Dài 297.4 mm - Rộng 207.4 mm - Dày 9.19 mm,1.1683,42,Micro SD,Điện máy xanh,0,29.7,20.7,0.9,0.0,0.0
59,Asus,29490000,0,i7,8,2.3,4.6,DDR4,3200.0,8.0,16.0,17.3,512GB,"250 nits
Chống chói Anti Glare
Tấm nền IPS",1920 x 1080,DTS Audio,NVIDIA RTX,"3 x USB 3.2
HDMI
Jack tai nghe 3.5 mm
LAN (RJ45)
Thunderbolt 4 USB-C",Wi-Fi 6 (802.11ax),Bluetooth 5.2 ,HD,Windows,Dài 399 mm - Rộng 269 mm - Dày 23.9 mm,2.6,48,,Điện máy xanh,0,39.9,26.9,2.4,1.0,1.0
60,HP,29390000,0,i7,8,2.2,5.0,DDR4,3200.0,8.0,16.0,16.1,512GB,"Wled-backlit
Tấm nền IPS
Chống chói Anti Glare",1920 x 1080,Bang & Olufsen audio,NVIDIA GTX,"Jack tai nghe 3.5 mm
HDMI
LAN (RJ45)
2 x USB 3.1
USB Type-C",Wi-Fi 6 (802.11ax),Bluetooth 5.0 ,HD,Windows,Dài 370 mm - Rộng 262.5 mm - Dày 23.5 mm,2.35,52.5,SD,Điện máy xanh,0,37.0,26.2,2.4,0.0,1.0
61,Acer,28990000,0,i7,8,2.3,4.6,DDR4,3200.0,8.0,16.0,15.6,512GB,"Acer ComfyView
LED Backlit
Tấm nền IPS",1920 x 1080,Acer TrueHarmony DTS X:Ultra Audio,NVIDIA RTX,"3 x USB 3.2
HDMI
Jack tai nghe 3.5 mm
LAN (RJ45)
USB Type-C",Wi-Fi 6 (802.11ax),Bluetooth 5.1 ,HD,Windows,Dài 363.4 mm - Rộng 255 mm - Dày 23.9 mm,2.2,57,,Điện máy xanh,0,36.3,25.5,2.4,0.0,0.0
62,Acer,28990000,0,i7,8,2.3,4.6,DDR4,3200.0,8.0,16.0,15.6,512GB,"Tấm nền IPS
LED Backlit
Acer ComfyView",1920 x 1080,Acer TrueHarmony DTS X:Ultra Audio,NVIDIA RTX,"Jack tai nghe 3.5 mm
3 x USB 3.2
HDMI
LAN (RJ45)
USB Type-C",Wi-Fi 6 (802.11ax),Bluetooth 5.1 ,HD,Windows,Dài 363.4 mm - Rộng 255 mm - Dày 23.9 mm,2.2,57,,Điện máy xanh,0,36.3,25.5,2.4,0.0,0.0
63,Lenovo,28590000,0,i5,16,2.4,4.2,LPDDR4X,4266.0,4.0,8.0,13.3,512GB,"300 nits Glossy
Chống chói Anti Glare
Dolby Vision
Tấm nền IPS",2560 x 1600,Audio by Harman/Kardon Dolby Atmos,Intel,"2 x Thunderbolt 4 USB-C
Jack tai nghe 3.5 mm
USB Type-C",Wi-Fi 6 (802.11ax),Bluetooth 5.0 ,HD IR,Windows,Dài 295.88 mm - Rộng 208.85 mm - Dày 15 mm,0.966,50,,Điện máy xanh,0,29.6,20.9,1.5,1.0,1.0
64,Asus,28490000,0,i7,8,3.3,4.8,DDR4,3200.0,4.0,8.0,15.6,512GB,"250 nits
Adaptive-Sync
Chống chói Anti Glare
Tấm nền IPS",1920 x 1080,DTS Audio,NVIDIA RTX,"3 x USB 3.2
HDMI
Jack tai nghe 3.5 mm
LAN (RJ45)
Thunderbolt 4 USB-C",Wi-Fi 6 (802.11ax),Bluetooth 5.1 ,,Windows,Dài 360 mm - Rộng 252 mm - Dày 19.9 mm,2.0,76,,Điện máy xanh,0,36.0,25.2,2.0,1.0,1.0
65,Lenovo,28490000,0,i7,8,2.8,4.7,DDR4,3200.0,4.0,8.0,14.0,512GB,300 nits Glossy Tấm nền IPS,1920 x 1080,Dolby Atmos Stereo speakers,Intel,"1 x USB 3.2 (Always on)
2 x Thunderbolt 4 USB-C
Jack tai nghe 3.5 mm",Wi-Fi 6 (802.11ax),Bluetooth 5.0 ,HD,Windows,Dài 320.4 mm - Rộng 214.6 mm - Dày 17.7 mm,1.43,71,,Điện máy xanh,0,32.0,21.5,1.8,1.0,0.0
66,Lenovo,28290000,0,i7,16,2.8,4.7,DDR4,3200.0,4.0,8.0,14.0,512GB,"100% sRGB
Tấm nền IPS
Độ sáng 300 nits",1920 x 1080,Dolby Audio Sound by Dynaudio,Intel,"1 x USB 3.2
1 x USB 3.2 (Always on)
HDMI
Jack tai nghe 3.5 mm
Thunderbolt 4 USB-C
USB Type-C (support data transfer, Power Delivery 3.0 and DisplayPort 1.4)",Wi-Fi 6 (802.11ax),Bluetooth 5.1 ,HD,Windows,Dài 320 mm - Rộng 216 mm - Dày 16.9 mm,1.5,60,Micro SD,Điện máy xanh,0,32.0,21.6,1.7,1.0,0.0
67,Acer,28990000,0,i5,16,2.7,4.5,DDR4,3200.0,6.0,12.0,15.6,512GB,"Acer ComfyView
LED Backlit
Tấm nền IPS",1920 x 1080,Acer TrueHarmony DTS X:Ultra Audio,NVIDIA RTX,"3 x USB 3.2
HDMI
Jack tai nghe 3.5 mm
LAN (RJ45)
USB Type-C",Wi-Fi 6 (802.11ax),Bluetooth 5.1 ,HD,Windows,Dài 363.4 mm - Rộng 255 mm - Dày 23.9 mm,2.2,57,,Điện máy xanh,0,36.3,25.5,2.4,0.0,0.0
68,Asus,27990000,0,i7,8,2.3,4.6,DDR4,3200.0,8.0,16.0,15.6,512GB,"Chống chói Anti Glare
LED Backlit
Tấm nền IPS",1920 x 1080,DTS X:Ultra Audio,NVIDIA RTX,"3 x USB 3.2
HDMI
Jack tai nghe 3.5 mm
LAN (RJ45)
USB Type-C",Wi-Fi 6 (802.11ax),Bluetooth 5.2 ,HD,Windows,Dài 359 mm - Rộng 256 mm - Dày 24.9 mm,2.3,48,,Điện máy xanh,0,35.9,25.6,2.5,0.0,1.0
69,HP,27990000,0,i7,8,2.6,5.0,DDR4,2933.0,6.0,12.0,15.6,512GB,"Tấm nền IPS
Chống chói Anti Glare
LED Backlit",1920 x 1080,Bang & Olufsen audio,NVIDIA GTX,"Jack tai nghe 3.5 mm
USB Type-C (Power Delivery and DisplayPort)
HDMI
LAN (RJ45)
3 x USB A",Wi-Fi 6 (802.11ax),Bluetooth 5.0 ,HD,Windows,Dài 360 mm - Rộng 256 mm - Dày 23.4 mm,2.23,52.5,SD,Điện máy xanh,0,36.0,25.6,2.3,0.0,1.0
70,Dell,27590000,0,R5,16,3.3,4.2,DDR4,3200.0,6.0,12.0,15.6,512GB,Chống chói Anti Glare WVA,1920 x 1080,Nahimic Audio,NVIDIA RTX,"1 x USB 3.2
2 x USB 2.0
HDMI
Jack tai nghe 3.5 mm
LAN (RJ45)
USB Type-C",Wi-Fi 6 (802.11ax),Bluetooth 5.2 ,HD,Windows,Dài 357.26 mm - Rộng 272.11 mm - Dày 26.9 mm,2.8,56,,Điện máy xanh,0,35.7,27.2,2.7,0.0,1.0
71,Asus,27490000,0,i5,8,2.4,4.2,LPDDR4X,4267.0,4.0,8.0,13.3,512GB,"100% DCI-P3
400 nits
OLED",1920 x 1080,Audio by Harman/Kardon SonicMaster audio,Intel,"1 x USB 3.2
2 x Thunderbolt 4 USB-C
HDMI",Wi-Fi 6 (802.11ax),Bluetooth 5.0 ,HD IR,Windows,Dài 305 mm - Rộng 211 mm - Dày 11.9 mm,1.3,67,,Điện máy xanh,0,30.5,21.1,1.2,1.0,0.0
72,Lenovo,27390000,0,i7,8,2.8,4.7,DDR4,3200.0,4.0,8.0,14.0,512GB,"100% sRGB
Tấm nền IPS
Độ sáng 300 nits",1920 x 1080,Dolby Audio Sound by Dynaudio,Intel,"1 x USB 3.2
1 x USB 3.2 (Always on)
HDMI
Jack tai nghe 3.5 mm
Thunderbolt 4 USB-C
USB Type-C (support data transfer, Power Delivery 3.0 and DisplayPort 1.4)",Wi-Fi 6 (802.11ax),Bluetooth 5.1 ,HD,Windows,Dài 320 mm - Rộng 216 mm - Dày 16.9 mm,1.5,60,Micro SD,Điện máy xanh,0,32.0,21.6,1.7,1.0,0.0
73,Gigabyte,26990000,0,i5,16,2.7,4.5,DDR4,3200.0,6.0,12.0,15.6,512GB,Chống chói Anti Glare Công nghệ IPS,1920 x 1080,DTS X:Ultra Audio,NVIDIA RTX,"2 x USB 3.2
HDMI
Jack tai nghe 3.5 mm
LAN (RJ45)
Mini DisplayPort
USB 2.0
USB Type-C",Wi-Fi 6 (802.11ax),Bluetooth 5.2 ,HD,Windows,Dài 361 mm - Rộng 258 mm - Dày 24.9 mm,2.2,41,SD,Điện máy xanh,0,36.1,25.8,2.5,0.0,1.0
74,Lenovo,26590000,0,i5,8,1.6,4.2,DDR4,2666.0,4.0,8.0,13.0,512GB,"Tấm nền IPS
450 nits Glossy
Dolby Vision",2160 x 1350,Dolby AudioPremium,Intel,"2 x USB Type-C (Power Delivery and DisplayPort)
USB Type-C
Jack tai nghe 3.5 mm",Wi-Fi 6 (802.11ax),Bluetooth 5.0 ,IR,Windows,Dài 297.4 mm - Rộng 207.4 mm - Dày 9.19 mm,1.1683,42,Micro SD,Điện máy xanh,0,29.7,20.7,0.9,0.0,0.0
75,Lenovo,25990000,0,i7,8,2.6,5.0,DDR4,2933.0,6.0,12.0,15.6,512GB,"Tấm nền IPS
Chống chói Anti-Glare
250 nits",1920 x 1080,Dolby Audio,NVIDIA GTX,"Jack tai nghe 3.5 mm
2 x USB 3.2
HDMI
LAN (RJ45)
USB Type-C",Wi-Fi 6 (802.11ax),Bluetooth 5.0 ,HD,Windows,Dài 359 mm - Rộng 249.6 mm - Dày 24.9 mm,2.2,45,,Điện máy xanh,0,35.9,25.0,2.5,0.0,1.0
76,Acer,27990000,0,i7,8,1.8,4.6,DDR4,2133.0,4.0,8.0,14.0,256GB,Tấm nền IPS,1920 x 1080,Acer TrueHarmony Dolby AudioPremium,Intel,"HDMI
2 x USB 3.0
USB Type-C
Jack tai nghe 3.5 mm",Wi-Fi 802.11 a/b/g/n/ac,Bluetooth 5.0 ,HD,Windows,Dài 329 mm - Rộng 228 mm - Dày 14.9 mm,0.94,,,Điện máy xanh,0,32.9,22.8,1.5,0.0,0.0
77,Asus,25690000,0,i5,8,2.7,4.5,DDR4,3200.0,6.0,12.0,15.6,512GB,"Chống chói Anti Glare
LED Backlit
Tấm nền IPS",1920 x 1080,DTS X:Ultra Audio,NVIDIA RTX,"3 x USB 3.2
HDMI
Jack tai nghe 3.5 mm
LAN (RJ45)
USB Type-C",Wi-Fi 6 (802.11ax),Bluetooth 5.2 ,HD,Windows,Dài 359 mm - Rộng 256 mm - Dày 24.9 mm,2.3,48,,Điện máy xanh,0,35.9,25.6,2.5,0.0,1.0
78,Asus,25690000,0,i5,8,2.7,4.5,DDR4,2933.0,6.0,12.0,15.6,512GB,Tấm nền IPS Chống chói Anti Glare,1920 x 1080,DTS X:Ultra Audio,NVIDIA RTX,"Jack tai nghe 3.5 mm
Thunderbolt 4 USB-C
3 x USB 3.2
HDMI
LAN (RJ45)",Wi-Fi 6 (802.11ax),Bluetooth 5.2 ,HD,Windows,Dài 359 mm - Rộng 256 mm - Dày 24.9 mm,2.3,48,,Điện máy xanh,0,35.9,25.6,2.5,1.0,1.0
79,Dell,25590000,0,R5,8,3.0,4.0,DDR4,3200.0,6.0,12.0,15.6,512GB,Chống chói Anti Glare WVA,1920 x 1080,Nahimic Audio,AMD,"Jack tai nghe 3.5 mm
1 x USB 3.2
HDMI
LAN (RJ45)
2 x USB 2.0
Mini DisplayPort
USB Type-C",Wi-Fi 802.11 a/b/g/n/ac,Bluetooth 5.0 ,HD,Windows,Dài 364.46 mm - Rộng 254 mm - Dày 30.9 mm,2.5,51,SD,Điện máy xanh,0,36.4,25.4,3.1,0.0,1.0
80,Dell,25590000,0,R5,8,3.0,4.0,DDR4,3200.0,6.0,12.0,15.6,512GB,Chống chói Anti Glare WVA,1920 x 1080,Nahimic Audio,AMD,"Jack tai nghe 3.5 mm
1 x USB 3.2
HDMI
LAN (RJ45)
2 x USB 2.0
Mini DisplayPort
USB Type-C",Wi-Fi 802.11 a/b/g/n/ac,Bluetooth 5.0 ,HD,Windows,Dài 364.46 mm - Rộng 254 mm - Dày 30.9 mm,2.5,51,SD,Điện máy xanh,0,36.4,25.4,3.1,0.0,1.0
81,Lenovo,25590000,0,i5,8,2.4,4.2,DDR4,3200.0,4.0,8.0,14.0,512GB,300 nits Glossy Tấm nền IPS,1920 x 1080,Dolby Atmos Stereo speakers,Intel,"1 x USB 3.2 (Always on)
2 x Thunderbolt 4 USB-C
Jack tai nghe 3.5 mm",Wi-Fi 6 (802.11ax),Bluetooth 5.0 ,HD,Windows,Dài 320.4 mm - Rộng 214.6 mm - Dày 17.7 mm,1.43,71,,Điện máy xanh,0,32.0,21.5,1.8,1.0,0.0
82,Dell,25490000,0,i7,8,2.8,4.7,DDR4,3200.0,,,14.0,512GB,"60Hz
Chống chói Anti Glare
WVA
LED Backlit",1920 x 1080,Realtek High Definition Audio,NVIDIA MX,"2 x USB 3.2
HDMI
LAN (RJ45)
USB 2.0
USB Type-C",Wi-Fi 802.11 a/b/g/n/ac,Bluetooth 5.0 ,HD,Windows,Dài Dài 328.7 mm - Rộng Rộng 239.5 mm - Dày Dày 19.9 mm,1.64,42,SD,Điện máy xanh,0,32.9,23.9,2.0,0.0,1.0
83,Lenovo,25490000,0,i5,16,2.4,4.2,DDR4,3200.0,4.0,8.0,14.0,512GB,"100% sRGB
Tấm nền IPS
Độ sáng 300 nits",1920 x 1080,Dolby Audio Sound by Dynaudio,Intel,"1 x USB 3.2
1 x USB 3.2 (Always on)
HDMI
Jack tai nghe 3.5 mm
Thunderbolt 4 USB-C
USB Type-C (support data transfer, Power Delivery 3.0 and DisplayPort 1.4)",Wi-Fi 6 (802.11ax),Bluetooth 5.1 ,HD,Windows,Dài 320 mm - Rộng 216 mm - Dày 16.9 mm,1.5,60,Micro SD,Điện máy xanh,0,32.0,21.6,1.7,1.0,0.0
84,Acer,26490000,0,i5,8,2.7,4.5,DDR4,3200.0,6.0,12.0,15.6,512GB,"Acer ComfyView
LED Backlit
Tấm nền IPS",1920 x 1080,Acer TrueHarmony DTS X:Ultra Audio,NVIDIA RTX,"3 x USB 3.2
HDMI
Jack tai nghe 3.5 mm
LAN (RJ45)
USB Type-C",Wi-Fi 6 (802.11ax),Bluetooth 5.1 ,HD,Windows,Dài 363.4 mm - Rộng 255 mm - Dày 23.9 mm,2.2,57,,Điện máy xanh,0,36.3,25.5,2.4,0.0,0.0
85,Acer,24990000,0,i5,8,2.7,4.5,DDR4,3200.0,6.0,12.0,15.6,512GB,"Tấm nền IPS
LED Backlit
Acer ComfyView",1920 x 1080,Acer TrueHarmony DTS X:Ultra Audio,NVIDIA RTX,"Jack tai nghe 3.5 mm
3 x USB 3.2
HDMI
LAN (RJ45)
USB Type-C",Wi-Fi 6 (802.11ax),Bluetooth 5.1 ,HD,Windows,Dài 363.4 mm - Rộng 255 mm - Dày 23.9 mm,2.2,57,,Điện máy xanh,0,36.3,25.5,2.4,0.0,0.0
86,Lenovo,24390000,0,i5,8,2.4,4.2,DDR4,3200.0,4.0,8.0,14.0,512GB,"100% sRGB
Tấm nền IPS
Độ sáng 300 nits",1920 x 1080,Dolby Audio Sound by Dynaudio,Intel,"1 x USB 3.2
1 x USB 3.2 (Always on)
HDMI
Jack tai nghe 3.5 mm
Thunderbolt 4 USB-C
USB Type-C (support data transfer, Power Delivery 3.0 and DisplayPort 1.4)",Wi-Fi 6 (802.11ax),Bluetooth 5.1 ,HD,Windows,Dài 320 mm - Rộng 216 mm - Dày 16.9 mm,1.5,60,Micro SD,Điện máy xanh,0,32.0,21.6,1.7,1.0,0.0
87,HP,24290000,0,R5,8,3.3,4.2,DDR4,3200.0,6.0,12.0,16.1,512GB,"250 nits
Chống chói Anti Glare
Công nghệ IPS",1920 x 1080,Bang & Olufsen audio HP Audio Boost,NVIDIA RTX,"3x SuperSpeed USB A
HDMI
Jack tai nghe 3.5 mm
LAN (RJ45)
USB Type-C",Wi-Fi 6 (802.11ax),Bluetooth 5.2 ,HD,Windows,Dài 370 mm - Rộng 260 mm - Dày 23.5 mm,2.46,70,SD,Điện máy xanh,0,37.0,26.0,2.4,0.0,1.0
88,Dell,24090000,0,i7,8,2.8,4.7,DDR4,3200.0,4.0,8.0,15.6,512GB,Chống chói Anti Glare WVA,1920 x 1080,Realtek High Definition Audio,NVIDIA MX,"2 x USB 3.2
HDMI
Jack tai nghe 3.5 mm
LAN (RJ45)
USB 2.0",Wi-Fi 802.11 a/b/g/n/ac,,HD,Windows,Dài 363.96 mm - Rộng 249 mm - Dày 19.9 mm,1.91,42,SD,Điện máy xanh,0,36.4,24.9,2.0,0.0,1.0
89,Dell,23790000,0,i7,8,2.8,4.7,DDR4,3200.0,,,15.6,512GB,"60Hz
Chống chói Anti Glare
WVA",1920 x 1080,Realtek High Definition Audio,NVIDIA MX,"2 x USB 3.2
HDMI
LAN (RJ45)
USB 2.0
USB Type-C",Wi-Fi 802.11 a/b/g/n/ac,Bluetooth 5.0 ,HD,Windows,Dài 363.96 mm - Rộng 249 mm - Dày 19.9 mm,1.91,42,SD,Điện máy xanh,0,36.4,24.9,2.0,0.0,1.0
90,Asus,23790000,0,i5,8,2.4,4.2,LPDDR4X,4267.0,4.0,8.0,13.3,512GB,"100% DCI-P3
400 nits
OLED",1920 x 1080,Audio by Harman/Kardon,Intel,"1 x USB 3.2
2 x Thunderbolt 4 USB-C
HDMI",Wi-Fi 6 (802.11ax),Bluetooth 5.0 ,HD IR,Windows,Dài 304.2 mm - Rộng 203 mm - Dày 13.9 mm,1.14,67,Micro SD,Điện máy xanh,0,30.4,20.3,1.4,1.0,0.0
91,Asus,23490000,0,i5,8,2.4,4.2,LPDDR4X,4266.0,4.0,8.0,14.0,512GB,"Tấm nền IPS
Chống chói Anti Glare
LED Backlit
100% sRGB
400 nits",1920 x 1080,Audio by Harman/Kardon,Intel,"2 x Thunderbolt 4 USB-C
1 x USB 3.2
HDMI",Wi-Fi 6 (802.11ax),Bluetooth 5.0 ,HD IR,Windows,Dài 319 mm - Rộng 208 mm - Dày 13.9 mm,1.17,67,Micro SD,Điện máy xanh,0,31.9,20.8,1.4,1.0,1.0
92,HP,22790000,0,R5,8,3.3,4.2,DDR4,3200.0,6.0,12.0,16.1,512GB,"250 nits
Chống chói Anti Glare
Công nghệ IPS",1920 x 1080,Bang & Olufsen audio HP Audio Boost,NVIDIA GTX,"3x SuperSpeed USB A
HDMI
Jack tai nghe 3.5 mm
LAN (RJ45)
USB Type-C",Wi-Fi 6 (802.11ax),Bluetooth 5.2 ,HD,Windows,Dài 370 mm - Rộng 260 mm - Dày 23.5 mm,2.46,70,SD,Điện máy xanh,0,37.0,26.0,2.4,0.0,1.0
93,Acer,22990000,0,i5,16,2.4,4.2,LPDDR4X,4266.0,4.0,8.0,13.5,512GB,ACER CineCrystal LED Backlit Tấm nền IPS,2256 x 1504,Acer TrueHarmony DTS Audio,Intel,"2 x USB 3.2
HDMI
Jack tai nghe 3.5 mm
Thunderbolt 4 USB-C",Wi-Fi 6 (802.11ax),Bluetooth 5.1 ,HD,Windows,Dài 302.5 mm - Rộng 233.88 mm - Dày 15.95 mm,1.19,56,,Điện máy xanh,0,30.2,23.4,1.6,1.0,0.0
94,Dell,22990000,0,i5,8,3.1,4.4,DDR4,3200.0,4.0,8.0,15.6,512GB,LED Backlight WVA,1920 x 1080,Realtek High Definition Audio,Intel,"2 x USB 3.2
HDMI
Jack tai nghe 3.5 mm
LAN (RJ45)
USB Type-C (Power Delivery and DisplayPort)",Wi-Fi 6 (802.11ax),Bluetooth 5.1 ,HD,Windows,Dài 356 mm - Rộng 228 mm - Dày 17.9 mm,1.75,54,SD,Điện máy xanh,0,35.6,22.8,1.8,0.0,0.0
95,MSI,22990000,0,i7,8,2.6,5.0,DDR4,3200.0,6.0,12.0,15.6,512GB,Chống chói Anti Glare Công nghệ IPS,1920 x 1080,Hi-Res Audio Nahimic Audio,NVIDIA GTX,"3 x USB 3.2
HDMI
Jack tai nghe 3.5 mm
LAN (RJ45)
USB Type-C",Wi-Fi 6 (802.11ax),Bluetooth 5.1 ,HD,Windows,Dài 359 mm - Rộng 254 mm - Dày 21.7 mm,1.86,51,,Điện máy xanh,0,35.9,25.4,2.2,0.0,1.0
96,Dell,22090000,0,i5,8,2.4,4.2,DDR4,3200.0,4.0,8.0,15.6,512GB,Chống chói Anti Glare WVA,1920 x 1080,Realtek High Definition Audio,NVIDIA MX,"2 x USB 3.2
HDMI
Jack tai nghe 3.5 mm
LAN (RJ45)
USB 2.0",Wi-Fi 802.11 a/b/g/n/ac,,HD,Windows,Dài 363.96 mm - Rộng 249 mm - Dày 19.9 mm,1.91,42,SD,Điện máy xanh,0,36.4,24.9,2.0,0.0,1.0
97,Asus,21690000,0,i5,8,2.5,4.5,DDR4,2933.0,4.0,8.0,15.6,512GB,Tấm nền IPS Chống chói Anti Glare,1920 x 1080,DTS X:Ultra Audio,NVIDIA GTX,"Jack tai nghe 3.5 mm
2 x USB 3.2
HDMI
LAN (RJ45)
USB 2.0
USB Type-C",Wi-Fi 6 (802.11ax),Bluetooth 5.0 ,HD,Windows,Dài 359 mm - Rộng 256 mm - Dày 24.9 mm,2.3,48,,Điện máy xanh,0,35.9,25.6,2.5,0.0,1.0
98,Lenovo,21490000,0,i7,8,2.8,4.7,DDR4,3200.0,4.0,8.0,14.0,512GB,250 nits Tấm nền IPS,1920 x 1080,Dolby AudioPremium,Intel,"2 x USB 3.2
HDMI
Jack tai nghe 3.5 mm
LAN (RJ45)
Thunderbolt 4 USB-C
USB Type-C",Wi-Fi 6 (802.11ax),Bluetooth 5.1 ,HD,Windows,Dài 323 mm - Rộng 218 mm - Dày 17.9 mm,1.4,45,SD,Điện máy xanh,0,32.3,21.8,1.8,1.0,0.0
99,Lenovo,21090000,0,i5,8,2.4,4.2,DDR4,3200.0,4.0,8.0,15.6,512GB,"Chống chói Anti Glare
Tấm nền IPS
Độ sáng 300 nits",1920 x 1080,Dolby AudioPremium,NVIDIA MX,"2 x USB 3.2
HDMI
Jack tai nghe 3.5 mm
USB Type-C (Power Delivery and DisplayPort)",Wi-Fi 6 (802.11ax),Bluetooth 5.1 ,HD,Windows,Dài 356.67 mm - Rộng 233.13 mm - Dày 19.9 mm,1.66,57,SD,Điện máy xanh,0,35.7,23.3,2.0,0.0,1.0
100,Acer,20990000,0,i5,8,2.4,4.1,DDR4,2666.0,4.0,8.0,15.6,512GB,Tấm nền IPS Chống chói Anti Glare,1920 x 1080,Acer TrueHarmony,NVIDIA GTX,"LAN (RJ45)
USB 2.0
HDMI
USB Type-C
2 x USB 3.2
Jack tai nghe 3.5 mm",Wi-Fi 6 (802.11ax),Bluetooth 5.0 ,HD,Windows,Dài 363.4 mm - Rộng 254.5 mm - Dày 20.9 mm,2.1,48,,Điện máy xanh,0,36.3,25.4,2.1,0.0,1.0
101,Dell,20990000,0,i5,8,2.4,4.2,DDR4,2666.0,4.0,8.0,15.6,512GB,"60Hz
Chống chói Anti Glare
LED Backlit
WVA",1920 x 1080,Realtek High Definition Audio,Intel,"2 x USB 3.1
HDMI
Jack tai nghe 3.5 mm
LAN (RJ45)
USB 2.0",Wi-Fi 802.11 a/b/g/n/ac,Bluetooth 5.0 ,HD,Windows,Dài 364 mm - Rộng 249 mm - Dày 19.9 mm,1.98,42,SD,Điện máy xanh,0,36.4,24.9,2.0,0.0,1.0
102,Asus,20490000,0,i5,8,2.4,4.2,DDR4,3200.0,4.0,8.0,15.6,512GB,"100% sRGB
Tấm nền IPS
Độ sáng 300 nits",1920 x 1080,Audio by Harman/Kardon,NVIDIA MX,"2 x USB 2.0
HDMI
Jack tai nghe 3.5 mm
USB 3.1
USB Type-C",Wi-Fi 6 (802.11ax),Bluetooth 5.0 ,HD,Windows,Dài 359 mm - Rộng 235 mm - Dày 17.9 mm,1.8,42,Micro SD,Điện máy xanh,0,35.9,23.5,1.8,0.0,0.0
103,Asus,20790000,0,i5,8,2.4,4.2,DDR4,3200.0,4.0,8.0,15.6,512GB,"100% sRGB
Chống chói Anti Glare
Tấm nền IPS
Độ sáng 300 nits",1920 x 1080,Audio by Harman/Kardon,NVIDIA MX,"2 x USB 2.0
HDMI
Jack tai nghe 3.5 mm
USB 3.1
USB Type-C",Wi-Fi 6 (802.11ax),Bluetooth 5.0 ,HD,Windows,Dài 359 mm - Rộng 235 mm - Dày 17.9 mm,1.8,42,Micro SD,Điện máy xanh,0,35.9,23.5,1.8,0.0,1.0
104,HP,20090000,0,i5,4,2.4,4.2,DDR4,3200.0,4.0,8.0,14.0,512GB,"250 nits
60Hz
Chống chói Anti Glare
Công nghệ IPS",1920 x 1080,HP Audio Boost,Intel,"3x SuperSpeed USB A
HDMI
Jack tai nghe 3.5 mm
LAN (RJ45)
USB Type-C (Power Delivery and DisplayPort)",Wi-Fi 6 (802.11ax),Bluetooth 5.0 ,HD,Windows,Dài 321.9 mm - Rộng 213.9 mm - Dày 19.9 mm,1.38,45,Micro SD,Điện máy xanh,0,32.2,21.4,2.0,0.0,1.0
105,HP,20090000,0,i7,8,2.8,4.7,DDR4,3200.0,4.0,8.0,15.6,512GB,"Wled-backlit
Tấm nền IPS
Chống chói Anti Glare",1920 x 1080,Realtek High Definition Audio,Intel,"USB Type-C
HDMI
2 x USB 3.1
Jack tai nghe 3.5 mm",Wi-Fi 802.11 a/b/g/n/ac,Bluetooth 4.2 ,HD,Windows,Dài 358.5 mm - Rộng 242 mm - Dày 18 mm,1.5919999999999999,41,SD,Điện máy xanh,0,35.9,24.2,1.8,0.0,1.0
106,Acer,19990000,0,i5,8,2.4,4.2,DDR4,2666.0,4.0,8.0,14.0,1TB,Acer ComfyView Tấm nền IPS,1920 x 1080,Acer TrueHarmony,Intel,"3 x USB 3.2
HDMI
Jack tai nghe 3.5 mm
LAN (RJ45)
USB Type-C",Wi-Fi 6 (802.11ax),Bluetooth 5.1 ,HD,Windows,Dài 328 mm - Rộng 223 mm - Dày 17.95 mm,1.46,48,,Điện máy xanh,0,32.8,22.3,1.8,0.0,0.0
107,Dell,19990000,0,i5,4,2.4,4.2,DDR4,2666.0,4.0,8.0,15.6,512GB,Chống chói Anti Glare WVA,1920 x 1080,Realtek ALC3204,Intel,"2 x USB 3.2
HDMI
Jack tai nghe 3.5 mm
USB 2.0",Wi-Fi 802.11 a/b/g/n/ac,Bluetooth 5.0 ,HD,Windows,Dài 358.5 mm - Rộng 235.5 mm - Dày 18.9 mm,1.7,41,SD,Điện máy xanh,0,35.9,23.6,1.9,0.0,1.0
108,Asus,19490000,0,i5,8,2.4,4.2,DDR4,3200.0,,,14.0,512GB,"60Hz
Chống chói Anti Glare
Tấm nền IPS
LED Backlit",1920 x 1080,Audio by Harman/Kardon,Intel,"1 x USB 3.2
Thunderbolt 4 USB-C
2 x USB 2.0
HDMI",Wi-Fi 6 (802.11ax),Bluetooth 5.0 ,HD,Windows,Dài Dài 324 mm - - Rộng Rộng 213 mm - Dày Dày 15.9 mm,1.4,50,Micro SD,Điện máy xanh,0,32.4,21.3,1.6,1.0,1.0
109,Asus,19490000,0,R7,8,2.0,4.1,DDR4,3200.0,8.0,8.0,14.0,512GB,"250 nits
LED Backlit
Tấm nền IPS",1920 x 1080,Audio by Harman/Kardon,AMD,"1 x USB 3.2
HDMI
Jack tai nghe 3.5 mm
USB 2.0
USB Type-C",Wi-Fi 6 (802.11ax),Bluetooth 5.0 ,HD,Windows,Dài 324 mm - Rộng 220 mm - Dày 18.2 mm,1.5,,Micro SD,Điện máy xanh,0,32.4,22.0,1.8,0.0,0.0
110,HP,19090000,0,i7,8,2.8,4.7,DDR4,3200.0,4.0,8.0,15.6,512GB,250 nits Viền màn hình mỏng,1366 x 768,HP Audio Boost Realtek High Definition Audio,Intel,"2x SuperSpeed USB A
HDMI
Jack tai nghe 3.5 mm
USB Type-C",Wi-Fi 802.11 a/b/g/n/ac,Bluetooth 4.2 ,HD,Windows,Dài 358.5 mm - Rộng 242 mm - Dày 18 mm,1.7,41,SD,Điện máy xanh,0,35.9,24.2,1.8,0.0,0.0
111,Dell,18990000,0,i3,8,2.0,3.7,LPDDR4X,4267.0,4.0,8.0,13.3,256GB,"Chống chói Anti Glare
100% sRGB
Độ sáng 300 nits
WVA",1920 x 1200,High Definition (HD) Audio,Intel,"Jack tai nghe 3.5 mm
2 x Thunderbolt 4 USB-C
HDMI
1 x USB 3.2 (Always on)",Wi-Fi 6 (802.11ax),Bluetooth 5.1 ,HD,Windows,Dài 296.78 mm - Rộng 210 mm - Dày 15.9 mm,1.28,54,,Điện máy xanh,0,29.7,21.0,1.6,1.0,1.0
112,Lenovo,18890000,0,i5,8,2.4,4.2,DDR4,3200.0,4.0,8.0,15.6,512GB,Chống chói Anti Glare Tấm nền IPS,1920 x 1080,Dolby AudioPremium,Intel,"2 x USB 3.2
HDMI
Jack tai nghe 3.5 mm
USB Type-C (Power Delivery and DisplayPort)",Wi-Fi 6 (802.11ax),Bluetooth 5.1 ,HD,Windows,Dài 356.67 mm - Rộng 233.13 mm - Dày 17.9 mm,1.66,45,SD,Điện máy xanh,0,35.7,23.3,1.8,0.0,1.0
113,HP,18790000,0,i5,8,2.4,4.2,DDR4,3200.0,4.0,8.0,15.6,512GB,"Wled-backlit
Tấm nền IPS
Chống chói Anti Glare",1920 x 1080,Bang & Olufsen audio,Intel,"2 x USB 3.1
HDMI
USB Type-C
Jack tai nghe 3.5 mm",Wi-Fi 802.11 a/b/g/n/ac,Bluetooth 5.0 ,HD,Windows,Dài 360.2 mm - Rộng 234 mm - Dày 17.9 mm,1.6769999999999998,41,Micro SD,Điện máy xanh,0,36.0,23.4,1.8,0.0,1.0
114,Asus,18790000,0,i5,8,2.4,4.2,DDR4,3200.0,4.0,8.0,14.0,512GB,"100% sRGB
250 nits
Chống chói Anti Glare
Tấm nền IPS",1920 x 1080,Audio by Harman/Kardon,Intel,"2 x USB 2.0
HDMI
Jack tai nghe 3.5 mm
USB 3.1
USB Type-C",Wi-Fi 6 (802.11ax),Bluetooth 5.0 ,HD,Windows,Dài 324 mm - Rộng 215 mm - Dày 17.9 mm,1.4,42,Micro SD,Điện máy xanh,0,32.4,21.5,1.8,0.0,1.0
115,Asus,18690000,0,i5,8,2.4,4.2,DDR4,3200.0,4.0,8.0,15.6,512GB,"250 nits
Chống chói Anti Glare
Công nghệ IPS
LED Backlit",1920 x 1080,SonicMaster audio,NVIDIA MX,"1 x USB 3.2
2 x USB 2.0
HDMI
Jack tai nghe 3.5 mm
USB Type-C",Wi-Fi 802.11 a/b/g/n/ac,Bluetooth 4.1,VGA,Windows,Dài 360.2 mm - Rộng 234.9 mm - Dày 19.9 mm,1.8,37,,Điện máy xanh,0,36.0,23.5,2.0,0.0,1.0
116,Dell,18590000,0,i5,4,2.4,4.2,DDR4,2666.0,4.0,8.0,15.6,512GB,"Chống chói Anti Glare
WVA
LED Backlight",1920 x 1080,Realtek High Definition Audio,Intel,"2 x USB 3.2
LAN (RJ45)
USB 2.0
HDMI
Jack tai nghe 3.5 mm",Wi-Fi 802.11 a/b/g/n/ac,Bluetooth 5.0 ,HD,Windows,Dài 363.96 mm - Rộng 249 mm - Dày 19.9 mm,1.96,42,SD,Điện máy xanh,0,36.4,24.9,2.0,0.0,1.0
117,Dell,18890000,0,i5,8,2.4,4.2,DDR4,2666.0,4.0,8.0,14.0,256GB,Chống chói Anti Glare WVA,1920 x 1080,Realtek High Definition Audio,Intel,"2 x USB 3.2
HDMI
Jack tai nghe 3.5 mm
LAN (RJ45)
USB 2.0",Wi-Fi 802.11 a/b/g/n/ac,,HD,Windows,Dài 328.7 mm - Rộng 239.5 mm - Dày 19.9 mm,1.64,42,SD,Điện máy xanh,0,32.9,23.9,2.0,0.0,1.0
118,Dell,18090000,0,R5,8,2.1,3.7,DDR4,2400.0,4.0,8.0,14.0,512GB,"220 nits
Chống chói Anti Glare
LED Backlit
WVA",1920 x 1080,Realtek High Definition Audio,AMD,"Jack tai nghe 3.5 mm
2 x USB 3.2
HDMI
LAN (RJ45)
USB 2.0",Wi-Fi 802.11 a/b/g/n/ac,Bluetooth 5.0 ,HD,Windows,Dài 328.7 mm - Rộng 239.5 mm - Dày 19.9 mm,1.7,42,SD,Điện máy xanh,0,32.9,23.9,2.0,0.0,1.0
119,HP,18090000,0,i5,8,1.0,3.6,DDR4,2666.0,4.0,8.0,14.0,512GB,Chống chói Anti Glare Tấm nền IPS,1920 x 1080,Realtek High Definition Audio Loa kép (2 kênh),Intel,"HDMI
USB Type-C
2 x USB 3.1
Jack tai nghe 3.5 mm",Wi-Fi 802.11 a/b/g/n/ac,Bluetooth 5.0 ,HD,Windows,Dài 324 mm - Rộng 225 mm - Dày 17.9 mm,1.38,41,SD,Điện máy xanh,0,32.4,22.5,1.8,0.0,1.0
120,HP,17790000,0,i5,8,2.4,4.2,DDR4,3200.0,4.0,8.0,15.6,256GB,"Tấm nền IPS
Chống chói Anti Glare
Wled-backlit",1920 x 1080,Bang & Olufsen audio,Intel,"HDMI
2 x USB 3.1
USB Type-C
Jack tai nghe 3.5 mm",Wi-Fi 802.11 a/b/g/n/ac,Bluetooth 5.0 ,HD,Windows,Dài 360.2 mm - Rộng 234 mm - Dày 17.9 mm,1.682,41,Micro SD,Điện máy xanh,0,36.0,23.4,1.8,0.0,1.0
121,Lenovo,17590000,0,i5,8,2.4,4.2,DDR4,3200.0,4.0,8.0,15.6,512GB,"250 nits
Chống chói Anti Glare
Tấm nền TN",1920 x 1080,High Definition (HD) Audio Dolby Audio,Intel,"Jack tai nghe 3.5 mm
1 x USB 3.2
HDMI
USB 2.0
USB Type-C",Wi-Fi 802.11 a/b/g/n/ac,Bluetooth 5.0 ,HD,Windows,Dài 359.2 mm - Rộng 236.5 mm - Dày 19.9 mm,1.65,38,SD,Điện máy xanh,0,35.9,23.6,2.0,0.0,1.0
122,Asus,17290000,0,i5,8,2.4,4.2,DDR4,3200.0,4.0,8.0,14.0,512GB,"250 nits
Chống chói Anti Glare
LED Backlit
Tấm nền IPS",1920 x 1080,SonicMaster audio,Intel,"1 x USB 3.2
2 x USB 2.0
HDMI
Jack tai nghe 3.5 mm
USB Type-C",Wi-Fi 802.11 a/b/g/n/ac,Bluetooth 4.1,VGA,Windows,Dài 325.4 mm - Rộng 216 mm - Dày 19.9 mm,1.55,37,,Điện máy xanh,0,32.5,21.6,2.0,0.0,1.0
123,MSI,16990000,0,R5,8,2.1,4.0,DDR4,3200.0,6.0,12.0,14.0,512GB,Công nghệ IPS LED,1920 x 1080,Nahimic Audio,AMD,"2 x USB 3.2
HDMI
Jack tai nghe 3.5 mm
USB Type-C",Wi-Fi 6E (802.11ax),Bluetooth 5.2 ,HD,Windows,Dài 319 mm - Rộng 219 mm - Dày 18.1 mm,1.3,39,Micro SD,Điện máy xanh,0,31.9,21.9,1.8,0.0,0.0
124,HP,16190000,0,i5,4,2.4,4.2,DDR4,3200.0,4.0,8.0,14.0,256GB,"250 nits
Chống chói Anti Glare
Tấm nền IPS",1920 x 1080,Stereo speakers,Intel,"2x SuperSpeed USB A
HDMI
Jack tai nghe 3.5 mm
LAN (RJ45)
USB Type-C",Wi-Fi 802.11 a/b/g/n/ac,Bluetooth 5.0 ,HD,Windows,Dài 324 mm - Rộng 225.9 mm - Dày 19.9 mm,1.47,41,SD,Điện máy xanh,0,32.4,22.6,2.0,0.0,1.0
125,Dell,16090000,0,R5,4,2.1,3.7,DDR4,2400.0,4.0,8.0,14.0,256GB,"220 nits
Chống chói Anti Glare
LED Backlit
WVA",1920 x 1080,Realtek High Definition Audio,AMD,"Jack tai nghe 3.5 mm
2 x USB 3.2
HDMI
LAN (RJ45)
USB 2.0",Wi-Fi 802.11 a/b/g/n/ac,Bluetooth 5.0 ,HD,Windows,Dài 328.7 mm - Rộng 239.5 mm - Dày 19.9 mm,1.7,42,SD,Điện máy xanh,0,32.9,23.9,2.0,0.0,1.0
126,Asus,16290000,0,i3,8,3.0,4.1,DDR4,3200.0,2.0,4.0,14.0,512GB,"250 nits
60Hz
Chống chói Anti Glare
Tấm nền IPS",1920 x 1080,Audio by Harman/Kardon,Intel,"3 x USB 2.0
HDMI
USB Type-C",Wi-Fi 6 (802.11ax),Bluetooth 5.0 ,HD,Windows,Dài 324 mm - Rộng 215 mm - Dày 17.9 mm,1.4,42,Micro SD,Điện máy xanh,0,32.4,21.5,1.8,0.0,1.0
127,Asus,15990000,0,i3,8,3.0,4.1,DDR4,3200.0,2.0,4.0,14.0,512GB,"250 nits
Chống chói Anti Glare
Tấm nền IPS",1920 x 1080,Audio by Harman/Kardon,Intel,"3 x USB 2.0
HDMI
Jack tai nghe 3.5 mm
USB Type-C",Wi-Fi 6 (802.11ax),Bluetooth 5.0 ,HD,Windows,Dài 324 mm - Rộng 215 mm - Dày 17.9 mm,1.4,42,Micro SD,Điện máy xanh,0,32.4,21.5,1.8,0.0,1.0
128,Dell,15690000,0,i3,8,3.0,4.1,DDR4,2666.0,2.0,4.0,14.0,256GB,Chống chói Anti Glare WVA,1920 x 1080,Realtek High Definition Audio,Intel,"2 x USB 3.2
HDMI
Jack tai nghe 3.5 mm
LAN (RJ45)
USB 2.0",Wi-Fi 802.11 a/b/g/n/ac,,HD,Windows,Dài 328.7 mm - Rộng 239.5 mm - Dày 19.9 mm,1.64,42,SD,Điện máy xanh,0,32.9,23.9,2.0,0.0,1.0
129,Dell,15290000,0,i3,4,3.0,4.1,DDR4,2666.0,2.0,4.0,15.6,256GB,Chống chói Anti Glare WVA,1920 x 1080,Realtek ALC3204,Intel,"2 x USB 3.2
HDMI
Jack tai nghe 3.5 mm
USB 2.0",Wi-Fi 802.11 a/b/g/n/ac,Bluetooth 5.0 ,HD,Windows,Dài 358.5 mm - Rộng 235.5 mm - Dày 18.9 mm,1.7,41,SD,Điện máy xanh,0,35.9,23.6,1.9,0.0,1.0
130,Dell,14990000,0,R3,8,2.6,3.5,DDR4,2400.0,2.0,4.0,15.6,256GB,Chống chói Anti Glare WVA,1920 x 1080,Realtek High Definition Audio,AMD,"2 x USB 3.1
HDMI
LAN (RJ45)
USB 2.0",Wi-Fi 802.11 a/b/g/n/ac,,HD,Windows,Dài 363.9 mm - Rộng 249 mm - Dày 19.9 mm,1.8,42,SD,Điện máy xanh,0,36.4,24.9,2.0,0.0,1.0
131,Dell,14690000,0,i3,4,3.0,4.1,DDR4,2666.0,2.0,4.0,15.6,256GB,"Chống chói Anti Glare
LED Backlight
WVA",1920 x 1080,Realtek High Definition Audio,Intel,"Jack tai nghe 3.5 mm
2 x USB 3.2
HDMI
LAN (RJ45)
USB 2.0",Wi-Fi 802.11 a/b/g/n/ac,Bluetooth 5.0 ,HD,Windows,Dài 363.96 mm - Rộng 249 mm - Dày 19.9 mm,1.96,42,SD,Điện máy xanh,0,36.4,24.9,2.0,0.0,1.0
132,MSI,14390000,0,i3,8,3.0,4.1,DDR4,3200.0,2.0,4.0,14.0,256GB,"250 nits
Chống chói Anti Glare
Công nghệ IPS
LED Backlit",1920 x 1080,Hi-Res Audio Nahimic Audio,Intel,2 x USB 3.2 HDMI,Wi-Fi 6E (802.11ax),Bluetooth 5.1 ,HD,Windows,Dài 319 mm - Rộng 219 mm - Dày 18.1 mm,1.3,39,Micro SD,Điện máy xanh,0,31.9,21.9,1.8,0.0,1.0
133,Asus,13890000,0,i3,4,3.0,4.1,DDR4,3200.0,2.0,4.0,15.6,256GB,"250 nits
Chống chói Anti Glare
LED Backlit
Tấm nền IPS",1920 x 1080,SonicMaster audio,Intel,"1 x USB 3.2
2 x USB 2.0
HDMI
Jack tai nghe 3.5 mm
USB Type-C",Wi-Fi 802.11 a/b/g/n/ac,Bluetooth 4.1,VGA,Windows,Dài 360.2 mm - Rộng 234.9 mm - Dày 19.9 mm,1.8,37,,Điện máy xanh,0,36.0,23.5,2.0,0.0,1.0
134,HP,13890000,0,i3,4,1.2,3.4,DDR4,2666.0,,,14.0,512GB,"60Hz
Chống chói Anti Glare
Tấm nền IPS",1920 x 1080,Realtek High Definition Audio Loa kép (2 kênh),Intel,"2 x USB 3.1
HDMI
USB Type-C",Wi-Fi 802.11 a/b/g/n/ac,Bluetooth 5.0 ,HD,Windows,Dài 324 mm - Rộng 225 mm - Dày 17.9 mm,1.3459999999999999,,SD,Điện máy xanh,0,32.4,22.5,1.8,0.0,1.0
135,Asus,13790000,0,i3,4,3.0,4.1,DDR4,3200.0,2.0,4.0,14.0,512GB,"250 nits
60Hz
Chống chói Anti Glare
LED Backlit",1920 x 1080,SonicMaster audio,Intel,"1 x USB 3.2
2 x USB 2.0
HDMI
Jack tai nghe 3.5 mm
USB Type-C",Wi-Fi 802.11 a/b/g/n/ac,Bluetooth 4.1,VGA,Windows,Dài 325.4 mm - Rộng 216 mm - Dày 19.9 mm,1.55,37,,Điện máy xanh,0,32.5,21.6,2.0,0.0,1.0
136,Lenovo,13490000,0,i3,8,2.1,4.1,DDR4,2666.0,2.0,4.0,14.0,256GB,"250 nits
Tấm nền IPS
Chống chói Anti Glare",1920 x 1080,High Definition (HD) Audio Dolby Audio,Intel,"Jack tai nghe 3.5 mm
2 x USB 3.2
HDMI
USB 2.0",Wi-Fi 802.11 a/b/g/n/ac,Bluetooth 5.0 ,HD,Windows,Dài 327.1 mm - Rộng 241 mm - Dày 19.9 mm,1.5,35,SD,Điện máy xanh,0,32.7,24.1,2.0,0.0,1.0
137,HP,12590000,0,i3,4,1.2,3.4,DDR4,2666.0,2.0,4.0,14.0,256GB,"250 nits
Chống chói Anti Glare
Tấm nền IPS",1920 x 1080,Stereo speakers,Intel,"2x SuperSpeed USB A
HDMI
Jack tai nghe 3.5 mm
LAN (RJ45)
USB Type-C",Wi-Fi 802.11 a/b/g/n/ac,Bluetooth 4.2 ,HD,Windows,Dài 324 mm - Rộng 225.9 mm - Dày 19.9 mm,1.47,41,SD,Điện máy xanh,0,32.4,22.6,2.0,0.0,1.0
138,HP,12490000,0,i3,4,2.1,4.1,DDR4,2666.0,2.0,4.0,15.6,256GB,"220 nits
LED Backlit
SVA",1366 x 768,Stereo speakers,Intel,"2x SuperSpeed USB A
HDMI
USB Type-C",Wi-Fi 802.11 a/b/g/n/ac,Bluetooth 4.2 ,HD,Windows,Dài 358.5 mm - Rộng 242 mm - Dày 19.9 mm,1.78,41,SD,Điện máy xanh,0,35.9,24.2,2.0,0.0,0.0
139,HP,11890000,0,i3,4,1.2,3.4,DDR4,3200.0,2.0,4.0,14.0,256GB,250 nits Chống chói Anti Glare,1366 x 768,Stereo speakers,Intel,"2x SuperSpeed USB A
HDMI
Jack tai nghe 3.5 mm
LAN (RJ45)
USB Type-C",Wi-Fi 802.11 a/b/g/n/ac,Bluetooth 4.2 ,HD,Windows,Dài 324 mm - Rộng 225.9 mm - Dày 19.9 mm,1.47,41,SD,Điện máy xanh,0,32.4,22.6,2.0,0.0,1.0
140,HP,11890000,0,i3,4,1.2,3.4,DDR4,3200.0,2.0,4.0,14.0,256GB,250 nits Chống chói Anti Glare,1366 x 768,Stereo speakers,Intel,"2x SuperSpeed USB A
HDMI
Jack tai nghe 3.5 mm
LAN (RJ45)
USB Type-C",Wi-Fi 802.11 a/b/g/n/ac,Bluetooth 4.2 ,HD,Windows,Dài 324 mm - Rộng 225.9 mm - Dày 19.9 mm,1.47,41,SD,Điện máy xanh,0,32.4,22.6,2.0,0.0,1.0
141,HP,10890000,0,R3,4,2.6,3.8,DDR4,3200.0,4.0,8.0,14.0,256GB,SVA,1366 x 768,Loa kép (2 kênh),AMD,"2x SuperSpeed USB A
HDMI
Jack tai nghe 3.5 mm
USB Type-C",Wi-Fi 802.11 a/b/g/n/ac,Bluetooth 4.2 ,HD,Windows,Dài 324 mm - Rộng 225 mm - Dày 17.9 mm,1.47,41,SD,Điện máy xanh,0,32.4,22.5,1.8,0.0,0.0
142,Acer,9590000,0,pentium,4,1.1,3.33,DDR4,2400.0,4.0,4.0,14.0,512GB,"TFT
LED Backlit
Acer ComfyView",1366 x 768,Stereo speakers,Intel,"Jack tai nghe 3.5 mm
2 x USB 3.2
HDMI
LAN (RJ45)
USB 2.0",Wi-Fi 802.11 a/b/g/n/ac,Bluetooth 5.0 ,VGA,Windows,Dài 328 mm - Rộng 236 mm - Dày 19.9 mm,1.45,36,,Điện máy xanh,0,32.8,23.6,2.0,0.0,0.0
143,Acer,8490000,0,pentium,4,1.1,3.1,DDR4,2666.0,4.0,4.0,15.6,256GB,Acer ComfyView,1920 x 1080,Stereo speakers,Intel,"LAN (RJ45)
USB 3.1
HDMI
2 x USB 2.0
Jack tai nghe 3.5 mm",Wi-Fi 802.11 a/b/g/n/ac,Bluetooth 5.0 ,VGA,Windows,Dài 363.4 mm - Rộng 247.5 mm - Dày 19.9 mm,1.7,37,,Điện máy xanh,0,36.3,24.8,2.0,0.0,0.0
144,Microsoft,22500000,0,i5,8GB,,,,,,,12.3,128GB,"267 ppi Touch, IPS",2736 x 1824,Loa Stereo (Dolby Audio Premium),Intel,"USB 3.0, 3.5 mm headphone jack, Mini DisplayPort, Surface Connect port, Surface Type Cover port, tương thích với Surface Dial",802.11 a / b / g / n / ac,4.1,HD,Windows,29.21 x 20.142 x 0.85 mm,0.775,,MicroSDXC,Tiki,0,29.21,20.142,0.85,0.0,0.0
145,Dell,26365200,0,i7,8GB DDR4 3200MHz (1 x 8GB),2.8,4.7,,,4.0,8.0,,512GB,14.0 Inch FHD Touch IPS 60Hz Wide Viewing Angle,1920 x 1080,,NVIDIA MX,2 x USB 3.2 Gen 1 ports Type A; 1 x USB 3.2 Gen2 Type-C with DisplayPort; 1 x HDMI 1.4b port; 1 x SD-card slot; 1 x headset (headphone and microphone combo) port,Intel Wi-fi 6 2x2 (Gig+),v5.1,HD,,,,,,Tiki,0,,,,0.0,0.0
146,LG,46939000,0,i7,16GB LPDDR4X (Dual Channel),,,,,,,16.0,256GB,"16.0"" (40.6cm) WQXGA (2560*1600) IPS LCD, (Non-Touch)",,HD Audio with DTS X Ultra,Intel,"HP-Out(4Pole Headset, US type), USB 3.2 Gen2x1 (x2), HDMI,  USB 4 Gen3x2 Type C (x2, with Power Delivery, Display Port, Thunderbolt 4)","Intel Wireless-AX201 (802.11ax, 2x2, Dual Band, BT Combo)",BT 5.1,HD,Windows,"
355.9 x 243.4 x 16.8 mm
14.01 x 9.58 x 0.66""
",1.19,80,UFS/ Micro SD,Tiki,0,35.6,24.3,1.7,1.0,0.0
147,Lenovo,22690000,0,i5,"8GB (8x1) DDR4 3200MHz (2x SO-DIMM socket, up to 16GB SDRAM)",,,,,,,15.6,512GB,"IPS 250nits Anti-glare, 120Hz, 45% NTSC, DC dimmer",,Nahimic Audio,NVIDIA RTX,"1x USB-C 3.2 Gen 1 (support data transfer only), 2x USB 3.2 Gen 1, 1x HDMI 2.0, 1x RJ-45, 1x headphone / microphone combo jack (3.5mm), 1x power connector",	802.11AX (2x2),v5.0,HD,,,2.25,45,,Tiki,0,,,,0.0,0.0
148,Gigabyte,73990000,0,i7,"16GB (8x2) DDR4 3200MHz (2x SO-DIMM socket, up to 64GB SDRAM)",,,,,,,,1TB," IPS-Level Anti-Glare Display LCD (240Hz, 72% NTSC)",,	DTS:X Ultra,NVIDIA RTX,"1x Thunderbolt 4 (Type-C) (Optional), 3x USB 3.2 Gen1 (Type-A), 1x HDMI 2.1, 1x mini DP 1.4, 1x 3.5mm Headphone/Microphone Combo Jack, 1x DC-in Jack, 1x RJ-45","	Intel AX201 Wireless (802.11ax, a/b/g/n/ac/ax compatible)",	V5.2,HD,Windows,357 x 244 x27 (mm),2.2,99,,Tiki,0,35.7,24.4,2.7,1.0,0.0
149,LG,33504000,0,i5,8GB LPDDR4X (Dual Channel),,,,,,,14.0,256GB,IPS,1920 x 1080,HD Audio with DTS X Ultra,Intel,"HP-Out(4Pole Headset, US type), USB 3.2 Gen2x1 (x2), HDMI,  USB 4 Gen3x2 Type C (x2, with Power Delivery, Display Port, Thunderbolt 4)","Intel Wireless-AX201 (802.11ax, 2x2, Dual Band, BT Combo)",v5.1,HD,,313.4 x 215.2 x 16.8 mm,0.9990000000000001,72,,Tiki,0,31.3,21.5,1.7,1.0,0.0
150,Asus,26479000,0,i5,8GB LPDDR4X on board,2.4,4.2,LPDDR4X,,,,13.3,512GB,"Touch, IPS, 60Hz, Wide 100% sRGB, Glossy display, 400 Nits",1920 x 1080,Sonic Master,Intel,"2x Thunderbolt 4 supports display / power delivery, 1x USB 3.2 Gen 1 Type-A, 1x HDMI 1.4",802.11 AX (2X2),v5.0,IR,Windows,30.5 x 21.1 x 1.19 ~ 1.39 (cm),1.3,67,,Tiki,0,30.5,21.1,1.39,1.0,0.0
151,Microsoft,30200000,0,,,,,,,,,,,,,Stereo microphones Omnisonic Speakers with Dolby Audio Premium,,,,,,,,,,,Tiki,0,,,,,
152,,27090000,0,M1,8GB,,,LPDDR4X,3733.0,,,,256GB,Retina 13.3 inch (2560x1600) IPS Led Backlit True Tone,,Stereo speakers,Apple,,802.11ax Wi-Fi 6-Tương thích IEEE 802.11a / b / g / n / ac,Bluetooth 5.0 wireless technology,HD,MacOS,,1.4,,,Tiki,0,,,,,0.0
153,Dell,14490000,0,i3,,,,DDR4,2666.0,,,,256GB,15.6-inch FHD (1920 x 1080) Anti-glare LED Backlight Non-Touch Narrow Border WVA Display,,,Intel,,WLAN 802.11ac,BT 5.0,,Windows,Front height 18.99 mmWidth 358.5 mmDepth 235.56 mm,,41,,Tiki,0,35.9,23.6,1.9,,0.0
154,Gigabyte,53990000,0,i7,"16GB (8x2) DDR4 3200MHz (2x SO-DIMM socket, up to 64GB SDRAM)",2.3,4.6,DDR4,,,,15.6,1TB,"IPS-level Anti-glare Display LCD (240Hz, 72% NTSC)",1920 x 1080,DTS:X Ultra,NVIDIA RTX,"1x Thunderbolt 4 (Type-C) (Optional), 3x USB 3.2 Gen1 (Type-A), 1x HDMI 2.1, 1x mini DP 1.4 1x 3.5mm Headphone/Microphone Combo Jack, 1x DC-in Jack, 1x RJ-45","Intel AX201 Wireless (802.11ax, a/b/g/n/ac/ax compatible)",V5.2,HD,Windows,357 x 244 x27 (mm),2.2,99,UHS-II SD Card Reader (Optional),Tiki,0,35.7,24.4,2.7,1.0,0.0
155,HP,23859000,0,i7,8GB(1 x 8GB),,4.7,DDR4,,4.0,8.0,14.0,512GB,IPS LCD,1366 x 768,,Intel,"2 SuperSpeed USB Type-A 5Gbps signaling rate (1 charging, 1 power); 1 SuperSpeed USB Type-C 10Gbps signaling rate (USB Power Delivery, DisplayPort 1.4); HDMI 1.4b",Intel AX201 Wi-Fi 6 (2x2),Bluetooth 5 combo,HD,,32.19 x 21.39 x 1.99 cm,1.38,45,1 microSD,Tiki,0,32.19,21.39,1.99,0.0,0.0
156,Dell,29990000,0,i7,8GB onboard DDR4/ 2933MHz (1 slot),,,,,,,15.6,512GB," @60Hz Wide View Angle (WVA), Anti glare",1920 x 1080,Realtek High Definition Audio (Speaker : 2 x 2W),NVIDIA GTX,"2 x USB 3.1 Gen 1 Type A ; 1 x USB Type C (port with Thunderbolt/DisplayPort/Power Delivery) ; 1 x HDMI ; 1 x Headphone/Microphone combo jack ; 1 x SSD (M.2 2280), ",	 802.11 ax,	 Bluetooth 5.0,HD,Windows,1.89 x 35.61 x 23.45 cm (H x W x D),1.851,56,Micro SD reader (support mSD/mSDHC/mSDXC),Tiki,0,35.61,23.45,1.89,1.0,1.0
157,LG,48859000,0,i7,16GB LPDDR4X (Dual Channel),,,,,,,16.0,512GB,"16.0"" (40.6cm) WQXGA (2560*1600) IPS LCD, (Non-Touch), DCI-P3 99% (Typical, min 95%) ",,HD Audio with DTS X Ultra,Intel,"HP-Out(4Pole Headset, US type), USB 3.2 Gen2x1 (x2), HDMI,  USB 4 Gen3x2 Type C (x2, with Power Delivery, Display Port, Thunderbolt 4)","Intel Wireless-AX201 (802.11ax, 2x2, Dual Band, BT Combo)",BT 5.1,HD,,"
355.9 x 243.4 x 16.8 mm
14.01 x 9.58 x 0.66""
",1.19,80,UFS/ Micro SD,Tiki,0,35.6,24.3,1.7,1.0,0.0
158,MSI,27809000,0,i7,16GB LPDDR4X-4267,,,,,,,14.0,512GB,"IPS, Anti-Glare, 100% sRGB, 300nits",,Nahimic 3,Intel,"2 x Thunderbolt 4, 1x USB 2.0",Intel Wi-Fi 6 AX201(2x2 ax),v5.1,HD,Windows,319 x 219 x 15.9 mm,1.29,52,Micro SD,Tiki,0,31.9,21.9,1.6,1.0,0.0
159,,31490000,0,M1,8GB unified memory,,,,,,,13.3,256GB,"LED-backlit display with IPS technology; 2560-by-1600 native resolution at 227 pixels per inch with support for millions of colors 500 nits brightness; Wide color gamut (P3), True Tone technology",2560 x 1600,"Stereo speakers with high dynamic range, Three microphones, 3.5 mm Headphone jack",Apple,"Two Thunderbolt 3 / USB 4 ports; Support for Charging, DisplayPort, ThunderBolt (up to 40Gbps), USB 3.1 Gen 2 (up to 10 Gbps)",802.11ax WI-FI 6 wireless networking; IEEE 802.11a/b/g/n/ac compatible; Bluetooth 5.0 wireless technology,Bluetooth 5.0 wireless technology,HD,MacOS,1.56 cm x 30.41 cm x 21.24 cm,1.4,,,Tiki,0,30.41,21.24,1.56,1.0,0.0
160,Lenovo,25990000,0,i7, 8 GB,2.6,5.0,DDR4,,,,,512GB,Tấm nền IPS  Chống chói Anti-Glare  250 nits,, Dolby Audio,NVIDIA GTX,Jack tai nghe 3.5 mm  2 x USB 3.2  HDMI  LAN (RJ45)  USB Type-C,Wi-Fi 6 (802.11ax),Bluetooth 5.0,HD,Windows,,2.2,45,,Tiki,0,,,,0.0,1.0
161,Lenovo,26679000,0,i7,"	8GB (8x1) DDR4 3200MHz (2x SO-DIMM socket, up to 16GB SDRAM)",,,,,,,,512GB,"IPS 250nits Anti-glare, 120Hz, 45% NTSC, DC dimmer",,	Nahimic Audio,NVIDIA RTX,"1x USB-C 3.2 Gen 1 (support data transfer only), 2x USB 3.2 Gen 1, 1x HDMI 2.0, 1x RJ-45, 1x headphone / microphone combo jack (3.5mm), 1x power connector",802.11AX (2x2),v5.0,HD,,,2.25,45,,Tiki,0,,,,0.0,0.0
162,,27490000,0,,8GB,,,,,,,,256GB,13.3-inch (diagonal) LED-backlit display with IPS technology; 2560-by-1600 native resolution at 227 pixels per inch with support for millions of colors 400 nits brightness; Wide color (P3); True Tone technology,,,Apple,"Two Thunderbolt 3 ports (USB 4) with support for: Charging, Display, ThunderBolt (up to 40 Gbps), USB-C 3.1 Gen 2 (up to 10 Gbps)",802.11ax Wi-Fi 6 wireless networking,Bluetooth 5.0 wireless technology,HD,,,,,,Tiki,0,,,,1.0,0.0
163,Microsoft,32890000,0,,,,,,,,,,,,,,,,,,,,,,,,Tiki,0,,,,,
164,Microsoft,58000000,0,,,,,,,,,,,,,,,,,,,,,,,,Tiki,0,,,,,
165,LG,38294000,0,i5,8GB LPDDR4X (Dual Channel),,,,,,,16.0,512GB,"16.0""(40.6cm) WQXGA (2560*1600) IPS LCD, (Non-Touch), DCI-P3 99% (Typical, min 95%)",,HD Audio with DTS X Ultra,Intel,"HP-Out(4Pole Headset, US type), USB 3.2 Gen2x1 (x2), HDMI,  USB 4 Gen3x2 Type C (x2, with Power Delivery, Display Port, Thunderbolt 4)","Intel Wireless-AX201 (802.11ax, 2x2, Dual Band, BT Combo)",BT 5.1,HD,,"
355.9 x 243.4 x 16.8 mm
14.01 x 9.58 x 0.66""
",1.19,80,UFS/ Micro SD,Tiki,0,35.6,24.3,1.7,1.0,0.0
166,HP,22039000,0,i7,8GB,,4.7,DDR4,,,,,512GB,,,,,"1 SuperSpeed USB Type-C 10Gbps signaling rate (USB Power Delivery, DisplayPort 1.4, HP Sleep and Charge); 2 SuperSpeed USB Type-A 5Gbps signaling rate",Realtek RTL8822CE 802.11a/b/g/n/ac (2x2) Wi-Fi, Bluetooth 5 combo,HD,,,1.75,41,,Tiki,0,,,,0.0,
167,Dell,22089900,0,i5,,,,DDR4,3200.0,,,14.0,512GB,"Màn hình chống chói LED Backlight, WVA Display",,,,,Intel Wi-Fi 6 2x2 (Gig+),v5.1,,Windows,17.02 mm x 321.27 mm x 212.80 mm,1.44,54,,Tiki,0,32.1,21.3,1.7,,1.0
168,MSI,32899000,0,i7,"16GB (8GB x2) DDR4 3200MHz (2x SO-DIMM socket, up to 32GB SDRAM)",,,,,,,15.6,512GB,"15.6"" FHD (1920 x 1080) IPS, 60Hz, Thin Bezel, Anti-Glare with 72% NTSC, 100% sRGB",,Nahimic 3,NVIDIA GTX,2x Type-C (USB4 / DP / Thunderbolt4) with PD charging; 1x (4K @ 60Hz) HDMI; 2x Type-A USB3.2 Gen2,Intel Wi-Fi 6 AX201 (2x2),v5.1,HD IR,Windows,356.8 x 233.7 x 16.9 mm,1.69,82,Micro SD Card Reader,Tiki,0,35.7,23.4,1.7,1.0,0.0
169,Gigabyte,31990000,0,i7,"16GB (8x2) DDR4 3200MHz (2x SO-DIMM socket, up to 64GB SDRAM)",2.3,4.6,DDR4,,,,17.3,512GB,"IPS, Anti-Glare with 72% NTSC, 100% sRGB, 144Hz, 3ms, 300nits",1920 x 1080,DTS:X Ultra,NVIDIA RTX,"1x USB 3.2 Gen 2 Type-C, 1x USB3.2 Gen1 Type-A, 1x USB3.2 Gen2 Type-A, 1x USB2.0 Type-A, 1x HDMI 2.0 (with HDCP), 1x mini DP 1.4, 1x Audio combo jack, 1x Microphone jack, 1x DC-in Jack, 1x RJ-45","Intel AX200 Wireless (802.11ax, a/b/g/n/ac/ax compatible)",V5.2,HD,Windows,395 x 262 x 25.9 (mm),2.5,48.96,,Tiki,0,39.5,26.2,2.6,0.0,0.0
170,Dell,21990000,0,i5,8GB onboard LPDDR4,,,,,,,,512GB,13.3ʺ inch FHD+ (1920 x 1200) Wide-Viewing Angle ; Anti-glare,,Realtek High Definition Audio (speaker 2 x 2W),Intel,1 x USB 3.1 Gen 1 Type-A ; 1 x Thunderbolt 4 (Type-C) port with Power Delivery and DisplayPort  (primary-power port) ; 1 x Thunderbolt 4 (Type-C) port with Power Delivery and DisplayPort ; 1 x  HDMI ; 1 x Headphone/Microphone combo audio jac,802.11 ax,Bluetooth 5.1,HD,Windows,"


Kích thước & Trọng lượng
1. Chiều cao: 13,9 - 15,9 mm (0,55 ""- 0,625"") | 2. Chiều rộng: 296,78 mm (11,68 "") | 3. Chiều sâu: 210 mm (8,27"") | Trọng lượng khởi điểm: 1,25 kg (2,75 lb)


",1.215,,,Tiki,0,29.7,21.0,1.6,1.0,0.0
171,Asus,28789000,0,i7,16GB,2.8,4.7,DDR4,,,,14.0,512GB,"IPS, Anti-Glare, 100% sRGB, 400nits",1920 x 1080,Harman Kardon,Intel,"2x Thunderbolt 4 USB-C (up to 40Gbps), 1x USB 3.2 Gen 1 Type-A (up to 5Gbps), 1x Standard HDMI 2.0a",Intel WiFi 6 with Gig+ performance (802.11ax),v5.0,HD IR,Windows,31.9 x 20.8 x 1.39 (cm),1.17,67,,Tiki,0,31.9,20.8,1.39,1.0,0.0
172,LG,52699000,0,i7,16GB (8GBx2),2.8,4.7,LPDDR4X,,,,17.0,1TB,"IPS, DCI-P3 99%",2560 x 1600,HD Audio with DTS:X Ultra,Intel,"2x USB 3.2 Gen2, 2x USB Type-C Thunderbolt 4, 1x HDMI",Intel Wi-Fi 6 AX201D2W,v5.1,HD,Windows,380.2 x 260.1 x 17.8 mm,1.35,80,"UFS, Micro SD",Tiki,0,38.0,26.0,1.8,1.0,0.0
173,Acer,26490000,0,i5,16 GB,2.7,2.7,DDR4,,,,,512GB,Tấm nền IPS  LED Backlit  Acer ComfyView Tần số quét 144Hz,," Acer TrueHarmony, DTS X:Ultra Audio",NVIDIA RTX,Jack tai nghe 3.5 mm  3 x USB 3.2  HDMI  LAN (RJ45)  USB Type-C,Có,Có,HD,Windows,,2.2,,,Tiki,0,,,,0.0,0.0
174,Dell,18590000,0,i5,,,,DDR4,2666.0,,,,512GB,15.6-inch FHD (1920 x 1080) Anti-glare LED Backlight Non-Touch Narrow Border WVA Display,,,Intel,,WLAN 802.11ac,BT 5.0,,Windows,,,41,,Tiki,0,,,,,0.0
175,HP,21989000,0,R5,8 GB DDR4-3200Mhz,,,,,,,16.1,512GB,,,Audio by B&O; Dual speakers; HP Audio Boost 1.0,NVIDIA GTX,,Intel Wi-Fi 6 AX 201 (2x2),Bluetooth 5 Combo (Supporting Gigabit file transfer speeds),,,,2.46,72,,Tiki,0,,,,,
176,,149000,0,,,,,,,,,,,,,,,,,,,,,,,,Tiki,0,,,,,
177,Lenovo,26500000,0,i7,8GB,1.8,4.6,DDR4,2400.0,,,14.0,256GB,"IPS, Anti-Glare",1920 x 1080,Dolby Audio Premium,Intel,"2x USB 3.1, 1x USB 3.1 Gen 1 Type-C, 1x USB 3.1 Gen 2 Type-C / Intel Thunderbolt 3, HDMI, RJ-45, Finger Print",Intel Dual Band 8265 Wireless-AC (2x2),v4.1 with vPro,HD,,,,57,,Tiki,0,,,,1.0,0.0
178,,699000,0,,,,,,,,,,,,,,,,,,,,,,,,Tiki,0,,,,,
179,Gigabyte,49990000,0,i7,"	16GB (8x2) DDR4 3200MHz (2x SO-DIMM socket, up to 64GB SDRAM)",,,,,,,15.6,512GB,"Samsung AMOLED Display (VESA DisplayHDR 400 True Black, 100% DCI-P3)",,DTS:X Ultra,NVIDIA RTX,"1x Thunderbolt 4 (Type-C) (Optional), 3x USB 3.2 Gen1 (Type-A), 1x HDMI 2.1, 1x mini DP 1.4, 1x 3.5mm Headphone/Microphone Combo Jack, 1x DC-in Jack, 1x RJ-45","	Intel AX201 Wireless (802.11ax, a/b/g/n/ac/ax compatible)",v5.2,HD,Windows,356 x 250 x 19.9 (mm),2.0,99,,Tiki,0,35.6,25.0,2.0,1.0,0.0
180,Lenovo,25459000,0,i7,8GB,2.8,4.7,DDR4,,,,14.0,512GB,"IPS, 300nits, Glossy, 100% sRGB",1920 x 1080,Dolby Atmos Speaker,Intel,"2x USB 3.2 Type-A Gen 1 (one always on), 2x Thunderbolt 4 / USB 4 40 Gbps (w/ the function of PD 3.0 and DP 1.4), 1x HDMI 1.4b, 1x headphone / microphone combo jack",Wi-Fi 6 2x2 (802.11ax),v5.0,IR,Windows,320.6 x 208.18 x 14.9mm,1.36,60.7,MicroSD Card Reader,Tiki,0,32.1,20.8,1.5,1.0,0.0
181,HP,13499000,0,i3,4 GB DDR4-3200 MHz RAM (1 x 4 GB),,,DDR4,,,,14.0,256GB,"Narrow bezel, anti-glare, 250 nits, 45% NTSC",1920 x 1080,"Stereo speakers, integrated digital microphone",Intel,"2 x USB 3.1 Gen 1 Type-A, 1 x USB 3.1 Gen 1 Type-C, 1 x HDMI 1.4, 1 headphone/microphone combo",Realtek 802.11a/b/g/n/ac (1x1),Bluetooth 4.2,HD,Windows,32.4 x 22.59 x 1.99 cm,1.47,41,,Tiki,0,32.4,22.59,1.99,0.0,0.0
182,HP,23399000,0,R5,8 GB,,,DDR4,,,,16.1,512GB,,1920 x 1080,Audio by B&O; Dual speakers; HP Audio Boost 1.0,NVIDIA GTX,,Wi-Fi 6 AX 201 (2x2),Bluetooth 5 Combo (Supporting Gigabit file transfer speeds),HD,Windows,37x26x2.35cm,2.46,72,Có,Tiki,0,37.0,26.0,2.35,,
183,,18690000,0,R7,"8GB Onboard, DDR4 3200MHz",,,,,,,,512GB,"14-inch, FHD (1920 x 1080), IPS 300nits Anti-glare, 45% NTSC",,"Stereo speakers, 2W x2, Dolby Audio, High Definition (HD) Audio, Realtek ALC3287 codec, Microphone 2x, Array",Intel,"1x USB 3.2 Gen 1, 1x USB 3.2 Gen 1 (Always On), 1x USB-C 3.2 Gen 1 (support data transfer, Power Delivery 3.0 and DisplayPort 1.2), 1 x HDMI 1.4b","802.11ac 2x2 Wi-Fi + Bluetooth 5.0, M.2 card",v5.0,HD,Windows,,1.39,44.5,4-in-1 Card Reader,Tiki,0,,,,0.0,0.0
184,Gigabyte,45990000,0,i7,"16GB (8x2) DDR4 3200MHz (2x SO-DIMM socket, up to 64GB SDRAM)",2.3,4.6,DDR4,,,,15.6,512GB,"IPS-level Anti-glare Display LCD (240Hz, 72% NTSC)",1920 x 1080,DTS:X Ultra,NVIDIA RTX,"1x Thunderbolt 4 (Type-C) (Optional), 3x USB 3.2 Gen1 (Type-A), 1x HDMI 2.1, 1x mini DP 1.4 1x 3.5mm Headphone/Microphone Combo Jack, 1x DC-in Jack, 1x RJ-45","Intel AX201 Wireless (802.11ax, a/b/g/n/ac/ax compatible)",V5.2,,Windows,357 x 244 x27 (mm),2.2,99,UHS-II SD Card Reader (Optional),Tiki,0,35.7,24.4,2.7,1.0,0.0
185,,44990000,0,M1,16 GB,,,,,,,13.3,512GB,13.3-inch (diagonal) LED-backlit display with IPS technology; 2560-by-1600 native resolution at 227 pixels per inch with support for millions of colors,,"Dolby Atmos, Loa kép (2 kênh)",Intel,"2 x Thunderbolt 3 (USB-C), Jack tai nghe 3.5 mm",Wi-Fi 6 (802.11ax),Bluetooth 5.0 wireless technology,HD,MacOS,Ngang 30.41 x Dày 1.56 x Sâu 21.24 cm,,,,Tiki,0,30.41,21.24,1.56,1.0,0.0
186,MSI,29790000,0,i7, 8 GB,2.3,4.6,DDR4,,,,,512GB,LED/ Tấm nền IPS,, Nahimic Audio,NVIDIA RTX, Jack tai nghe 3.5 mm  2 x USB 3.2  HDMI  LAN (RJ45)  USB 2.0  USB Type-C,Wi-Fi 6 (802.11ax),Bluetooth 5.2,HD,Windows,,2.1,53,,Tiki,0,,,,0.0,0.0
187,Chromebook,11500000,0,,,,,,,,,,,,,,,,,,,,,,,,Tiki,0,,,,,
188,Gigabyte,76990000,0,i7,"16GB (8x2) DDR4 3200MHz (2x SO-DIMM socket, up to 64GB SDRAM)",,,,,,,15.6,1TB,"Samsung AMOLED Display (VESA DisplayHDR 400 True Black, 100% DCI-P3)",,	DTS:X Ultra,NVIDIA RTX,"1x Thunderbolt 4 (Type-C) (Optional), 3x USB 3.2 Gen1 (Type-A), 1x HDMI 2.1, 1x mini DP 1.4, 1x 3.5mm Headphone/Microphone Combo Jack, 1x DC-in Jack, 1x RJ-45","	Intel AX201 Wireless (802.11ax, a/b/g/n/ac/ax compatible)",V5.2,HD,Windows,356 x 250 x 19.9 (mm),2.0,99,,Tiki,0,35.6,25.0,2.0,1.0,0.0
189,HP,22200000,0,,,,,,,,,,,,,,,,,,,,,,,,Tiki,0,,,,,
190,Gigabyte,29990000,0,i5,"16GB (8x2) DDR4 3200MHz (2x SO-DIMM socket, up to 64GB SDRAM)",2.7,4.5,DDR4,,,,15.6,512GB,"IPS, Anti-Glare with 72% NTSC, 100% sRGB, 144Hz, 3ms, 300nits",1920 x 1080,DTS:X Ultra,NVIDIA RTX,"1x USB 3.2 Gen 2 Type-C, 1x USB3.2 Gen1 Type-A, 1x USB3.2 Gen2 Type-A,1x USB2.0 Type-A, 1x HDMI 2.0 (with HDCP), 1x mini DP 1.4, 1x Audio combo jack, 1x Microphone jack, 1x DC-in Jack, 1x RJ-45","Intel AX200 Wireless (802.11ax, a/b/g/n/ac/ax compatible)",V5.2,HD,Windows,361 x 258 x 24.9 (mm),2.2,48.96,,Tiki,0,36.1,25.8,2.5,0.0,0.0
191,Dell,23290000,0,i7,,2.8,4.7,DDR4,3200.0,,,,512GB,"14"" Full HD (1920 x 1080) Chống chói Anti Glare",,,NVIDIA MX,,Wi-Fi 802.11 a/b/g/n/ac,Bluetooth 5.0,,Windows,"
Kích thước & Trọng lượng


Chiều cao: 0,71 ""- 0,78"" (18,1 mm - 19,0 mm)
Chiều rộng: 12,94 ""(328,7 mm
Chiều sâu: 9,43"" (239,5 mm)
Trọng lượng khởi điểm: 1,59 kg (3,49 lb) 
",,42,,Tiki,0,32.9,23.9,1.9,,1.0
192,Microsoft,24490000,0,i5,8 GB,,,LPDDR4X,,,,13.0,128GB,"PixelSense, Kính cường lực Gorilla Glass 3",2256 x 1504,,Intel,"1 x USB-C, 1 x USB-A, 3.5 mm headphone jack, 1 x Surface Connect port, Compatible with Surface Dial off-screen interaction*",Wi-Fi 802.11 a / b / g / n / ac,5,HD,Windows,308.1 x 223.27 x 14.48 mm,1.2830000000000001,,,Tiki,0,30.8,22.3,1.4,0.0,0.0
193,Dell,15990000,0,R5,,,,DDR4,2400.0,,,14.0,256GB,14.0 inch FHD (1920 x 1080) Anti-Glare,,,,,802.11ac 1x1 WiFi,v5.0,,Windows,32.8 x 23.9 x 1.99 cm,1.64,45,,Tiki,0,32.8,23.9,1.99,,0.0
194,Microsoft,27700000,0,i5,8GB,,,,,,,13.5,256GB,IPS LCD,2256 x 1504,Omnisonic speakers with Dolby® Audio™ Premium,Intel,"USB 3.0, microSD, headphone/mic jack 3.5mm, Mini DisplayPort, Cover port, Surface Connect",802.11ac Wi-Fi wireless networking; IEEE 802.11a/b/g/n compatible,Bluetooth 4.0 LE wireless technology,HD,Windows,(Dài x Rộng x Dày) 308.1 x 223.27 x 14.48 mm,1.25,,,Tiki,0,30.8,22.3,1.4,0.0,0.0
195,,550000,0,,,,,,,,,,,,,,,,,,,,,,,,Tiki,0,,,,,
196,LG,37900000,0,i5,16GB LPDDR4X (Dual Channel),,,,,,,14.0,512GB,IPS,,HD Audio with DTS X Ultra,Intel,"HP-Out(4Pole Headset, US type), USB 3.2 Gen2x1 (x2), HDMI,  USB 4 Gen3x2 Type C (x2, with Power Delivery, Display Port, Thunderbolt 4)","Intel Wireless-AX201 (802.11ax, 2x2, Dual Band)",,VGA,,313.4 x 215.2 x 16.8 mm,0.9990000000000001,72,,Tiki,0,31.3,21.5,1.7,1.0,0.0
197,Acer,28990000,0,i7, 8 GB,2.3,4.6,DDR4,,,,,512GB,Tấm nền IPS  LED Backlit  Acer ComfyView,,"Acer TrueHarmony, DTS X:Ultra Audio",NVIDIA RTX,Jack tai nghe 3.5 mm  3 x USB 3.2  HDMI  LAN (RJ45)  USB Type-C, Wi-Fi 6 (802.11ax),Bluetooth 5.1,HD,Windows,,2.2,57,,Tiki,0,,,,0.0,0.0
198,,14087040,0,,,,,,,,,,,,,,,,,,,,,,,,Tiki,0,,,,,
199,Microsoft,23500000,0,Microsoft,8GB,,,LPDDR4X,,,,,128GB,,,,Microsoft,"2 USB C,1 khe nano SIM, 1 cổng sạc Surface Connect, 1 cổng gắn bàn phím Cover",Wifi 5,Bluetooth 5.0,HD,,287 mm x 208 mm x 7.3 mm,0.774,,,Tiki,0,28.7,20.8,0.7,0.0,
200,Acer,32099000,0,,,,,,,,,,,,,,,,,,,,,,,,Tiki,0,,,,,
201,HP,21390000,0,,,,,,,,,,,,,,,,,,,,,1.74,,,Tiki,0,,,,,
202,Microsoft,27445000,0,i5,8GB,,,,,,,12.3,256GB,"267 ppi Touch, IPS",2736 x 1824,Loa Stereo (Dolby Audio Premium),Intel,"USB 3.0, 3.5 mm headphone jack, Mini DisplayPort, Surface Connect port, Surface Type Cover port, tương thích với Surface Dial", IEEE 802.11 a/b/g/n/ac compatible,4.1,HD,Windows,29.21 x 20.142 x 0.85 mm,0.775,,MicroSDXC,Tiki,0,29.21,20.142,0.85,0.0,0.0
203,Asus,23449000,0,i5,8GB LPDDR4X 3200MHz (Onboard),,,,,,,14.0,512GB,"14"" FHD (1920 x 1080) IPS, Anti-Glare, 100% sRGB, 400nits",1920 x 1080,Harman Kardon,Intel,2x Thunderbolt 4 USB-C (up to 40Gbps); 1x USB 3.2 Gen 1 Type-A (up to 5Gbps); 1x Standard HDMI 2.0a,Intel WiFi 6 with Gig+ performance (802.11ax),v5.0,HD IR,Windows,31.9 x 20.8 x 1.39 (cm),1.17,67,MicroSD Card Reader,Tiki,0,31.9,20.8,1.39,1.0,0.0
204,Microsoft,25490000,0,,8GB,,,,,,,,,,,,,,,,,,,,,,Tiki,0,,,,,
205,,5500000,0,,,,,,,,,,,,,,,,,,,,,,,,Tiki,0,,,,,
206,Microsoft,31900000,0,,,,,,,,,,256GB,,,Stereo microphones Omnisonic Speakers with Dolby Audio Premium,,,,,,,,,,,Tiki,0,,,,,
207,Asus,13850000,0,,,,,,,,,,,,,,,,,,,,,,,,Tiki,0,,,,,
208,,20500000,0,,,,,,,,,,,,,,,,,,,,,,,,Tiki,0,,,,,
209,Microsoft,780000,0,,,,,,,,,,,,,,,,,,,,,,,,Tiki,0,,,,,
210,,1517500,0,,,,,,,,,,,,,,,,,,,,,,,,Tiki,0,,,,,
211,Gigabyte,59990000,0,i7,"	16GB (8x2) DDR4 3200MHz (2x SO-DIMM socket, up to 64GB SDRAM)",,,,,,,15.6,1TB,"Samsung AMOLED Display (VESA DisplayHDR 400 True Black, 100% DCI-P3)",,	DTS:X Ultra,NVIDIA RTX,"1x Thunderbolt 4 (Type-C) (Optional), 3x USB 3.2 Gen1 (Type-A), 1x HDMI 2.1, 1x mini DP 1.4, 1x 3.5mm Headphone/Microphone Combo Jack, 1x DC-in Jack, 1x RJ-45","Intel AX201 Wireless (802.11ax, a/b/g/n/ac/ax compatible)",V5.2,HD,Windows,356 x 250 x 19.9 (mm),2.0,99,,Tiki,0,35.6,25.0,2.0,1.0,0.0
212,Lenovo,32729000,0,i7,16GB LPDDR4x 4266MHz Onboard,,,,,,,14.0,1TB,"IPS 400nits Glossy, 90Hz, 100% sRGB, Dolby Vision, glass OLED",,,NVIDIA MX," 1 x USB 3.2 Gen 1 (Always On),  2 x Thunderbolt 4 / USB4 40Gbps (support data transfer, Power Delivery 3.0 and DisplayPort 1.4),  1 x headphone / microphone combo jack (3.5mm)",802.11ax 2x2 Wi-Fi,v5.1,HD IR,,,1.3,61,,Tiki,0,,,,1.0,0.0
213,Asus,26690000,0,i5,8 GB,2.7,4.5,DDR4,,,,,512GB,"Tấm nền IPS , Chống chói Anti Glare , 250 nits",,DTS Audio,NVIDIA RTX,3 x USB 3.2 ;Thunderbolt 4 USB-C;LAN (RJ45);HDMIJack tai nghe 3.5 mm,Wi-Fi 6 (802.11ax),Bluetooth 5.2,HD,Windows,,2.6,48,,Tiki,0,,,,1.0,1.0
214,LG,34490000,0,i7,"8GB (1x SO-DIMM socket, up to 16GB SDRAM)",1.3,3.9,DDR4,,,,17.0,512GB,IPS,2560 x 1600,HD Audio with DTS:X Ultra,Intel,"3x USB 3.1, HDMI, 1x USB 3.1 Gen2 Type-C, Thunderbolt 3 (Power delivery), Finger Print",	Intel Wi-Fi 6 AX201D2W,v5.0,HD,Windows,380.6 x 262.6 x 17.4 mm,1.35,80,,Tiki,0,38.1,26.3,1.7,1.0,0.0
215,LG,50779000,0,i7,16GB (8GBx2),2.8,4.7,LPDDR4X,,,,17.0,512GB,"IPS, DCI-P3 99%",2560 x 1600,HD Audio with DTS:X Ultra,Intel,"2x USB 3.2 Gen2, 2x USB Type-C Thunderbolt 4, 1x HDMI",Intel Wi-Fi 6 AX201D2W,v5.1,HD,Windows,380.2 x 260.1 x 17.8 mm,1.35,80,"UFS, Micro SD",Tiki,0,38.0,26.0,1.8,1.0,0.0
216,Microsoft,38080000,0,i7,8GB,1.9,4.2,,,,,12.3,256GB,"267 ppi Touch, IPS",2736 x 1824,Loa Stereo (Dolby Audio Premium),Intel,"USB 3.0, 3.5 mm headphone jack, Mini DisplayPort, Surface Connect port, Surface Type Cover port, tương thích với Surface Dial",802.11 a / b / g / n / ac,V4.1,HD,Windows,29.21 x 20.142 x 0.85 mm,0.775,,MicroSDXC,Tiki,0,29.21,20.142,0.85,0.0,0.0
217,,3220000,0,,,,,,,,,,,,,,,,,,,,,,,,Tiki,0,,,,,
218,MSI,31990000,0,i7,16GB,,5.0,DDR4,,,,15.6,512GB,"LED, Tấm nền IPS",1920 x 1080,Nahimic Audio,NVIDIA RTX," Jack tai nghe 3.5 mm, 2 x USB 3.2, HDMI, LAN (RJ45), 2 x USB Type-C",Wi-Fi 6 (802.11ax),v5.1,HD,Windows,359 x 254 x 21.7 mm,1.86,51,,Tiki,0,35.9,25.4,2.2,0.0,0.0
219,Microsoft,38900000,0,i7,16GB,1.3,3.9,DDR4,,,,,,12.3” PixelSense 2736 x 1824 (267 PPI) Touch,,2 stereo speaker,Intel," x Surface Connect, 1 x Cover port, microSDXC, 1 x USB 3.0, 1 x USB 3.1 Type-C",802.11ac Wi-Fi, Bluetooth 4.1,HD,Windows,,0.79,,Không,Tiki,0,,,,0.0,0.0
220,Dell,19990000,0,i5,"8GB DDR4 3200MHz (2x SO-DIMM socket, up to 16GB SDRAM)",2.4,4.2,DDR4,,,,15.6,256GB,Anti-Glare,1920 x 1080,Realtek ALC3204,Intel,"2x USB 3.2 Gen 1 Type-A, 1x USB 2.0 Type-A, 1x HDMI, RJ-45",802.11 AC,v4.2,HD,,363.96 x 249 x 19.9 mm,1.98,42,SD 3.0 card,Tiki,0,36.4,24.9,2.0,0.0,0.0
221,Asus,29490000,0,i7,8 GB,3.3,4.8,DDR4,,,,,512GB,Tấm nền IPS  Chống chói Anti Glare  Adaptive-Sync  250 nits  Tần có quét 144 Hz,,"Stereo speakers, DTS X:Ultra Audio",NVIDIA RTX,Jack tai nghe 3.5 mm  Thunderbolt 4 USB-C  3 x USB 3.2  HDMI  LAN (RJ45),Có,Có,,Windows,,2.0,,,Tiki,0,,,,1.0,1.0
222,,1289000,0,,,,,,,,,,,,,,,,,,,,,,,,Tiki,0,,,,,
223,Dell,19950000,0,i5,"12GB, DDR4, 3200MHz",,3.7,DDR4,3200.0,,,,256GB,FHD (1920×1080),,High-definition audio interface,Intel,"USB 3.2 Gen 1 (x2), USB2.0 (x1), HDMI 1.4- SD Media Card Reader (SD, SDHC, SDXC) – RJ45 – 10/100/1000Mbps- 1 combo headphone / microphone jack",802.11ac 1x1,Bluetooth,HD,Windows,,1.7,42,One SD-card slot,Tiki,0,,,,0.0,0.0
224,,349000,0,,,,,,,,,,,,,,,,,,,,,,,,Tiki,0,,,,,
225,LG,43099000,0,i7,16GB (8GBx2,2.8,4.7,LPDDR4X,,,,17.0,256GB,"IPS, DCI-P3 99%",2560 x 1600,HD Webcam with Dual Mic,Intel,"2x USB 3.2 Gen2, 2x USB Type-C Thunderbolt 4, 1x HDMI",Intel Wi-Fi 6 AX201D2W,v5.1,HD,,380.2 x 260.1 x 17.8 mm,1.35,80,"UFS, Micro SD",Tiki,0,38.0,26.0,1.8,1.0,0.0
226,,152000,0,,,,,,,,,,,,,,,,,,,,,,,,Tiki,0,,,,,
227,Gigabyte,29990000,0,i5,"16GB (8x2) DDR4 3200MHz (2x SO-DIMM socket, up to 64GB SDRAM)",2.5,4.5,DDR4,,,,,512GB,"IPS, Anti-Glare with 72% NTSC, 100% sRGB, 144Hz, 3ms, 300nits",1920 x 1080,Nahimic 3,NVIDIA RTX,"1x USB 3.2 Gen 2 Type-C Ports Supporting: DisplayPort over USB-C, 1x USB3.2 Gen1 Type-A, 1x USB3.2 Gen2 Type-A, 1x USB2.0 Type-A, 1x HDMI 2.0 (with HDCP), 1x mini DP 1.4, 1x Audio combo jack, 1x Microphone jack, 1x DC-in Jack, 1x RJ-45","Intel AX200 Wireless (802.11ax, a/b/g/n/ac/ax compatible)",V5.0 + LE,HD,Windows,361 x 258 x 27.9 (mm),2.2,,SD Card Reader,Tiki,0,36.1,25.8,2.8,0.0,0.0
228,,115000,0,,,,,,,,,,,,,,,,,,,,,,,,Tiki,0,,,,,
229,Dell,31490000,0,i7,16 GB,2.6,5.0,DDR4,,,,,512GB, LED/WVA,, Nahimic 3,NVIDIA GTX,"Jack tai nghe 3.5 mm, 1 x USB 3.2, HDMI, Thunderbolt 3, 2 x USB 2.0, Mini DisplayPort",Wi-Fi 6 (802.11ax), Bluetooth 5.0,HD,Windows,,2.58,68,,Tiki,0,,,,1.0,0.0
230,Microsoft,60000000,0,,16GB,,,,,,,,,,,,,,,,,,,,,,Tiki,0,,,,,
231,,33490000,0,M1,8GB unified memory,,,,,,,13.3,256GB,"LED-backlit display with IPS technology; 2560-by-1600 native resolution at 227 pixels per inch with support for millions of colors 500 nits brightness; Wide color gamut (P3), True Tone technology",2560 x 1600,"Stereo speakers with high dynamic range, Three microphones, 3.5 mm Headphone jack",Apple,"Two Thunderbolt 3 / USB 4 ports; Support for Charging, DisplayPort, ThunderBolt (up to 40Gbps), USB 3.1 Gen 2 (up to 10 Gbps)",802.11ax WI-FI 6 wireless networking; IEEE 802.11a/b/g/n/ac compatible; Bluetooth 5.0 wireless technology,Bluetooth 5.0 wireless technology,HD,MacOS,1.56 cm x 30.41 cm x 21.24 cm,1.4,,,Tiki,0,30.41,21.24,1.56,1.0,0.0
232,Acer,17990000,0,,,,,,,,,,,,,,,,,,,,,,,,Tiki,0,,,,,
233,,115700,0,,,,,,,,,,,,,,,,,,,,,,,,Tiki,0,,,,,
234,,399000,0,,,,,,,,,,,,,,,,,,,,,,,,Tiki,0,,,,,
235,LG,28990000,0,i5,"8GB (1x SO-DIMM socket, up to 16GB SDRAM)",1.2,3.7,DDR4,,,,15.0,512GB,"IPS, sRGB 96%, 300nits",1920 x 1080,HD Audio with DTS:X Ultra,Intel,"3x USB 3.1, HDMI, 1x USB 3.1 Gen2 Type-C, Thunderbolt 3 (Power delivery), Finger Print",Intel Wi-Fi 6 AX201D2W,v5.0,HD,,357.6 x 225.3 x 16.8 mm,1.12,80,"UFS, Micro SD",Tiki,0,35.8,22.5,1.7,1.0,0.0
236,Dell,26517600,0,i7, 2 x 8GB DDR4 2933MHz ( 2 Khe cắm),,,DDR4,,,,15.6,256GB,,1920 x 1080,,NVIDIA GTX," 1 x USB Type C / DisplayPort , 1 x USB 3.2 , 2 x USB 2.0 , 1 x SD card slot , LAN 1 Gb/s,  1 x HDMI "," WiFi 802.11ac , Bluetooth",,,Windows,,2.5,,,Tiki,0,,,,0.0,
237,Microsoft,18189000,0,,,,,,,,,,,,,,,,,,,,,,,,Tiki,0,,,,,
238,LG,45984000,0,i7,16GB LPDDR4X (Dual Channel),,,,,,,14.0,256GB,IPS,,HD Audio with DTS X Ultra,Intel,"HP-Out(4Pole Headset, US type), USB 3.2 Gen2x1 (x2), HDMI,  USB 4 Gen3x2 Type C (x2, with Power Delivery, Display Port, Thunderbolt 4)","Intel Wireless-AX201 (802.11ax, 2x2, Dual Band)",v5.1,HD,,313.4 x 215.2 x 16.8 mm,0.9990000000000001,72,,Tiki,0,31.3,21.5,1.7,1.0,0.0
239,Dell,38990000,0,i7,,,,DDR4,2933.0,,,,1TB,15.6'' FHD (WVA) 300Hz - IPS,,,NVIDIA RTX,,802.11ac,v5.0,,Windows,"24.5mm x 365.5mm x 254mm
2.34kg",,68,,Tiki,0,36.5,25.4,2.5,,0.0
240,Asus,23449000,0,i5, 8GB Onboard LPDDR4X ( 1 Khe cắm),,,,,,,14.0,512GB,	\IPS,,,Intel,"1 x USB 3.2 , 2 x Thunderbolt 4 , 1 x SD card slot", WiFi 802.11ax (Wifi 6),v5.0,,,,1.1,67,,Tiki,0,,,,1.0,0.0
241,Dell,25750000,0,i7,"8GB, LPDDR3, 2133 MHz, Integrated",4.9,4.9,,2133.0,,,,512GB,14.0 inch FHD (1920x1080) TrueLife Non-Touch 300nits 100%sRGB Wide Viewing Angle LED-Backlit Display,,Intel High Waves MaxxAudio Pro,Intel,3.5 mm Headphone/Microphone combination jack; 2 USB 3.1 Gen 1; 1 Thunderbolt 3 (DP/Power Delivery) Type-C; 1 HDMI 2.0,802.11ax 2x2 WiFi,Chuẩn Bluetooth Ver. 4.0,HD,Windows,,1.2,52,,Tiki,0,,,,1.0,0.0
242,Acer,12870000,0,i5,4 GB,1.0,3.6,DDR4,2400.0,,,15.6,256GB,Acer ComfyView LED LCD,1920 x 1080,,," 1 x 2.5"" SATA , 1 x M.2 NVMe",,,VGA,Windows,36.34 x 24.75 x 1.99 cm,1.7,,,Tiki,0,36.34,24.75,1.99,0.0,0.0
243,Acer,27799000,0,,,,,,,,,,,,,,,,,,,,,,,,Tiki,0,,,,,
244,Microsoft,34790000,0,,,,,,,,,,,,,,,,,,,,,,,,Tiki,0,,,,,
245,,44450000,0,i5,256GB,,4.1,,,,,13.3,,Màn mình rộng LED Retina,2560 x 1600,Stereo speakers with high dynamic range,Intel,"4 Cổng Thunderbolt 3 (USB-Type C), Cổng âm thanh 3.5mm",WIFI 802.11 ac,Bluetooth 5.0,HD,MacOS,1.49 x 30.41 x 21.24 cm,1.37,,,Tiki,0,30.41,21.24,1.49,1.0,0.0
246,,314950,0,,,,,,,,,,,,,,,,,,,,,,,,Tiki,0,,,,,
247,Acer,29899000,0,i7,8GB,,,DDR4,,,,15.6,512GB,144Hz slim benzel,1920 x 1080,Acer TrueHarmony technology; Acer Purified,NVIDIA RTX,	1 x USB Type C; 1xUSB 3.2 Gen 1 port featuring power-off USB charging; 2xUSB 3.2 Gen 1 ports; 1xEthernet (RJ-45) port; 1xHDMI 2.0,802.11 SX,V5.0,VGA,,,2.2,57,,Tiki,0,,,,0.0,0.0
